LTC(300),LTC(800),filename,
172.7853077,32.5130673,224,Li2SiP6
109.0572511,26.6986671,1433,Cs2TeO6
108.90609,26.4883649,1412,Cs2SbO6
108.9056836,26.4255747,1391,Cs2SnO6
108.6833287,26.4265686,1419,Cs2BiO6
107.1481032,26.3746595,1398,Cs2PbO6
104.839613,29.4847255,757,K2HgF6
102.8493179,29.029923,1044,Rb2HgF6
102.7954294,28.8975778,1331,Cs2HgF6
101.9511765,25.0609223,1363,Cs2TlO6
101.7712582,27.8864858,1142,Rb2TeF6
101.2891417,27.8864858,855,K2TeF6
100.8126149,27.506356,1429,Cs2TeF6
98.2381457,23.52109,1335,Cs2HgO6
95.2345869,21.7750507,841,K2BiF6
95.0245441,21.6326347,1104,Rb2SnO6
94.5956949,21.7832015,1121,Rb2SbF6
94.1949288,21.6081788,817,K2SnO6
94.1832087,21.3701286,1128,Rb2BiF6
94.1135784,21.7832015,834,K2SbF6
93.6071499,22.8344532,1048,Rb2HgO6
93.5964127,21.1793807,1415,Cs2BiF6
93.4766023,21.3785285,1408,Cs2SbF6
93.3710389,22.7862005,761,K2HgO6
92.2146169,23.2942408,1156,Cs2ZrF6
92.2003433,21.4181975,1132,Rb2BiO6
92.197187,26.5642186,1422,Cs2SeF6
92.1410546,21.4056484,1146,Rb2TeO6
91.9612571,21.1932919,845,K2BiO6
91.9525547,21.7868324,1100,Rb2SnF6
91.8268081,23.101281,869,Rb2ZrF6
91.6559629,21.3811925,859,K2TeO6
91.6302165,21.3226795,1125,Rb2SbO6
91.4038798,21.7868324,813,K2SnF6
91.1013893,21.2982236,838,K2SbO6
91.0850403,21.4674299,1111,Rb2PbO6
90.9504791,21.3952821,1387,Cs2SnF6
90.7158635,26.5179444,1135,Rb2SeF6
90.6559423,23.0677011,582,K2ZrF6
90.5451189,21.2425243,824,K2PbO6
89.6609159,25.4605945,848,K2SeF6
87.3151012,20.7005412,820,K2PbF6
86.2311578,20.1693166,1076,Rb2TlO6
85.9255132,19.944411,789,K2TlO6
85.676927,20.118243,1394,Cs2PbF6
85.1548671,20.215506,1107,Rb2PbF6
85.0387715,21.7164106,1160,Cs2ZrO6
84.2091392,21.161114,1356,Cs2InO6
84.1483228,20.7487408,1065,Rb2InF6
83.5990323,20.7965386,778,K2InF6
83.1641696,20.3599755,1352,Cs2InF6
82.9297374,20.921106,1167,Cs2HfO6
82.0115919,20.0307215,1069,Rb2InO6
81.6864237,20.0062656,782,K2InO6
81.6222476,20.4436834,1377,Cs2GeO6
81.0322519,20.4696532,1373,Cs2GeF6
80.7545076,20.435245,785,K2TlF6
80.6561491,20.2642038,1090,Rb2GeO6
80.3647295,21.7355813,1317,Cs2ZnF6
80.1688679,19.9928123,1426,Cs2SeO6
79.9923578,20.1336177,1405,Cs2AsO6
79.5071893,21.593406,1037,Rb2CdF6
79.5035106,20.1417844,803,K2GeO6
79.4723736,20.391433,1086,Rb2GeF6
79.4248761,20.4586875,873,Rb2ZrO6
79.369027,19.8133327,1139,Rb2SeO6
79.1925169,19.9541381,1118,Rb2AsO6
79.1200147,19.8529051,1359,Cs2TlF6
79.1160402,21.5391381,1002,Rb2PdF6
79.0589476,20.3330416,586,K2ZrO6
79.0250728,21.6412038,750,K2CdF6
78.889125,21.5869359,715,K2PdF6
78.8732559,21.6477918,743,K2ZnF6
78.8732559,21.593406,1030,Rb2ZnF6
78.7661556,19.9501681,1072,Rb2TlF6
78.5099043,19.3340831,799,K2GeF6
78.260124,19.6909133,852,K2SeO6
78.1306926,21.2807788,1324,Cs2CdF6
77.9851178,19.8317187,831,K2AsO6
77.7688021,21.2311934,1289,Cs2PdF6
76.7534377,20.1477219,880,Rb2HfO6
76.0893398,19.971069,593,K2HfO6
71.5043334,16.5069443,1293,Cs2PdO6
71.3493499,16.8034385,1328,Cs2CdO6
69.642306,14.9240313,174,Li2ZnS6
67.3113042,18.3417773,1254,Cs2CoF6
67.2797766,18.2813565,1275,Cs2NiF6
67.1482213,18.4754482,1233,Cs2FeF6
67.0929357,14.5836735,1321,Cs2ZnO6
66.8604993,19.3346559,184,Li2HgCl6
66.7790394,14.6183731,1041,Rb2CdO6
66.6923828,14.9221832,1212,Cs2MnF6
66.5339808,19.0151558,177,Li2CdCl6
66.10444,18.3487404,659,K2FeF6
66.0861888,15.9409153,939,Rb2ReF6
66.0152968,18.2539878,680,K2CoF6
66.0152968,18.199602,967,Rb2CoF6
66.0110137,18.8728624,1296,Cs2CuF6
66.0033084,15.9937075,897,Rb2TaF6
66.0033084,15.9562755,918,Rb2WF6
65.9837692,18.193567,701,K2NiF6
65.9837692,18.1391812,988,Rb2NiF6
65.8492387,18.2943546,946,Rb2FeF6
65.8216634,14.9578834,1191,Cs2CrF6
65.6585213,19.5023399,1240,Cs2OsF6
65.6410522,19.3525601,953,Rb2OsF6
65.6090799,14.5939172,754,K2CdO6
65.582834,14.6183731,1034,Rb2ZnO6
65.502431,18.3724394,142,Li2PdCl6
65.5021554,15.9439998,1226,Cs2ReF6
65.4811287,19.3525601,666,K2OsF6
65.4528432,14.6637222,147,Li2PdP6
65.419275,15.95936,1205,Cs2WF6
65.4108666,14.7484363,925,Rb2MnF6
65.4063344,15.996792,1184,Cs2TaF6
65.3702584,14.5080688,1006,Rb2PdO6
65.3118222,15.8015667,652,K2ReF6
65.3032667,14.4836129,719,K2PdO6
65.2319328,15.8389987,610,K2TaF6
65.2289418,15.8021191,631,K2WF6
64.894157,14.9622366,1170,Cs2VF6
64.8624278,14.4054748,747,K2ZnO6
64.4135858,18.4563331,170,Li2ZnCl6
64.3938563,14.7841365,904,Rb2CrF6
64.186071,18.1318051,974,Rb2RhF6
64.0982594,14.9278383,883,Rb2VF6
64.0887467,18.7020124,722,K2CuF6
64.0887467,18.6476266,1009,Rb2CuF6
64.0515405,18.2944419,960,Rb2RuF6
63.9698019,14.939792,1198,Cs2MoF6
63.8374812,14.9551522,1177,Cs2NbF6
63.7039545,18.1796029,687,K2RhF6
63.7020742,14.9622366,1149,Cs2TiF6
63.569424,18.3422397,673,K2RuF6
63.5645267,14.9234851,911,Rb2MoF6
63.432206,14.9388453,890,Rb2NbF6
63.4125491,13.8039313,279,Li2SeS6
63.1708128,14.8028221,638,K2MnF6
62.96755,14.7706774,932,Rb2TcF6
62.9590416,17.8675696,1261,Cs2RhF6
62.8932497,14.9278383,862,Rb2TiF6
62.8245111,18.0301191,1247,Cs2RuF6
62.6736745,18.6476266,1016,Rb2AgF6
62.6661527,15.8417812,876,Rb2HfF6
62.645357,14.8184752,645,K2TcF6
62.6278906,14.8319343,624,K2MoF6
62.4955699,14.8319343,603,K2NbF6
62.191558,18.6954244,729,K2AgF6
62.1538025,14.8385223,617,K2CrF6
62.08042,14.5502041,1219,Cs2TcF6
61.7065232,18.418309,1303,Cs2AgF6
61.5221494,15.7051638,589,K2HfF6
61.1569203,14.8275153,596,K2VF6
60.6740337,17.8414118,981,Rb2IrF6
60.6425061,17.780991,995,Rb2PtF6
60.4257587,17.8595032,694,K2IrF6
60.3942311,17.7990824,708,K2PtF6
60.3845989,13.1920263,230,Li2GeS6
60.1395455,15.3859967,1163,Cs2HfF6
59.9519106,14.8275153,575,K2TiF6
59.7922406,18.3205456,736,K2AuF6
59.7540724,14.2760752,1188,Cs2TaO6
59.2203257,17.1545977,141,Li2PdF6
59.0650501,17.0237017,176,Li2CdF6
58.8720296,17.3776617,1282,Cs2PtF6
58.741671,13.7530549,188,Li2HgS6
58.6544671,13.9489839,1230,Cs2ReO6
58.5360374,13.1396849,223,Li2SiS6
58.4575525,17.2347751,169,Li2ZnF6
58.4090092,17.4459872,1268,Cs2IrF6
58.3272007,12.7146785,258,Li2AsS6
58.3230257,14.4868179,1174,Cs2VO6
58.2590105,14.2752043,1216,Cs2MnO6
58.2586539,17.9315395,1310,Cs2AuF6
58.235678,13.974702,1209,Cs2WO6
58.1694834,12.1755464,202,Li2GaS6
58.1694834,12.1755464,237,Li2GaS6
57.9759309,17.8659641,1023,Rb2AuF6
57.8914619,14.4816072,1300,Cs2CuO6
57.8207474,13.7374236,1244,Cs2OsO6
57.6716712,13.1396276,1401,Cs2AsF6
57.5846822,14.1126888,1223,Cs2TcO6
57.5135321,14.4313354,1153,Cs2TiO6
57.500925,14.3171081,1195,Cs2CrO6
57.4943826,14.090226,1251,Cs2RuO6
57.4528031,14.1211548,1202,Cs2MoO6
57.4483313,14.1511739,1181,Cs2NbO6
57.1890529,14.2838324,1237,Cs2FeO6
56.7922024,14.4576062,1307,Cs2AgO6
56.7392333,11.8553824,132,Li2NiS6
56.7071315,14.2593516,1265,Cs2RhO6
56.6575359,14.0609827,259,Li2AsP6
56.5916203,11.8554697,111,Li2CoS6
56.5513041,16.209716,428,Na2PdF6
56.404212,16.3130543,463,Na2CdF6
56.2690978,13.7313338,181,Li2CdS6
56.2162665,12.9555579,1114,Rb2AsF6
56.1738584,12.2080225,195,Li2AlS6
55.6629599,16.2387421,456,Na2ZnF6
55.6376228,12.1473736,189,Li2HgP6
55.5787543,18.5412355,457,Na2ZnCl6
55.2611888,11.898208,827,K2AsF6
55.2291606,12.3053224,1345,Cs2GaF6
55.2291606,12.3053224,1380,Cs2GaF6
54.9548849,13.7295453,1286,Cs2PtO6
54.8752927,15.9200921,183,Li2HgF6
54.5335961,13.7249997,1314,Cs2AuO6
54.5105748,12.0459888,182,Li2CdP6
54.4496424,13.2309199,1272,Cs2IrO6
53.7616105,16.170613,470,Na2HgF6
53.7263083,13.4350519,126,Li2IrP6
53.6694464,11.7732478,175,Li2ZnP6
53.519757,12.0947086,1366,Cs2SiF6
53.4739391,12.146504,1058,Rb2GaF6
53.4739391,12.146504,1093,Rb2GaF6
53.384436,12.2008898,771,K2GaF6
53.384436,12.2008898,806,K2GaF6
53.2307056,12.1287771,1338,Cs2AlF6
52.7641631,12.8208809,901,Rb2TaO6
52.4783057,11.6098804,1258,Cs2CoO6
52.4783057,11.6304321,1279,Cs2NiO6
52.3715497,12.8208809,614,K2TaO6
52.3584017,11.8771873,1079,Rb2SiF6
52.2978115,13.7530514,105,Li2RuP6
52.1555906,11.4303873,1349,Cs2GaO6
52.1555906,11.4303873,1384,Cs2GaO6
52.094533,11.9590536,1051,Rb2AlF6
52.0020547,12.3649249,764,K2AlF6
51.9979519,11.6070537,971,Rb2CoO6
51.9979519,11.6068791,992,Rb2NiO6
51.8641146,17.0324611,275,Li2SeCl6
51.7566695,10.0171918,173,Li2ZnO6
51.723874,11.9940338,98,Li2OsP6
51.6256471,11.2301873,792,K2SiF6
51.6031688,12.510213,957,Rb2OsO6
51.5376826,9.8952096,145,Li2PdO6
51.4681823,12.510213,943,Rb2ReO6
51.4402701,12.4379593,670,K2OsO6
51.3397733,11.3965023,684,K2CoO6
51.3397733,11.3939808,705,K2NiO6
51.3052836,12.43634,656,K2ReO6
51.2949386,15.5842645,149,Li2CuCl6
51.2921665,11.4247721,1062,Rb2GaO6
51.2921665,11.4247721,1097,Rb2GaO6
51.2767778,9.3049656,180,Li2CdO6
51.2159954,12.5218304,922,Rb2WO6
51.1357403,12.3364704,56,Li2MoP6
51.0560719,12.5223828,635,K2WO6
50.677233,11.4973066,1370,Cs2SiO6
50.4286904,18.1536721,471,Na2HgCl6
50.1802883,11.2399136,775,K2GaO6
50.1802883,11.2399136,810,K2GaO6
50.1448828,11.5732616,929,Rb2MnO6
50.1011473,11.5630815,642,K2MnO6
49.8737599,10.4055064,467,Na2CdO6
49.8606705,11.2232235,1342,Cs2AlO6
49.8493804,11.5422777,1083,Rb2SiO6
49.811905,11.6261742,1013,Rb2CuO6
49.7967108,16.1430872,156,Li2AgCl6
49.7681695,11.6327941,726,K2CuO6
49.537265,11.2681946,1055,Rb2AlO6
49.5118908,11.5992205,663,K2FeO6
49.422303,11.6351552,887,Rb2VO6
49.3874534,11.6151654,908,Rb2CrO6
49.3785675,11.6972288,600,K2VO6
49.3647066,9.7069272,460,Na2ZnO6
49.3437179,11.6049853,621,K2CrO6
49.300425,11.6094006,950,Rb2FeO6
49.21695,15.0923877,107,Li2CoCl6
49.1989392,16.0353516,562,Na2SeCl6
49.1923562,15.4815992,282,Li2TeCl6
49.163318,11.6261742,1020,Rb2AgO6
49.0876984,11.2850534,796,K2SiO6
49.0822726,16.1388841,93,Li2OsCl6
49.0678905,11.6094879,964,Rb2RuO6
49.0678905,11.6094879,978,Rb2RhO6
49.0508919,15.1871403,86,Li2FeCl6
48.9992063,12.0080819,146,Li2PdS6
48.9909008,15.035265,128,Li2NiCl6
48.9276704,9.2596339,432,Na2PdO6
48.8918635,11.6327031,894,Rb2NbO6
48.8700894,11.6066994,936,Rb2TcO6
48.8303436,11.0109703,768,K2AlO6
48.7944143,11.6392446,733,K2AgO6
48.7388664,11.6151654,915,Rb2MoO6
48.7261206,11.508745,50,Li2MoF6
48.701962,11.585032,677,K2RuO6
48.701962,11.585032,691,K2RhO6
48.6103024,12.3734943,9,Li2ZrCl6
48.5646069,11.6877993,65,Li2MnCl6
48.5301146,11.508745,29,Li2NbF6
48.525935,11.6881887,607,K2NbO6
48.5041609,11.5899313,649,K2TcO6
48.3699627,11.670651,628,K2MoO6
48.3023548,13.2611181,287,Li2TeP6
48.296716,11.6424503,866,Rb2TiO6
48.2529805,11.7045239,579,K2TiO6
48.1855705,10.1462017,205,Li2InCl6
48.0777138,12.3335513,216,Li2TlS6
47.6251654,15.8054917,163,Li2AuCl6
47.1693346,15.2554917,114,Li2RhCl6
47.0485595,12.0171332,44,Li2CrCl6
46.8487167,11.2790319,999,Rb2PtO6
46.8330176,11.6947999,16,Li2HfCl6
46.6509911,12.4461484,251,Li2PbS6
46.6286021,14.8484401,135,Li2PtCl6
46.6179554,11.1387903,57,Li2WF6
46.5974665,11.2100529,712,K2PtO6
46.494849,15.4181285,100,Li2RuCl6
46.3888821,11.2733652,1027,Rb2AuO6
46.3587973,14.8684958,92,Li2OsF6
46.3542568,11.2584802,985,Rb2IrO6
46.2242892,9.2157494,474,Na2HgO6
46.1894908,11.3543423,78,Li2ReF6
46.1376319,11.2626388,740,K2AuO6
46.1030066,11.2102275,698,K2IrO6
46.1024574,11.1430307,36,Li2TaF6
46.0911463,11.7713491,252,Li2PbP6
45.9862402,13.9325244,127,Li2NiF6
45.9774663,9.9807052,198,Li2GaCl6
45.9774663,9.9807052,233,Li2GaCl6
45.9026768,13.9957719,106,Li2CoF6
45.8794334,10.5668473,64,Li2MnF6
45.8711492,14.0905245,85,Li2FeF6
45.7650793,11.5497276,217,Li2TlP6
45.6499777,11.36329,140,Li2PtP6
45.3495821,10.5291667,219,Li2SiCl6
45.109106,11.2774711,273,Li2BiP6
44.8075475,8.7101122,187,Li2HgO6
44.5497277,9.757783,247,Li2PbCl6
44.4142039,14.9694661,121,Li2IrCl6
44.3818013,10.0845854,212,Li2TlCl6
44.3703824,12.1858736,209,Li2InS6
44.2051927,11.4380825,266,Li2SbP6
44.1972223,11.4883309,280,Li2SeP6
44.1234233,10.5713259,71,Li2TcF6
44.1033645,11.963176,2,Li2TiCl6
44.0744213,9.8861701,191,Li2AlCl6
44.0559621,10.3628065,20,Li2HfS6
44.0409005,9.8100466,261,Li2SbCl6
44.0332359,14.0950904,99,Li2RuF6
44.0332359,13.9324536,113,Li2RhF6
44.0294417,10.4459394,323,Na2TaF6
43.938476,10.7022152,43,Li2CrF6
43.937394,11.7241322,245,Li2SnP6
43.9070722,9.5864177,254,Li2AsCl6
43.8246289,14.1893448,148,Li2CuF6
43.6977439,11.4009408,119,Li2RhP6
43.6280189,9.6370114,226,Li2GeCl6
43.4963007,13.3725908,393,Na2CoF6
43.38457,10.4088787,231,Li2GeP6
43.3722948,13.31217,414,Na2NiF6
43.3302426,13.4981572,372,Na2FeF6
43.2204132,13.9816568,155,Li2AgF6
43.163812,10.4946911,1,Li2TiF6
43.163812,10.6912082,22,Li2VF6
43.0286246,11.2412291,37,Li2TaCl6
42.9706099,10.3446733,79,Li2ReCl6
42.8930062,16.1266208,450,Na2AuCl6
42.7064146,13.8989094,379,Na2OsF6
42.6795669,9.9522389,351,Na2MnF6
42.582802,10.8117102,72,Li2TcCl6
42.5629358,10.3809078,344,Na2WF6
42.5371081,10.3803554,365,Na2ReF6
42.5327346,11.0998229,58,Li2WCl6
42.4628817,11.2938171,510,Na2SiS6
42.3439258,11.7720373,30,Li2NbCl6
41.9612937,11.6500826,272,Li2BiS6
41.8028342,10.4755576,13,Li2ZrS6
41.6631267,10.4322283,210,Li2InP6
41.5271806,9.7735417,330,Na2CrF6
41.509111,9.6443541,8,Li2ZrF6
41.4586119,12.9848325,400,Na2RhF6
41.4548923,13.6463457,120,Li2IrF6
41.4408771,9.3450535,168,Li2AuP6
41.4053058,16.435615,436,Na2CuCl6
41.3525297,9.3947071,240,Li2SnCl6
41.3308864,13.5830982,134,Li2PtF6
41.2959376,9.5814784,62,Li2WS6
41.222071,13.586336,435,Na2CuF6
41.2142293,9.5750355,41,Li2TaS6
41.1064911,9.6306355,295,Na2ZrF6
41.0097233,8.6720725,21,Li2HfP6
40.9536487,9.6415552,316,Na2NbF6
40.7952266,13.147382,386,Na2RuF6
40.7807219,9.4929969,161,Li2AgP6
40.723507,9.3553951,154,Li2CuP6
40.7209462,11.1190973,203,Li2GaP6
40.7209462,11.1190973,238,Li2GaP6
40.7185454,8.3889767,33,Li2NbO6
40.7133554,13.6373844,162,Li2AuF6
40.7125651,8.4924088,84,Li2ReP6
40.6836958,8.3777789,54,Li2MoO6
40.5569926,11.3485618,23,Li2VCl6
40.5182869,9.7625347,309,Na2VF6
40.4397843,7.4832294,197,Li2GaF6
40.4397843,7.4832294,232,Li2GaF6
40.4381623,10.0371474,265,Li2SbS6
40.2989274,8.8767363,14,Li2ZrP6
40.0065356,9.6236175,358,Na2TcF6
39.9219991,10.1897735,34,Li2NbS6
39.8537371,13.2711199,442,Na2AgF6
39.8536932,9.6370766,337,Na2MoF6
39.8467424,7.7868337,218,Li2SiF6
39.6930796,10.1866726,55,Li2MoS6
39.5773826,9.3051681,15,Li2HfF6
39.5475069,9.9769321,288,Na2TiF6
39.5310058,8.1215981,63,Li2WP6
39.4643005,9.2865304,133,Li2NiP6
39.4206992,8.3419497,42,Li2TaP6
39.3672887,9.8453367,506,Na2SiCl6
39.313123,7.8176978,190,Li2AlF6
39.1311131,10.4087579,160,Li2AgS6
39.0982631,13.9547629,422,Na2PtCl6
39.0675039,9.258915,83,Li2ReS6
39.0138121,9.9426032,167,Li2AuS6
38.9593091,9.4199489,77,Li2TcP6
38.9492636,9.2865304,112,Li2CoP6
38.8855669,9.3270714,97,Li2OsS6
38.8689224,10.8970776,51,Li2MoCl6
38.8546305,13.2382961,568,Na2TeF6
38.8114648,9.1061013,28,Li2VP6
38.7348534,9.2436517,302,Na2HfF6
38.6964866,11.3897432,244,Li2SnS6
38.6683777,10.4043455,196,Li2AlP6
38.4947205,7.1389573,131,Li2NiO6
38.4825803,7.1391319,110,Li2CoO6
38.3791274,8.7400172,513,Na2GeCl6
38.2739817,9.4126493,91,Li2FeP6
38.2368382,8.9441212,35,Li2NbP6
38.1423081,9.3599104,70,Li2MnP6
38.1009273,9.384013,49,Li2CrP6
38.004764,12.6508395,407,Na2IrF6
37.8959018,12.5051341,281,Li2TeF6
37.8857696,9.6430903,125,Li2IrS6
37.882254,6.6940331,204,Li2InF6
37.8807581,12.5903314,421,Na2PtF6
37.7492584,8.6706158,268,Li2BiCl6
37.7101772,8.4186453,541,Na2AsCl6
37.6889092,7.8349237,82,Li2ReO6
37.6443671,15.4084194,415,Na2NiCl6
37.5707687,7.8501951,40,Li2TaO6
37.5679453,7.8433897,61,Li2WO6
37.5633382,7.504761,96,Li2OsO6
37.4293827,13.1396476,561,Na2SeF6
37.4000393,9.7165041,545,Na2AsS6
37.3377008,10.5413535,286,Li2TeS6
37.3041537,9.8963819,104,Li2RuS6
37.1433916,12.8823478,449,Na2AuF6
36.981746,15.5521701,1010,Rb2CuCl6
36.9754833,8.8767363,7,Li2TiP6
36.9083286,15.5780769,394,Na2CoCl6
36.8824373,10.1072431,6,Li2TiS6
36.8461813,9.6793,139,Li2PtS6
36.8364335,12.5862942,274,Li2SeF6
36.7203046,9.4378281,478,Na2AlCl6
36.6858392,7.4214258,68,Li2MnO6
36.5848415,9.6125371,485,Na2GaCl6
36.5848415,9.6125371,520,Na2GaCl6
36.3326263,15.270199,1297,Cs2CuCl6
36.275729,15.2703993,1024,Rb2AuCl6
36.217779,6.7840312,491,Na2InF6
36.2177523,15.2342753,1311,Cs2AuCl6
36.1247276,15.2696215,1304,Cs2AgCl6
36.1212762,14.9545952,739,K2AuI6
36.1202687,14.9544668,725,K2CuI6
36.1023274,13.8748627,164,Li2AuBr6
35.9521053,7.2325894,103,Li2RuO6
35.9397845,6.5886713,397,Na2CoO6
35.9397845,6.626023,418,Na2NiO6
35.8888347,7.2298009,75,Li2TcO6
35.8747435,6.7563975,484,Na2GaF6
35.8747435,6.7563975,519,Na2GaF6
35.8348164,7.5755247,26,Li2VO6
35.8268218,6.9281458,117,Li2RhO6
35.8009488,7.3037524,5,Li2TiO6
35.7239048,7.263249,159,Li2AgO6
35.7137172,7.2317519,47,Li2CrO6
35.5896243,7.1044323,89,Li2FeO6
35.5413657,9.8058575,153,Li2CuS6
35.5105369,6.4316301,253,Li2AsF6
35.4837505,9.8450539,76,Li2TcS6
35.4784649,17.6667271,443,Na2AgCl6
35.4147369,6.9105957,495,Na2InO6
35.4147161,9.6667643,118,Li2RhS6
35.3409631,7.1263294,152,Li2CuO6
35.1225016,15.5942868,723,K2CuCl6
35.113925,11.8789895,304,Na2HfBr6
35.0641056,11.8784177,297,Na2ZrBr6
35.0361105,15.1050634,563,Na2SeBr6
34.9865224,15.5730193,730,K2AgCl6
34.9661462,6.2656722,225,Li2GeF6
34.7450592,7.8763261,383,Na2OsO6
34.6726203,6.7033119,477,Na2AlF6
34.6623535,6.6725351,505,Na2SiF6
34.6175765,6.1115588,488,Na2GaO6
34.6175765,6.1115588,523,Na2GaO6
34.6075535,7.8788314,369,Na2ReO6
34.5820977,6.812837,194,Li2AlO6
34.548001,9.9250752,27,Li2VS6
34.5440803,15.2687609,737,K2AuCl6
34.5184211,8.0288145,327,Na2TaO6
34.4251318,7.970478,348,Na2WO6
34.379283,5.8095904,201,Li2GaO6
34.379283,5.8095904,236,Li2GaO6
34.3630366,6.3502453,530,Na2SnO6
34.2660292,9.7300458,90,Li2FeS6
34.2433778,6.1769669,516,Na2GeO6
34.2002266,15.0881303,570,Na2TeBr6
34.0360647,13.0115308,165,Li2AuI6
33.9712573,6.439933,222,Li2SiO6
33.9427831,13.0491404,452,Na2AuI6
33.8664313,6.5651704,554,Na2BiF6
33.7390358,6.5525323,355,Na2MnO6
33.6931429,9.7255125,48,Li2CrS6
33.6567323,7.4484634,313,Na2VO6
33.4235408,13.102334,151,Li2CuI6
33.4226618,6.5519299,12,Li2ZrO6
33.4180158,13.1012842,158,Li2AgI6
33.3636582,13.0617381,445,Na2AgI6
33.3469166,13.1522699,438,Na2CuI6
33.2730979,6.1034255,267,Li2BiF6
33.2422576,6.5886713,376,Na2FeO6
33.2312956,16.3345902,464,Na2CdCl6
33.1639158,6.4084003,540,Na2AsF6
33.1110621,6.1839528,481,Na2AlO6
33.0768966,6.4617694,509,Na2SiO6
33.0726051,7.2832132,390,Na2RuO6
33.0726051,7.2832132,404,Na2RhO6
33.0040764,6.6222449,439,Na2CuO6
33.0018518,6.085899,229,Li2GeO6
32.9816064,6.4153311,334,Na2CrO6
32.9130444,9.6994628,69,Li2MnS6
32.9005423,6.4083823,533,Na2PbF6
32.874804,7.2845493,362,Na2TcO6
32.8720803,6.5683265,138,Li2PtO6
32.8713368,6.5685011,124,Li2IrO6
32.8706488,5.9552406,246,Li2PbF6
32.8410908,16.314623,429,Na2PdCl6
32.7810925,7.2623525,299,Na2ZrO6
32.7732271,6.5397611,547,Na2SbF6
32.7491358,6.4619053,526,Na2SnF6
32.7406058,7.2930153,341,Na2MoO6
32.736134,7.2951928,320,Na2NbO6
32.7315443,6.4088443,498,Na2TlF6
32.7027224,6.0388801,211,Li2TlF6
32.6705975,7.3208241,446,Na2AgO6
32.5311453,7.6275684,292,Na2TiO6
32.5015718,7.0047663,537,Na2PbO6
32.4448225,6.5628303,166,Li2AuO6
32.414254,6.9160248,558,Na2BiO6
32.2847817,14.4615744,373,Na2FeCl6
32.2767884,6.0889723,260,Li2SbF6
32.229004,6.0041745,239,Li2SnF6
32.1879104,13.8955557,157,Li2AgBr6
32.0979369,15.2834808,1017,Rb2AgCl6
31.9870613,5.8503891,565,Na2SeO6
31.9319791,5.8576305,544,Na2AsO6
31.8962766,13.8961925,150,Li2CuBr6
31.8858336,6.3179064,512,Na2GeF6
31.8421952,14.9543433,732,K2AgI6
31.7703922,14.9545952,1026,Rb2AuI6
31.7504203,14.9541441,1019,Rb2AgI6
31.7503333,14.9543433,1012,Rb2CuI6
31.7352982,14.9483323,1313,Cs2AuI6
31.7273249,15.0900503,738,K2AuBr6
31.7252855,15.0898215,731,K2AgBr6
31.7250559,15.0897328,724,K2CuBr6
31.7153939,15.0900721,1025,Rb2AuBr6
31.7133179,14.9448336,1306,Cs2AgI6
31.7132293,14.9449441,1299,Cs2CuI6
31.7130235,15.0897328,1011,Rb2CuBr6
31.7129179,15.0897328,1018,Rb2AgBr6
31.7124881,14.9459048,1312,Cs2AuBr6
31.7104453,15.0359033,1305,Cs2AgBr6
31.7103412,15.0360138,1298,Cs2CuBr6
31.5900017,6.5849574,502,Na2TlO6
31.5304422,14.9100655,472,Na2HgBr6
31.373868,5.547895,208,Li2InO6
31.1165887,15.2023123,437,Na2CuBr6
30.9463189,5.9595009,572,Na2TeO6
30.9152293,5.9105299,551,Na2SbO6
30.3482878,5.8824522,243,Li2SnO6
30.3273989,5.7825679,257,Li2AsO6
30.2907478,6.2055276,19,Li2HfO6
30.2491493,15.0049078,451,Na2AuBr6
30.2481896,15.1799571,444,Na2AgBr6
30.1212377,6.9014667,411,Na2IrO6
29.7782905,6.8787445,306,Na2HfO6
29.4996019,5.4409578,566,Na2SeS6
29.4779862,5.907489,425,Na2PtO6
29.0181516,5.9019096,453,Na2AuO6
28.5390038,15.5892763,569,Na2TeCl6
28.5132749,5.9762524,250,Li2PbO6
28.3276681,5.4543274,278,Li2SeO6
28.1436095,5.8830323,271,Li2BiO6
28.0058231,13.899145,380,Na2OsCl6
27.9719529,13.8048337,408,Na2IrCl6
27.9163419,10.4171018,366,Na2ReCl6
27.5527936,5.5605681,215,Li2TlO6
27.3088459,10.6818881,73,Li2TcBr6
27.2097854,10.4252622,359,Na2TcCl6
26.6662508,5.4427368,264,Li2SbO6
26.5916147,10.7984072,352,Na2MnCl6
26.3812182,5.4014567,285,Li2TeO6
25.9048849,5.109749,475,Na2HgS6
24.6476529,14.1126072,1423,Cs2SeCl6
24.5375514,6.4003144,461,Na2ZnS6
24.2126185,8.1407395,940,Rb2ReCl6
24.1381936,11.4947661,954,Rb2OsCl6
24.103548,10.3494111,94,Li2OsBr6
24.0836013,8.1305431,1220,Cs2TcCl6
24.0668691,10.0089873,1157,Cs2ZrCl6
24.0600929,9.8339201,1164,Cs2HfCl6
24.0174337,8.1147535,1227,Cs2ReCl6
23.966113,2.8298402,542,Na2AsBr6
23.9417794,2.8137675,556,Na2BiBr6
23.9205149,2.8136022,549,Na2SbBr6
23.8630365,11.4662103,1241,Cs2OsCl6
23.8503495,10.2458658,122,Li2IrBr6
23.789235,11.3693401,982,Rb2IrCl6
23.7166277,8.134932,655,K2ReI6
23.608538,11.218566,996,Rb2PtCl6
23.6075624,14.5436081,849,K2SeCl6
23.5866702,11.4952425,669,K2OsI6
23.5595646,8.114047,578,K2TiI6
23.5577489,8.0855066,599,K2VI6
23.5411509,11.1897209,1283,Cs2PtCl6
23.5140779,11.340274,1269,Cs2IrCl6
23.4982911,8.0739599,641,K2MnI6
23.4325896,14.3198458,1136,Rb2SeCl6
23.3750262,13.2493178,1430,Cs2TeCl6
23.3280782,11.3876912,697,K2IrI6
23.3032133,10.2186507,136,Li2PtBr6
23.2618497,9.8224508,1206,Cs2WCl6
23.163071,11.2981349,711,K2PtI6
22.992433,8.2822163,576,K2TiCl6
22.9419963,8.1587735,653,K2ReCl6
22.9023139,9.7138544,919,Rb2WCl6
22.8989422,13.9352782,387,Na2RuCl6
22.8898171,10.6771216,303,Na2HfCl6
22.8801348,13.7727287,401,Na2RhCl6
22.8675714,11.5202091,667,K2OsCl6
22.8224599,9.5303581,277,Li2SeI6
22.8158043,10.1685436,583,K2ZrCl6
22.7778459,8.2711722,863,Rb2TiCl6
22.7156652,10.9339829,564,Na2SeI6
22.5858368,10.8367395,331,Na2CrCl6
22.5744177,11.4300609,695,K2IrCl6
22.4458218,13.4786158,1045,Rb2HgCl6
22.4188173,8.2910917,646,K2TcCl6
22.3749475,11.3339049,709,K2PtCl6
22.3682402,8.3136919,597,K2VCl6
22.3206324,8.4084429,639,K2MnCl6
22.3024761,10.8652387,296,Na2ZrCl6
22.197927,9.3243808,289,Na2TiCl6
22.0954469,13.5695077,856,K2TeCl6
22.0417863,8.2927618,884,Rb2VCl6
22.0274043,8.389611,926,Rb2MnCl6
21.9053051,6.2092448,17,Li2HfBr6
21.8728451,6.1983716,80,Li2ReBr6
21.6229018,9.3462769,310,Na2VCl6
21.4837187,2.656788,500,Na2TlBr6
21.468492,2.6573044,493,Na2InBr6
21.3997366,2.6052494,514,Na2GeBr6
21.3956661,2.5877874,535,Na2PbBr6
21.3737796,2.58807,528,Na2SnBr6
21.1919057,9.7590489,632,K2WCl6
21.1376303,9.8752142,590,K2HfCl6
21.0839159,10.0285844,870,Rb2ZrCl6
20.8979796,6.1749422,368,Na2ReI6
20.8855114,9.5405581,95,Li2OsI6
20.8849146,6.2262116,18,Li2HfI6
20.8728444,7.6857595,305,Na2HfI6
20.8249858,6.1802476,81,Li2ReI6
20.7860756,7.6756412,298,Na2ZrI6
20.7725971,6.2945496,11,Li2ZrI6
20.7684235,6.2371668,74,Li2TcI6
20.7680221,9.580176,382,Na2OsI6
20.7679124,6.3643397,312,Na2VI6
20.7565998,6.1530772,361,Na2TcI6
20.7287116,6.3789031,291,Na2TiI6
20.7124585,6.2577346,354,Na2MnI6
20.704223,6.2067981,67,Li2MnI6
20.6758966,9.8634527,877,Rb2HfCl6
20.6331705,9.4396702,123,Li2IrI6
20.6296301,6.2468852,4,Li2TiI6
20.6278554,6.2183448,25,Li2VI6
20.6143659,9.4024855,284,Li2TeI6
20.5156812,9.4828001,410,Na2IrI6
20.512692,10.2657792,283,Li2TeBr6
20.4974411,13.0093907,851,K2SeI6
20.468297,9.3536259,137,Li2PtI6
20.4343975,8.1269528,1150,Cs2TiCl6
20.4137107,12.9479125,760,K2HgI6
20.3770421,9.3923639,424,Na2PtI6
20.2024174,11.6234005,947,Rb2FeCl6
20.1993306,9.9845803,591,K2HfBr6
20.158736,11.7463798,968,Rb2CoCl6
20.1393459,11.6719975,989,Rb2NiCl6
20.0837712,9.7775082,592,K2HfI6
20.0293673,9.9244026,878,Rb2HfBr6
20.0271821,9.8333093,1165,Cs2HfBr6
20.0151464,9.7856001,879,Rb2HfI6
19.9931629,8.1341539,933,Rb2TcCl6
19.9853427,9.7752071,1166,Cs2HfI6
19.9754723,8.2035135,898,Rb2TaCl6
19.9584303,9.9473282,584,K2ZrBr6
19.9491509,9.7636758,585,K2ZrI6
19.9294072,8.2808572,577,K2TiBr6
19.877942,9.8891108,871,Rb2ZrBr6
19.8765005,9.8803042,1158,Cs2ZrBr6
19.8763753,13.4423813,1332,Cs2HgCl6
19.8646057,9.7637118,872,Rb2ZrI6
19.8585927,8.2130863,864,Rb2TiBr6
19.8575477,8.1908326,1151,Cs2TiBr6
19.846156,8.1112432,865,Rb2TiI6
19.8338781,9.739662,1159,Cs2ZrI6
19.8302195,8.1655526,1178,Cs2NbCl6
19.8259886,8.1391647,1199,Cs2MoCl6
19.816297,8.1007139,1152,Cs2TiI6
19.7787922,8.1739809,1185,Cs2TaCl6
19.7525255,8.1202539,1171,Cs2VCl6
19.7446713,11.8913579,1031,Rb2ZnCl6
19.7013908,8.2127324,1213,Cs2MnCl6
19.5858096,6.9792087,66,Li2MnBr6
19.3960487,8.2832633,654,K2ReBr6
19.370313,11.382756,1248,Cs2RuCl6
19.370313,11.3180298,1262,Cs2RhCl6
19.3700391,8.134932,942,Rb2ReI6
19.3692636,8.2816893,941,Rb2ReBr6
19.3557434,6.6038205,59,Li2WBr6
19.3422963,8.1265997,1229,Cs2ReI6
19.322247,8.1375251,1228,Cs2ReBr6
19.2867597,8.085178,620,K2CrI6
19.2322304,8.2523168,598,K2VBr6
19.2313869,11.4952425,956,Rb2OsI6
19.2305177,11.6435507,668,K2OsBr6
19.2190465,8.1018459,648,K2TcI6
19.2124289,11.6419767,955,Rb2OsBr6
19.1768058,11.4869383,1243,Cs2OsI6
19.1728131,8.2406814,640,K2MnBr6
19.1654528,11.4973016,1242,Cs2OsBr6
19.16247,8.2580339,647,K2TcBr6
19.1589009,8.1845459,885,Rb2VBr6
19.1578559,8.1622188,1172,Cs2VBr6
19.1489382,8.0827028,886,Rb2VI6
19.1436963,11.408851,662,K2FeI6
19.1434573,8.2565486,934,Rb2TcBr6
19.141739,13.263019,1143,Rb2TeCl6
19.1335889,8.1892982,1221,Cs2TcBr6
19.132776,8.1016467,935,Rb2TcI6
19.1166913,8.0721735,1173,Cs2VI6
19.1068319,8.2192908,927,Rb2MnBr6
19.0994781,8.099145,1222,Cs2TcI6
19.0964392,8.1520404,1214,Cs2MnBr6
19.0894804,8.0711561,928,Rb2MnI6
19.0865511,11.609557,1318,Cs2ZnCl6
19.0827622,12.998142,858,K2TeI6
19.0626989,8.0619951,1215,Cs2MnI6
19.0582939,10.2661496,276,Li2SeBr6
18.9787298,11.3841792,984,Rb2IrI6
18.9523048,11.3624849,704,K2NiI6
18.9423319,11.5197422,696,K2IrBr6
18.9390645,11.3624849,683,K2CoI6
18.9242348,11.3753103,1271,Cs2IrI6
18.9154751,11.5176061,983,Rb2IrBr6
18.9149301,11.6146525,1290,Cs2PdCl6
18.9128818,11.3734931,1270,Cs2IrBr6
18.8873524,11.6435347,1325,Cs2CdCl6
18.8544469,11.2947492,746,K2ZnI6
18.8510047,13.1924553,850,K2SeBr6
18.8499817,10.1826097,185,Li2HgBr6
18.8460782,13.1475415,857,K2TeBr6
18.8252073,12.9624691,1145,Rb2TeI6
18.8223823,13.0080581,1138,Rb2SeI6
18.8145667,11.2966903,998,Rb2PtI6
18.783221,11.4321454,710,K2PtBr6
18.7754119,11.2889551,1285,Cs2PtI6
18.7651598,12.9862851,1425,Cs2SeI6
18.7613291,13.1475169,1144,Rb2TeBr6
18.7563642,11.4306819,997,Rb2PtBr6
18.7515378,11.2867075,1284,Cs2PtBr6
18.7486816,13.1796411,1137,Rb2SeBr6
18.7482855,13.1263959,1424,Cs2SeBr6
18.7422982,12.9407588,1432,Cs2TeI6
18.7392977,13.0808977,1431,Cs2TeBr6
18.3550683,11.6526865,660,K2FeCl6
18.3550683,11.7748083,681,K2CoCl6
18.3356782,11.7101837,702,K2NiCl6
18.2639083,8.3353237,290,Na2TiBr6
18.2310169,13.4953509,758,K2HgCl6
18.1940806,6.2029395,10,Li2ZrBr6
18.1885611,6.1936701,3,Li2TiBr6
18.1640627,8.3260335,604,K2NbCl6
18.1640214,8.2997133,625,K2MoCl6
18.1140538,8.3040828,618,K2CrCl6
18.0841729,11.6493849,674,K2RuCl6
18.0841729,11.5845714,688,K2RhCl6
17.9514129,11.9380374,744,K2ZnCl6
17.8171634,11.9461943,751,K2CdCl6
17.7838334,9.146696,466,Na2CdI6
17.7828906,9.0112333,324,Na2TaCl6
17.7789288,10.7855283,473,Na2HgI6
17.7726084,8.2700069,905,Rb2CrCl6
17.6732004,8.3361516,367,Na2ReBr6
17.6367729,11.9175601,716,K2PdCl6
17.6305672,6.208624,38,Li2TaBr6
17.6053995,8.3478823,360,Na2TcBr6
17.5917125,11.6965726,381,Na2OsBr6
17.5831669,8.3162503,311,Na2VBr6
17.5552927,6.1984134,24,Li2VBr6
17.5140028,8.3056378,353,Na2MnBr6
17.3424061,11.5955971,409,Na2IrBr6
17.3335428,11.3463923,423,Na2PtBr6
17.3018877,9.163088,345,Na2WCl6
17.1868091,6.189067,60,Li2WI6
17.0720382,9.3129739,338,Na2MoCl6
16.8788083,9.008716,317,Na2NbCl6
16.6809398,6.3117775,347,Na2WI6
16.667926,5.9967039,326,Na2TaI6
16.5899508,6.3099653,340,Na2MoI6
16.576937,5.9997856,319,Na2NbI6
16.5518486,6.1901151,39,Li2TaI6
16.4988616,6.2690632,333,Na2CrI6
16.4926916,6.2180162,46,Li2CrI6
16.4572903,6.266039,53,Li2MoI6
16.4467793,9.5417971,88,Li2FeI6
16.4398258,6.2662909,32,Li2NbI6
16.3636222,9.5333261,102,Li2RuI6
16.3581584,9.5951526,375,Na2FeI6
16.2928404,9.4004999,186,Li2HgI6
16.283306,9.5097613,116,Li2RhI6
16.2615184,9.5089075,130,Li2NiI6
16.2542519,10.7999235,571,Na2TeI6
16.2424637,9.5089075,109,Li2CoI6
16.2168246,9.470595,403,Na2RhI6
16.2167759,9.4337276,389,Na2RuI6
16.1921359,9.7012364,417,Na2NiI6
16.1632844,13.1379361,1046,Rb2HgBr6
16.1604067,13.0096653,1333,Cs2HgBr6
16.1589292,9.4423932,144,Li2PdI6
16.1534194,9.7012364,396,Na2CoI6
16.1490985,8.215275,611,K2TaCl6
16.1427997,13.1238412,759,K2HgBr6
16.1410255,9.4411718,172,Li2ZnI6
16.1379124,9.4404844,179,Li2CdI6
16.1361915,8.1816031,891,Rb2NbCl6
16.1322895,8.1552152,912,Rb2MoCl6
16.1045864,9.4028471,431,Na2PdI6
16.0871782,9.6327521,459,Na2ZnI6
15.5310426,11.408931,1234,Cs2FeCl6
15.4805308,8.097499,1192,Cs2CrCl6
15.4546544,6.9818777,45,Li2CrBr6
15.3595307,11.3247207,975,Rb2RhCl6
15.3474436,11.3894469,961,Rb2RuCl6
15.2767602,3.7547767,546,Na2AsP6
15.232371,11.5001743,1255,Cs2CoCl6
15.2297291,11.425792,1276,Cs2NiCl6
15.2246806,10.270686,115,Li2RhBr6
15.2245914,10.267174,101,Li2RuBr6
15.2144912,8.1437514,634,K2WI6
15.1928664,8.1454847,613,K2TaI6
15.1447431,8.275813,612,K2TaBr6
15.136955,8.1437514,921,Rb2WI6
15.1365138,8.2905743,633,K2WBr6
15.1321167,8.230801,899,Rb2TaBr6
15.1301857,8.1482966,1186,Cs2TaBr6
15.1241863,8.1454847,900,Rb2TaI6
15.1241851,8.2455623,920,Rb2WBr6
15.1083447,8.1354191,1208,Cs2WI6
15.0964435,8.1371719,1187,Cs2TaI6
15.0684722,8.1463445,1207,Cs2WBr6
15.054068,8.1350567,606,K2NbI6
15.0487626,4.2641826,419,Na2NiS6
15.0438658,8.1306076,627,K2MoI6
15.0366224,4.1967517,398,Na2CoS6
14.9888374,10.2411288,143,Li2PdBr6
14.9878256,8.2617843,605,K2NbBr6
14.9834585,8.2788271,626,K2MoBr6
14.9743178,8.2033405,892,Rb2NbBr6
14.9731771,8.1946073,1179,Cs2NbBr6
14.9704212,3.9474072,517,Na2GeS6
14.9674152,8.1315447,893,Rb2NbI6
14.9645729,8.2324185,913,Rb2MoBr6
14.9634008,8.2101145,1200,Cs2MoBr6
14.9612412,8.2518995,619,K2CrBr6
14.9575953,8.1305189,914,Rb2MoI6
14.9349966,10.2387301,178,Li2CdBr6
14.9342849,8.1208984,1180,Cs2NbI6
14.9242974,8.1199613,1201,Cs2MoI6
14.8887364,4.1832557,440,Na2CuS6
14.8882469,8.2290236,906,Rb2CrBr6
14.8881394,11.6285118,1003,Rb2PdCl6
14.8868667,8.1618902,1193,Cs2CrBr6
14.877949,8.0823742,907,Rb2CrI6
14.8611833,11.6571449,1038,Rb2CdCl6
14.8538794,10.3162952,87,Li2FeBr6
14.8500437,11.5800433,661,K2FeBr6
14.8455345,8.0717279,1194,Cs2CrI6
14.795871,10.2704527,129,Li2NiBr6
14.7348856,11.408617,949,Rb2FeI6
14.7345368,11.5568908,948,Rb2FeBr6
14.732185,11.4896404,1235,Cs2FeBr6
14.7243598,11.3723209,676,K2RuI6
14.7187032,11.364265,690,K2RhI6
14.7182683,11.3876306,963,Rb2RuI6
14.7013539,3.6958242,518,Na2GeP6
14.6886747,11.399592,1236,Cs2FeI6
14.6727965,11.5196816,675,K2RuBr6
14.661405,10.2704527,108,Li2CoBr6
14.6547959,11.5217083,962,Rb2RuBr6
14.6500896,11.3771011,1250,Cs2RuI6
14.6486434,11.5210425,682,K2CoBr6
14.6431708,11.4674675,1249,Cs2RuBr6
14.6288991,11.3640658,977,Rb2RhI6
14.6240641,10.2386329,171,Li2ZnBr6
14.6140898,11.518608,703,K2NiBr6
14.5962245,11.4996288,689,K2RhBr6
14.5944469,11.2970204,718,K2PdI6
14.5905175,11.296137,753,K2CdI6
14.5867858,11.3535363,1264,Cs2RhI6
14.5856824,11.3623895,991,Rb2NiI6
14.5785591,11.4974709,976,Rb2RhBr6
14.5665173,11.4437922,1263,Cs2RhBr6
14.5665072,11.3623895,970,Rb2CoI6
14.5491207,11.4971862,990,Rb2NiBr6
14.5484414,11.3526638,1278,Cs2NiI6
14.546855,11.4435949,1277,Cs2NiBr6
14.5299455,11.4978588,969,Rb2CoBr6
14.5292662,11.3532285,1257,Cs2CoI6
14.5276798,11.4435949,1256,Cs2CoBr6
14.5162381,11.4325013,717,K2PdBr6
14.5048724,11.2953766,1005,Rb2PdI6
14.499064,11.2959509,1040,Rb2CdI6
14.4985727,11.431016,1004,Rb2PdBr6
14.4898185,11.2947492,1033,Rb2ZnI6
14.4865227,12.9471237,1047,Rb2HgI6
14.4736499,12.940753,1334,Cs2HgI6
14.4715731,11.4149845,752,K2CdBr6
14.4620176,11.4300152,745,K2ZnBr6
14.4588509,11.2865213,1327,Cs2CdI6
14.4584967,11.4148958,1039,Rb2CdBr6
14.4558439,11.3611397,1326,Cs2CdBr6
14.4507966,11.2860973,1292,Cs2PdI6
14.4500168,11.28535,1320,Cs2ZnI6
14.4499852,11.4300152,1032,Rb2ZnBr6
14.4478301,11.376933,1291,Cs2PdBr6
14.4471758,11.3762962,1319,Cs2ZnBr6
14.0863774,4.1496198,377,Na2FeS6
14.0525617,11.6461227,374,Na2FeBr6
14.042106,2.5604423,548,Na2SbCl6
14.0164395,11.6004879,416,Na2NiBr6
13.9059928,4.61715,371,Na2ReP6
13.8639389,11.6004879,395,Na2CoBr6
13.8631637,11.5416532,458,Na2ZnBr6
13.5171173,3.8070781,482,Na2AlS6
13.4175277,8.3423389,346,Na2WBr6
13.4070264,8.3462909,325,Na2TaBr6
13.3506244,8.354042,318,Na2NbBr6
13.3497268,8.3531897,339,Na2MoBr6
13.3467121,1.8249306,255,Li2AsBr6
13.3020075,8.3162503,332,Na2CrBr6
13.2874876,6.2137229,31,Li2NbBr6
13.2740928,6.2137229,52,Li2MoBr6
13.1776841,3.754168,483,Na2AlP6
13.133124,11.6168772,388,Na2RuBr6
13.0642664,11.5235747,430,Na2PdBr6
13.0602594,4.5666337,269,Li2BiBr6
13.0250746,11.5773456,402,Na2RhBr6
13.0026627,11.5213552,465,Na2CdBr6
12.9915331,3.8386007,511,Na2SiP6
12.9060807,4.9769189,349,Na2WS6
12.6816964,3.7606667,567,Na2SeP6
12.6661293,5.012565,321,Na2NbS6
12.5961116,2.0264099,555,Na2BiCl6
12.4587218,2.1503486,492,Na2InCl6
12.1950761,3.081555,489,Na2GaS6
12.1950761,3.081555,524,Na2GaS6
11.0933267,2.0784653,534,Na2PbCl6
11.0010127,2.13966,499,Na2TlCl6
10.5486486,2.0922632,527,Na2SnCl6
9.4042499,0.6769949,828,K2AsCl6
8.997071,0.6523213,835,K2SbCl6
8.5648104,1.3720174,220,Li2SiBr6
7.0567494,0.4247874,1115,Rb2AsCl6
6.1991036,0.3068485,837,K2SbI6
6.1958604,0.2967437,844,K2BiI6
6.0835945,0.3138648,1122,Rb2SbCl6
6.0443311,0.2987111,1402,Cs2AsCl6
6.0297548,0.2964757,1409,Cs2SbCl6
5.9696477,0.2964117,842,K2BiCl6
5.9602925,0.2578824,830,K2AsI6
5.9404393,0.2606952,836,K2SbBr6
5.9381873,0.260786,843,K2BiBr6
5.9345208,0.2592658,829,K2AsBr6
5.9221144,0.2979911,1129,Rb2BiCl6
5.9197477,0.2602992,1131,Rb2BiI6
5.8971477,0.2589166,1124,Rb2SbI6
5.8697131,0.2585377,1117,Rb2AsI6
5.8674012,0.2607111,1123,Rb2SbBr6
5.8647776,0.2580045,1416,Cs2BiCl6
5.8604805,0.254403,1418,Cs2BiI6
5.8530869,0.2608906,1130,Rb2BiBr6
5.8522163,0.2513729,1410,Cs2SbBr6
5.8511668,0.2514767,1417,Cs2BiBr6
5.844126,0.2603309,1116,Rb2AsBr6
5.8436499,0.2511591,1411,Cs2SbI6
5.843466,0.2504382,1404,Cs2AsI6
5.8404072,0.2511579,1403,Cs2AsBr6
5.5035512,0.7766998,385,Na2OsP6
5.3615529,0.7828724,413,Na2IrP6
5.3120167,1.5832918,412,Na2IrS6
5.2314146,1.2456147,793,K2SiCl6
5.1502222,1.2497002,384,Na2OsS6
5.1424716,1.2501931,370,Na2ReS6
5.0885346,1.5862198,426,Na2PtS6
5.0732781,0.7693533,427,Na2PtP6
5.0648611,1.0428499,503,Na2TlS6
4.9637863,0.745673,455,Na2AuP6
4.9635745,0.7307414,262,Li2SbBr6
4.9466414,1.0899751,399,Na2CoP6
4.9433589,0.8155219,476,Na2HgP6
4.9391833,1.5294267,454,Na2AuS6
4.9132631,0.9549939,301,Na2ZrP6
4.8890849,1.0960802,420,Na2NiP6
4.8871,1.5876999,405,Na2RhS6
4.8797977,0.967179,504,Na2TlP6
4.8476103,1.7274017,573,Na2TeS6
4.8349586,1.2422032,1080,Rb2SiCl6
4.829407,0.9515844,308,Na2HfP6
4.7864842,1.2648763,314,Na2VS6
4.7704766,1.4989643,335,Na2CrS6
4.7554666,1.1734763,293,Na2TiS6
4.7091015,1.4908325,356,Na2MnS6
4.6672971,1.0563928,539,Na2PbP6
4.6633887,0.4364526,853,K2SeS6
4.6472318,0.9199361,559,Na2BiS6
4.6405699,0.8096539,378,Na2FeP6
4.5894226,1.583005,433,Na2PdS6
4.5723191,0.8181194,336,Na2CrP6
4.5574646,0.8081157,357,Na2MnP6
4.546855,1.2673996,342,Na2MoS6
4.5226046,0.7420795,350,Na2WP6
4.5087649,0.7905795,406,Na2RhP6
4.4684759,1.2152334,363,Na2TcS6
4.4598831,1.324713,552,Na2SbS6
4.4524407,1.249693,447,Na2AgS6
4.4421847,1.193806,468,Na2CdS6
4.4337083,1.2595279,391,Na2RuS6
4.4208496,0.7993955,441,Na2CuP6
4.4117753,0.7630744,364,Na2TcP6
4.4066199,0.8086743,392,Na2RuP6
4.3748029,1.0639855,462,Na2ZnP6
4.3460913,1.0404237,538,Na2PbS6
4.3300182,0.7159531,322,Na2NbP6
4.3251024,0.7600771,343,Na2MoP6
4.2955306,0.9271574,588,K2ZrP6
4.2893785,1.1040835,560,Na2BiP6
4.2794574,0.7084441,329,Na2TaP6
4.2223526,0.7994295,469,Na2CdP6
4.2151485,0.7776874,448,Na2AgP6
4.2097519,1.2168739,490,Na2GaP6
4.2097519,1.2168739,525,Na2GaP6
4.1858175,0.7470159,315,Na2VP6
4.1503679,0.4166374,1140,Rb2SeS6
4.1332778,0.7234461,294,Na2TiP6
4.1006727,0.7818832,434,Na2PdP6
4.0931319,0.9587266,497,Na2InP6
4.0840406,1.3998926,531,Na2SnS6
3.9794465,1.3958857,496,Na2InS6
3.8973465,0.663543,328,Na2TaS6
3.8757562,0.6278,300,Na2ZrS6
3.8560899,0.4918927,779,K2InCl6
3.8527389,0.6186941,307,Na2HfS6
3.8508613,1.0607284,532,Na2SnP6
3.8481227,0.8402395,833,K2AsP6
3.8222641,1.1201286,553,Na2SbP6
3.816649,0.5606417,797,K2SiS6
3.8027883,0.8310124,805,K2GeP6
3.795682,0.8885737,595,K2HfP6
3.7928274,1.0924272,574,Na2TeP6
3.7626668,0.6815286,609,K2NbP6
3.753507,0.7124377,630,K2MoP6
3.7094296,0.5053323,772,K2GaCl6
3.7094296,0.5053323,807,K2GaCl6
3.6846415,0.4361848,832,K2AsS6
3.6751277,0.5830549,608,K2NbS6
3.6453142,0.5724133,587,K2ZrS6
3.6451837,0.4608779,800,K2GeCl6
3.5791291,0.5657503,765,K2AlCl6
3.5748273,0.6884367,917,Rb2MoP6
3.5545732,0.7007061,679,K2RuP6
3.5376087,0.6835098,693,K2RhP6
3.4987976,0.5621928,1052,Rb2AlCl6
3.4874478,0.6824519,770,K2AlP6
3.484769,0.6609862,651,K2TcP6
3.4742651,0.6587664,952,Rb2FeP6
3.4709361,0.6584816,973,Rb2CoP6
3.470809,0.6729296,994,Rb2NiP6
3.4696508,0.6808632,889,Rb2VP6
3.4620557,0.6667297,672,K2OsP6
3.4518001,0.6649356,910,Rb2CrP6
3.4411341,0.8998313,875,Rb2ZrP6
3.4334618,0.6517411,616,K2TaP6
3.4259496,0.6560257,1085,Rb2SiP6
3.4255358,0.6011734,888,Rb2VS6
3.4190941,0.5840132,756,K2CdP6
3.4146376,0.5854864,629,K2MoS6
3.4143439,0.5578383,909,Rb2CrS6
3.4138341,0.656556,931,Rb2MnP6
3.4129634,0.8087085,1092,Rb2GeP6
3.4070677,0.5777696,867,Rb2TiS6
3.4003301,0.6666376,623,K2CrP6
3.3966067,0.6430746,637,K2WP6
3.3958247,0.6276944,658,K2ReP6
3.3797079,0.6708817,581,K2TiP6
3.3658195,0.8179356,1120,Rb2AsP6
3.3630433,0.557884,650,K2TcS6
3.3623641,0.658258,644,K2MnP6
3.3615441,0.5731618,777,K2GaP6
3.3615441,0.5731618,812,K2GaP6
3.3536048,0.6817207,602,K2VP6
3.3415334,0.6576662,896,Rb2NbP6
3.3406526,0.569134,784,K2InP6
3.3369767,0.5625239,854,K2SeP6
3.3355521,0.4522806,804,K2GeS6
3.3347897,0.6639835,1057,Rb2AlP6
3.3282581,0.6604684,665,K2FeP6
3.3272002,0.6601836,686,K2CoP6
3.3272002,0.6747421,707,K2NiP6
3.3154739,0.6503757,798,K2SiP6
3.3037894,0.6806809,700,K2IrP6
3.2968697,0.5565242,1084,Rb2SiS6
3.2955494,0.6676344,868,Rb2TiP6
3.2930186,0.5610211,678,K2RuS6
3.292851,0.5456297,692,K2RhS6
3.2806167,0.6020309,601,K2VS6
3.270946,0.3102278,543,Na2AsI6
3.2683804,0.3110822,550,Na2SbI6
3.266462,0.5670052,580,K2TiS6
3.2623761,0.3091549,270,Li2BiI6
3.2616928,0.3076061,256,Li2AsI6
3.2580691,0.4323187,814,K2SnCl6
3.2578786,0.2991743,557,Na2BiI6
3.2562212,0.3081417,263,Li2SbI6
3.2535958,0.5833439,1015,Rb2CuP6
3.250466,0.5810345,1036,Rb2ZnP6
3.2396706,0.6087937,721,K2PdP6
3.2222948,0.568403,819,K2SnP6
3.2171948,0.5622078,622,K2CrS6
3.2049821,0.5708338,840,K2SbP6
3.1911475,0.5363344,594,K2HfS6
3.1807741,0.586427,735,K2AgP6
3.1645829,0.5152688,930,Rb2MnS6
3.1636233,0.5342177,643,K2MnS6
3.1581931,0.5496466,664,K2FeS6
3.1455104,0.549888,706,K2NiS6
3.1382882,0.5483168,685,K2CoS6
3.107472,0.5849572,728,K2CuP6
3.1041746,0.5826478,749,K2ZnP6
3.099673,0.5298532,951,Rb2FeS6
3.0948277,0.4512066,776,K2GaS6
3.0948277,0.4512066,811,K2GaS6
3.0829909,0.4253626,860,K2TeS6
3.0813931,0.5476861,1064,Rb2GaP6
3.0813931,0.5476861,1099,Rb2GaP6
3.0652443,0.5500431,769,K2AlS6
3.0605843,0.4534109,818,K2SnS6
3.0589722,0.4256865,839,K2SbS6
3.0546756,0.5638012,1056,Rb2AlS6
3.0426582,0.5300946,993,Rb2NiS6
3.0413725,0.5300946,972,Rb2CoS6
3.007383,0.5941679,714,K2PtP6
2.9972085,0.4046866,1119,Rb2AsS6
2.9947364,0.4327966,1091,Rb2GeS6
2.9794585,0.5665871,861,K2TeP6
2.9705043,0.43176,1063,Rb2GaS6
2.9705043,0.43176,1098,Rb2GaS6
2.9624155,0.54022,1141,Rb2SeP6
2.9188805,0.4633636,783,K2InS6
2.8884498,0.4635641,727,K2CuS6
2.8809692,0.4660395,720,K2PdS6
2.8571651,0.4652029,734,K2AgS6
2.8463948,0.4500685,748,K2ZnS6
2.8206979,0.4524166,755,K2CdS6
2.7406947,0.4438594,1014,Rb2CuS6
2.7403757,0.4303638,1035,Rb2ZnS6
2.3458319,0.7147904,882,Rb2HfP6
2.3362355,0.7139218,1162,Cs2ZrP6
2.3290718,0.706956,1169,Cs2HfP6
2.299308,0.544821,192,Li2AlBr6
2.2349653,0.5206695,199,Li2GaBr6
2.2349653,0.5206695,234,Li2GaBr6
2.2291696,0.2021558,762,K2HgS6
2.225578,0.5214537,206,Li2InBr6
2.1888245,0.4962003,938,Rb2TcP6
2.1805005,0.4956733,213,Li2TlBr6
2.162509,0.9132404,1367,Cs2SiCl6
2.1624658,0.459089,227,Li2GeBr6
2.1529902,0.4617925,241,Li2SnBr6
2.1250622,0.4707834,248,Li2PbBr6
1.9806398,0.4583231,966,Rb2RuP6
1.9587926,0.4497304,615,K2TaS6
1.9566682,0.4400154,980,Rb2RhP6
1.9117988,0.4199512,657,K2ReS6
1.9047806,0.4200745,636,K2WS6
1.7234241,0.0895979,1427,Cs2SeS6
1.7173287,0.4953708,959,Rb2OsP6
1.7154016,0.2015433,790,K2TlS6
1.696774,0.42353,916,Rb2MoS6
1.6926354,0.4712511,1246,Cs2OsP6
1.68947,0.428402,895,Rb2NbS6
1.6827347,0.471645,903,Rb2TaP6
1.6726252,0.420351,874,Rb2ZrS6
1.6659746,0.4637825,1190,Cs2TaP6
1.6556887,0.4691666,1204,Cs2MoP6
1.6504617,0.4378059,1232,Cs2ReP6
1.6457227,0.4563355,945,Rb2ReP6
1.641827,0.4110975,671,K2OsS6
1.6199467,0.455116,1211,Cs2WP6
1.6181668,0.433577,1176,Cs2VP6
1.6152077,0.4629785,924,Rb2WP6
1.6107906,0.4625427,1183,Cs2NbP6
1.6039145,0.4167403,1197,Cs2CrP6
1.6016217,0.3931609,937,Rb2TcS6
1.5866475,0.4567833,1155,Cs2TiP6
1.567536,0.323303,763,K2HgP6
1.561884,0.0838168,1049,Rb2HgS6
1.5563862,0.4369168,1225,Cs2TcP6
1.5335481,0.4106533,1218,Cs2MnP6
1.501997,0.0449064,1336,Cs2HgS6
1.4995391,0.3813142,1239,Cs2FeP6
1.4534822,0.3077118,791,K2TlP6
1.4471878,0.3153269,742,K2AuP6
1.4437282,0.3431355,1043,Rb2CdP6
1.4392535,0.3658983,1008,Rb2PdP6
1.4280778,0.4168698,1372,Cs2SiP6
1.4274212,0.3393613,965,Rb2RuS6
1.3781552,0.3444461,1022,Rb2AgP6
1.3733295,0.43886,1379,Cs2GeP6
1.35268,0.2685924,1059,Rb2GaCl6
1.35268,0.2685924,1094,Rb2GaCl6
1.3505966,0.3048965,979,Rb2RhS6
1.341247,0.3101401,699,K2IrS6
1.341121,0.1517317,507,Na2SiBr6
1.3407069,0.3265543,1071,Rb2InP6
1.3385382,0.2126233,479,Na2AlBr6
1.3328352,0.4408606,1407,Cs2AsP6
1.3295452,0.2092208,1087,Rb2GeCl6
1.3152847,0.4093195,902,Rb2TaS6
1.2846521,0.1917498,486,Na2GaBr6
1.2846521,0.1917498,521,Na2GaBr6
1.27313,0.3754397,944,Rb2ReS6
1.2699285,0.3738963,923,Rb2WS6
1.2460494,0.3796395,1189,Cs2TaS6
1.2419092,0.3551506,1175,Cs2VS6
1.240472,0.4237878,1344,Cs2AlP6
1.2394561,0.3783302,1203,Cs2MoS6
1.2326942,0.3887357,1182,Cs2NbS6
1.2263548,0.3671086,958,Rb2OsS6
1.2134278,0.3848104,1154,Cs2TiS6
1.2085975,0.3942337,881,Rb2HfS6
1.1931023,0.3806847,1161,Cs2ZrS6
1.1900494,0.3394663,1127,Rb2SbP6
1.1840258,0.3448452,1231,Cs2ReS6
1.1808243,0.3444459,1210,Cs2WS6
1.1759995,0.1811852,1066,Rb2InCl6
1.1751132,0.3154185,1196,Cs2CrS6
1.1711256,0.3270742,1106,Rb2SnP6
1.1428742,0.3620914,1224,Cs2TcS6
1.139948,0.3367959,1245,Cs2OsS6
1.1393622,0.3645537,1168,Cs2HfS6
1.1340384,0.3297375,1148,Rb2TeP6
1.1239497,0.3162152,826,K2PbP6
1.1216194,0.3477166,987,Rb2IrP6
1.1209259,0.1654021,1353,Cs2InCl6
1.1180707,0.3460625,1253,Cs2RuP6
1.0903589,0.3102877,1217,Cs2MnS6
1.0843874,0.2481421,713,K2PtS6
1.0647257,0.3097249,847,K2BiP6
1.0586027,0.3045461,1274,Cs2IrP6
1.0315486,0.2765032,1238,Cs2FeS6
1.0291668,0.3192254,1267,Cs2RhP6
1.0103506,0.2243464,1007,Rb2PdS6
1.0054326,0.1921125,825,K2PbS6
0.999735,0.3035298,1260,Cs2CoP6
0.9996079,0.3008977,1281,Cs2NiP6
0.9900178,0.2232326,1021,Rb2AgS6
0.979301,0.1932757,846,K2BiS6
0.969267,0.2116409,1042,Rb2CdS6
0.9400383,0.0839433,1077,Rb2TlS6
0.8817816,0.1901196,741,K2AuS6
0.8671195,0.0432951,1364,Cs2TlS6
0.820107,0.1981751,1323,Cs2ZnP6
0.7990496,0.2168129,1001,Rb2PtP6
0.7954772,0.1967694,1295,Cs2PdP6
0.7916905,0.1962954,1351,Cs2GaP6
0.7916905,0.1962954,1386,Cs2GaP6
0.7823947,0.1952939,1302,Cs2CuP6
0.7802154,0.1980963,1330,Cs2CdP6
0.762418,0.2576882,1252,Cs2RuS6
0.7622056,0.1895811,1288,Cs2PtP6
0.7352835,0.1904914,1309,Cs2AgP6
0.7272188,0.2277509,986,Rb2IrS6
0.7038824,0.2224641,1266,Cs2RhS6
0.6891193,0.1571401,1337,Cs2HgP6
0.6809998,0.1779685,1358,Cs2InP6
0.6475594,0.1693799,1078,Rb2TlP6
0.6458183,0.1685898,1029,Rb2AuP6
0.6383738,0.1778802,1050,Rb2HgP6
0.6284423,0.1960518,1273,Cs2IrS6
0.6142985,0.2175257,1259,Cs2CoS6
0.5985863,0.2175538,1280,Cs2NiS6
0.5981427,0.1355313,1365,Cs2TlP6
0.5906943,0.1339124,1316,Cs2AuP6
0.5815305,0.2508915,1339,Cs2AlCl6
0.569148,0.1906697,1371,Cs2SiS6
0.563036,0.1843425,1414,Cs2SbP6
0.5473313,0.1776596,1393,Cs2SnP6
0.5464994,0.2042569,1343,Cs2AlS6
0.5237389,0.1885386,480,Na2AlI6
0.5002416,0.1750649,1428,Cs2SeP6
0.4997919,0.1748311,1435,Cs2TeP6
0.4883722,0.1621329,494,Na2InI6
0.4865371,0.1693799,1113,Rb2PbP6
0.4746125,0.1263055,221,Li2SiI6
0.4640959,0.1304959,1000,Rb2PtS6
0.4591131,0.1613804,487,Na2GaI6
0.4591131,0.1613804,522,Na2GaI6
0.4577762,0.1601327,207,Li2InI6
0.4572378,0.1233407,508,Na2SiI6
0.4554509,0.147365,501,Na2TlI6
0.4523699,0.1356741,1400,Cs2PbP6
0.450331,0.1584571,214,Li2TlI6
0.4464927,0.0862148,816,K2SnI6
0.4405051,0.0870515,529,Na2SnI6
0.427222,0.176514,1134,Rb2BiP6
0.3977332,0.0928498,1147,Rb2TeS6
0.396607,0.0998633,1070,Rb2InS6
0.3941475,0.0856907,515,Na2GeI6
0.3912388,0.0717663,536,Na2PbI6
0.3899882,0.0974843,1105,Rb2SnS6
0.3894746,0.086245,228,Li2GeI6
0.3869213,0.0966425,1126,Rb2SbS6
0.3866909,0.1425908,1421,Cs2BiP6
0.3845311,0.0834681,249,Li2PbI6
0.3842907,0.084111,242,Li2SnI6
0.3654327,0.157715,1346,Cs2GaCl6
0.3654327,0.157715,1381,Cs2GaCl6
0.3628595,0.0984363,1287,Cs2PtS6
0.3502887,0.1003485,1101,Rb2SnCl6
0.3483449,0.0772853,1434,Cs2TeS6
0.34539,0.1428032,193,Li2AlI6
0.3424422,0.0964129,1294,Cs2PdS6
0.3405811,0.1402235,767,K2AlI6
0.3385593,0.0829849,1357,Cs2InS6
0.338227,0.0789841,1406,Cs2AsS6
0.3376601,0.0795208,1413,Cs2SbS6
0.3371835,0.0946265,1301,Cs2CuS6
0.324102,0.0873441,1374,Cs2GeCl6
0.3186075,0.0953912,1308,Cs2AgS6
0.3176788,0.0790696,1378,Cs2GeS6
0.3094582,0.1485851,786,K2TlCl6
0.3082186,0.0792987,1350,Cs2GaS6
0.3082186,0.0792987,1385,Cs2GaS6
0.3070927,0.08008,1392,Cs2SnS6
0.3059787,0.0784848,1322,Cs2ZnS6
0.3029347,0.1577984,766,K2AlBr6
0.297342,0.080538,1329,Cs2CdS6
0.2965305,0.0827256,1388,Cs2SnCl6
0.2940113,0.1144776,200,Li2GaI6
0.2940113,0.1144776,235,Li2GaI6
0.2929848,0.1269027,1060,Rb2GaBr6
0.2929848,0.1269027,1095,Rb2GaBr6
0.2885777,0.1268341,773,K2GaBr6
0.2885777,0.1268341,808,K2GaBr6
0.2861705,0.1272832,781,K2InI6
0.2751704,0.1121752,774,K2GaI6
0.2751704,0.1121752,809,K2GaI6
0.2741271,0.0748046,795,K2SiI6
0.2735157,0.1192941,1347,Cs2GaBr6
0.2735157,0.1192941,1382,Cs2GaBr6
0.2619638,0.1501645,1073,Rb2TlCl6
0.2606659,0.0726341,1028,Rb2AuS6
0.2538964,0.1124666,787,K2TlBr6
0.2524029,0.1402085,1054,Rb2AlI6
0.2500949,0.1132913,780,K2InBr6
0.247667,0.0750617,1133,Rb2BiS6
0.245475,0.1122749,788,K2TlI6
0.2446101,0.1329551,1341,Cs2AlI6
0.2438567,0.1406373,1053,Rb2AlBr6
0.241454,0.1333102,1340,Cs2AlBr6
0.2342482,0.0937361,794,K2SiBr6
0.2317236,0.0747463,1112,Rb2PbS6
0.2226652,0.0756419,821,K2PbCl6
0.2038096,0.1120161,1360,Cs2TlCl6
0.1959038,0.1057915,1355,Cs2InI6
0.195425,0.1132006,1068,Rb2InI6
0.1934347,0.0362515,802,K2GeI6
0.1862781,0.0757245,1082,Rb2SiI6
0.1856305,0.1116267,1075,Rb2TlI6
0.185144,0.1121203,1061,Rb2GaI6
0.185144,0.1121203,1096,Rb2GaI6
0.1839306,0.046525,822,K2PbBr6
0.1803771,0.1124607,1074,Rb2TlBr6
0.1798339,0.0363129,823,K2PbI6
0.1787707,0.1140346,1067,Rb2InBr6
0.1785976,0.066569,1369,Cs2SiI6
0.1775507,0.104072,1361,Cs2TlBr6
0.1754926,0.1060269,1354,Cs2InBr6
0.175179,0.0772213,1108,Rb2PbCl6
0.1750031,0.0765526,1081,Rb2SiBr6
0.1741193,0.1064169,1362,Cs2TlI6
0.1715441,0.1046225,1348,Cs2GaI6
0.1715441,0.1046225,1383,Cs2GaI6
0.1683064,0.0654817,1368,Cs2SiBr6
0.1582232,0.0380524,801,K2GeBr6
0.1580384,0.0375891,815,K2SnBr6
0.1568115,0.0351495,1420,Cs2BiS6
0.1567528,0.0334384,1315,Cs2AuS6
0.1490868,0.0374984,1103,Rb2SnI6
0.1408157,0.0340108,1399,Cs2PbS6
0.1223672,0.0469507,1109,Rb2PbBr6
0.1206146,0.0363921,1110,Rb2PbI6
0.120464,0.0380238,1396,Cs2PbBr6
0.1110028,0.0367497,1395,Cs2PbCl6
0.1082682,0.0300988,1397,Cs2PbI6
0.1024208,0.0363921,1089,Rb2GeI6
0.0933904,0.0295607,1389,Cs2SnBr6
0.0847207,0.0380941,1088,Rb2GeBr6
0.0847116,0.0381557,1102,Rb2SnBr6
0.0838022,0.0267129,1376,Cs2GeI6
0.0827545,0.0274338,1390,Cs2SnI6
0.0815541,0.0291912,1375,Cs2GeBr6
