LTC (300),LTC (800),filename,
32.0447072,11.0781045,1,Li3Ti2F9
43.5585375,10.3520441,2,Li3Ti2Cl9
23.1639675,4.2481417,3,Li3Ti2Br9
23.3503717,6.629435,4,Li3Ti2I9
25.5572025,7.5232972,5,Li3Ti2O9
47.0381115,8.7154006,6,Li3Ti2S9
38.9689001,8.3401658,7,Li3Ti2P9
36.6442746,9.992548,8,Li3Zr2F9
49.0672428,9.2230591,9,Li3Zr2Cl9
23.7112128,2.6089283,10,Li3Zr2Br9
22.9355351,3.7697371,11,Li3Zr2I9
29.8130514,7.8009473,12,Li3Zr2O9
36.8709856,7.9986756,13,Li3Zr2S9
11.7781367,2.9958291,14,Li3Zr2P9
36.2087588,8.986511,15,Li3Hf2F9
47.0745836,9.8344075,16,Li3Hf2Cl9
23.76791,4.0879447,17,Li3Hf2Br9
22.7520141,3.7878874,18,Li3Hf2I9
30.1334334,6.6594789,19,Li3Hf2O9
36.9756062,7.4301858,20,Li3Hf2S9
11.7405527,2.9731499,21,Li3Hf2P9
36.6738731,10.3672298,22,Li3V2F9
43.4233505,8.6518102,23,Li3V2Cl9
23.009687,2.6130334,24,Li3V2Br9
23.3871478,3.751916,25,Li3V2I9
29.9683191,8.2970252,26,Li3V2O9
47.9457719,9.0859566,27,Li3V2S9
39.0098838,8.5085847,28,Li3V2P9
38.8729898,10.6274045,29,Li3Nb2F9
47.1379684,9.0370391,30,Li3Nb2Cl9
22.9774482,2.5946418,31,Li3Nb2Br9
22.8972608,3.7517864,32,Li3Nb2I9
32.7515854,8.201962,33,Li3Nb2O9
47.3017503,8.2668649,34,Li3Nb2S9
27.8807811,7.4578289,35,Li3Nb2P9
38.4512448,11.5502398,36,Li3Ta2F9
47.2866909,10.1776775,37,Li3Ta2Cl9
25.5094834,4.5483585,38,Li3Ta2Br9
33.6078775,5.7395978,39,Li3Ta2I9
32.8384975,7.093813,40,Li3Ta2O9
46.6201969,7.7639667,41,Li3Ta2S9
10.8152828,2.8335344,42,Li3Ta2P9
35.5229108,10.2927733,43,Li3Cr2F9
41.2768012,8.1387751,44,Li3Cr2Cl9
28.6669014,3.2798694,45,Li3Cr2Br9
23.353861,3.3647818,46,Li3Cr2I9
28.7530592,8.7498883,47,Li3Cr2O9
46.304862,9.1651156,48,Li3Cr2S9
37.8821134,8.3063032,49,Li3Cr2P9
37.8094829,10.4793193,50,Li3Mo2F9
44.0203258,8.4748687,51,Li3Mo2Cl9
24.3722877,2.5966581,52,Li3Mo2Br9
22.7774577,3.3647818,53,Li3Mo2I9
30.4607239,8.7861143,54,Li3Mo2O9
46.9104006,8.5449135,55,Li3Mo2S9
46.9900597,11.6273479,56,Li3Mo2P9
50.1965368,11.3080846,57,Li3W2F9
43.4153579,11.7353603,58,Li3W2Cl9
36.5239412,9.8393195,59,Li3W2Br9
38.8212909,5.9869296,60,Li3W2I9
46.2885341,7.4968898,61,Li3W2O9
45.6479543,7.7180166,62,Li3W2S9
33.642711,7.4114728,63,Li3W2P9
31.5791974,11.5005779,64,Li3Mn2F9
42.9218001,10.447778,65,Li3Mn2Cl9
28.6582086,5.083808,66,Li3Mn2Br9
23.2315271,5.1858531,67,Li3Mn2I9
24.6889376,7.9320423,68,Li3Mn2O9
46.9346363,9.2071378,69,Li3Mn2S9
36.4122899,8.4796689,70,Li3Mn2P9
38.0549142,10.4793193,71,Li3Tc2F9
43.4542933,8.363966,72,Li3Tc2Cl9
23.3759954,2.2295214,73,Li3Tc2Br9
22.777021,3.3647818,74,Li3Tc2I9
30.4453536,8.4775674,75,Li3Tc2O9
46.7205897,8.795145,76,Li3Tc2S9
39.1643719,8.4305447,77,Li3Tc2P9
37.5988115,11.3080846,78,Li3Re2F9
43.6820297,11.7453422,79,Li3Re2Cl9
25.264289,4.2572792,80,Li3Re2Br9
33.496535,5.5138867,81,Li3Re2I9
30.417855,7.3976007,82,Li3Re2O9
47.6699788,8.2282207,83,Li3Re2S9
38.8287235,7.8344151,84,Li3Re2P9
31.1893424,11.521549,85,Li3Fe2F9
42.9430624,11.7496432,86,Li3Fe2Cl9
28.8763569,5.1311557,87,Li3Fe2Br9
22.7595608,5.1832556,88,Li3Fe2I9
24.5037961,8.1153325,89,Li3Fe2O9
42.0641393,9.0453874,90,Li3Fe2S9
35.4589365,8.6272208,91,Li3Fe2P9
37.5975239,11.2164587,92,Li3Os2F9
44.237502,9.6071633,93,Li3Os2Cl9
41.2690868,8.3290679,94,Li3Os2Br9
33.7821524,5.3731412,95,Li3Os2I9
30.8845826,7.5906832,96,Li3Os2O9
46.5793559,8.4455585,97,Li3Os2S9
46.5238895,11.149752,98,Li3Os2P9
38.0556297,10.3877807,99,Li3Ru2F9
43.9113368,8.0975434,100,Li3Ru2Cl9
23.3635838,2.2250121,101,Li3Ru2Br9
22.8438265,3.3602725,102,Li3Ru2I9
30.7566154,8.6654114,103,Li3Ru2O9
45.5612195,8.9187176,104,Li3Ru2S9
45.4224339,11.5961449,105,Li3Ru2P9
31.5734498,11.6414345,106,Li3Co2F9
44.1939201,11.8260661,107,Li3Co2Cl9
29.6083934,5.2738492,108,Li3Co2Br9
23.2979971,5.3223393,109,Li3Co2I9
24.5924806,7.9783978,110,Li3Co2O9
42.465649,9.0679978,111,Li3Co2S9
31.9054037,8.1883666,112,Li3Co2P9
38.3424051,10.1056949,113,Li3Rh2F9
43.5691486,7.9006603,114,Li3Rh2Cl9
40.6592359,6.4576377,115,Li3Rh2Br9
21.7083411,3.3340945,116,Li3Rh2I9
30.4145154,8.6421595,117,Li3Rh2O9
45.6947353,9.2758833,118,Li3Rh2S9
44.8487441,12.4022761,119,Li3Rh2P9
37.9185761,10.82535,120,Li3Ir2F9
44.07208,9.6740897,121,Li3Ir2Cl9
28.6374107,4.7678841,122,Li3Ir2Br9
22.6597439,3.378555,123,Li3Ir2I9
30.4348508,7.5084816,124,Li3Ir2O9
45.3697932,8.5641556,125,Li3Ir2S9
45.0303765,11.4460644,126,Li3Ir2P9
31.3319215,11.2490789,127,Li3Ni2F9
44.0033876,11.3815755,128,Li3Ni2Cl9
32.9126696,5.2273554,129,Li3Ni2Br9
21.969916,5.2966243,130,Li3Ni2I9
24.7127922,7.9689641,131,Li3Ni2O9
44.0253914,11.3501409,132,Li3Ni2S9
32.6441534,8.2813522,133,Li3Ni2P9
33.4563064,9.6203985,134,Li3Pt2F9
44.767479,9.9038831,135,Li3Pt2Cl9
32.3769225,4.6755119,136,Li3Pt2Br9
21.3859685,5.1272973,137,Li3Pt2I9
26.1351793,6.6091208,138,Li3Pt2O9
42.7723388,8.8470468,139,Li3Pt2S9
48.0579533,12.8015864,140,Li3Pt2P9
39.618148,15.4422405,141,Li3Pd2F9
54.2477266,13.9121194,142,Li3Pd2Cl9
32.3780469,5.056795,143,Li3Pd2Br9
21.5849251,5.129009,144,Li3Pd2I9
32.2057126,12.3218856,145,Li3Pd2O9
51.3392123,13.1673396,146,Li3Pd2S9
54.0847434,15.5279933,147,Li3Pd2P9
33.1293436,11.2316554,148,Li3Cu2F9
44.3020847,11.3940262,149,Li3Cu2Cl9
58.8062445,16.0720679,150,Li3Cu2Br9
47.8820623,16.2216809,151,Li3Cu2I9
25.3128529,7.7921237,152,Li3Cu2O9
43.2033327,9.0099753,153,Li3Cu2S9
40.1246324,8.6250891,154,Li3Cu2P9
33.772215,11.1544559,155,Li3Ag2F9
57.0566957,15.4624611,156,Li3Ag2Cl9
48.7541784,15.0383936,157,Li3Ag2Br9
47.8761177,16.2196586,158,Li3Ag2I9
25.9174819,7.7643807,159,Li3Ag2O9
46.2316953,9.2858061,160,Li3Ag2S9
42.240088,9.0412945,161,Li3Ag2P9
33.0719368,11.2736657,162,Li3Au2F9
44.6634137,11.5331584,163,Li3Au2Cl9
58.4735639,17.5527546,164,Li3Au2Br9
47.6851082,16.2253722,165,Li3Au2I9
25.962997,6.4579805,166,Li3Au2O9
43.5380794,8.8636269,167,Li3Au2S9
41.5538745,8.8507017,168,Li3Au2P9
39.1924954,14.3316441,169,Li3Zn2F9
51.2583325,14.605257,170,Li3Zn2Cl9
32.1342384,5.0042089,171,Li3Zn2Br9
21.533435,5.1302151,172,Li3Zn2I9
31.9798938,12.133224,173,Li3Zn2O9
45.1732984,15.3580169,174,Li3Zn2S9
44.8894011,12.7890234,175,Li3Zn2P9
38.5001524,14.2415227,176,Li3Cd2F9
58.9398651,14.5562005,177,Li3Cd2Cl9
43.7165029,8.2275523,178,Li3Cd2Br9
21.333757,5.1334982,179,Li3Cd2I9
31.5282492,12.0758594,180,Li3Cd2O9
53.2235794,13.4777879,181,Li3Cd2S9
48.7459871,13.2328804,182,Li3Cd2P9
38.1386427,15.4680751,183,Li3Hg2F9
53.1304358,16.1934701,184,Li3Hg2Cl9
32.038151,6.5615551,185,Li3Hg2Br9
21.4635403,5.1651624,186,Li3Hg2I9
30.6333202,10.4564067,187,Li3Hg2O9
54.1235596,13.6841626,188,Li3Hg2S9
49.3305772,12.9925333,189,Li3Hg2P9
25.4388646,8.0181653,190,Li3Al2F9
33.9636306,8.3313257,191,Li3Al2Cl9
4.0220739,0.5791178,192,Li3Al2Br9
0.684147,0.154251,193,Li3Al2I9
25.0734742,7.2109719,194,Li3Al2O9
40.8112626,10.7671507,195,Li3Al2S9
37.8939174,9.1071029,196,Li3Al2P9
24.6812009,6.7636239,197,Li3Ga2F9
36.6177336,7.6930514,198,Li3Ga2Cl9
3.9066198,0.5750507,199,Li3Ga2Br9
0.573216,0.1178172,200,Li3Ga2I9
24.0158378,5.9461517,201,Li3Ga2O9
39.7110953,9.8633351,202,Li3Ga2S9
37.3986873,9.6027863,203,Li3Ga2P9
24.7329843,6.4015874,204,Li3In2F9
39.0773073,8.1075068,205,Li3In2Cl9
17.2081481,3.8522252,206,Li3In2Br9
0.6062677,0.1159754,207,Li3In2I9
24.1931922,5.7479101,208,Li3In2O9
50.9127903,10.3941629,209,Li3In2S9
42.0774311,9.4882859,210,Li3In2P9
24.8949377,6.5041002,211,Li3Tl2F9
38.5812073,7.6121712,212,Li3Tl2Cl9
0.4311195,0.3154832,213,Li3Tl2Br9
0.5341062,0.1328085,214,Li3Tl2I9
23.2807559,5.4384561,215,Li3Tl2O9
49.9067402,9.6570903,216,Li3Tl2S9
45.2265254,9.5335559,217,Li3Tl2P9
23.967917,8.1335792,218,Li3Si2F9
39.785336,8.4338664,219,Li3Si2Cl9
12.4890012,3.0617855,220,Li3Si2Br9
0.6784733,0.0904703,221,Li3Si2I9
22.6306479,7.3569246,222,Li3Si2O9
41.2991766,11.4512125,223,Li3Si2S9
167.7977723,41.8722391,224,Li3Si2P9
23.5696827,6.4853796,225,Li3Ge2F9
40.193606,7.5058991,226,Li3Ge2Cl9
3.7792744,0.4851495,227,Li3Ge2Br9
0.4906064,0.0421514,228,Li3Ge2I9
23.3121702,6.1670626,229,Li3Ge2O9
42.9400929,10.2358215,230,Li3Ge2S9
37.9935469,9.9962541,231,Li3Ge2P9
24.6812009,6.7636239,232,Li3Ga2F9
36.6177336,7.6930514,233,Li3Ga2Cl9
3.9066198,0.5750507,234,Li3Ga2Br9
0.573216,0.1178172,235,Li3Ga2I9
24.0158378,5.9461517,236,Li3Ga2O9
39.7110953,9.8633351,237,Li3Ga2S9
37.3986873,9.6027863,238,Li3Ga2P9
27.9051171,7.1206274,239,Li3Sn2F9
42.0609428,8.1891388,240,Li3Sn2Cl9
3.5581368,0.4864792,241,Li3Sn2Br9
0.4684609,0.087793,242,Li3Sn2I9
26.4756117,6.2799789,243,Li3Sn2O9
48.3676827,10.7013241,244,Li3Sn2S9
43.0569744,9.9757325,245,Li3Sn2P9
25.2900632,6.5808063,246,Li3Pb2F9
39.863653,7.5864556,247,Li3Pb2Cl9
1.8031701,0.2535433,248,Li3Pb2Br9
0.4036024,0.0609854,249,Li3Pb2I9
23.8834791,6.0148432,250,Li3Pb2O9
48.3500693,9.7525231,251,Li3Pb2S9
44.6754351,12.8931868,252,Li3Pb2P9
24.8861737,6.7265024,253,Li3As2F9
40.1242306,7.5511651,254,Li3As2Cl9
12.3195859,3.1413546,255,Li3As2Br9
0.3980295,0.0395866,256,Li3As2I9
23.4726895,5.9909077,257,Li3As2O9
46.4852031,10.1869357,258,Li3As2S9
46.7048125,13.5629666,259,Li3As2P9
25.1621325,7.3350206,260,Li3Sb2F9
39.3769195,8.0411083,261,Li3Sb2Cl9
3.5478779,0.4817693,262,Li3Sb2Br9
0.5130272,0.0855922,263,Li3Sb2I9
23.7400535,6.1682662,264,Li3Sb2O9
46.4551581,9.8060124,265,Li3Sb2S9
43.5191463,13.0832131,266,Li3Sb2P9
27.0586299,7.0259974,267,Li3Bi2F9
41.0996292,8.0433063,268,Li3Bi2Cl9
0.406665,0.2406777,269,Li3Bi2Br9
0.5149815,0.0683605,270,Li3Bi2I9
25.895739,5.8679568,271,Li3Bi2O9
50.9304012,11.2820346,272,Li3Bi2S9
42.7081649,9.3018481,273,Li3Bi2P9
32.9281738,9.7219948,274,Li3Se2F9
49.3179016,10.9034812,275,Li3Se2Cl9
33.0005316,5.082625,276,Li3Se2Br9
21.1030051,4.9636326,277,Li3Se2I9
23.5294659,5.777806,278,Li3Se2O9
48.0322368,11.2033637,279,Li3Se2S9
40.3402258,9.4683236,280,Li3Se2P9
35.0579616,10.1486956,281,Li3Te2F9
48.9936967,11.026781,282,Li3Te2Cl9
31.9135721,5.001617,283,Li3Te2Br9
20.3469701,4.9659586,284,Li3Te2I9
26.3980927,6.0044339,285,Li3Te2O9
49.6678379,9.7388843,286,Li3Te2S9
52.5645205,14.0213987,287,Li3Te2P9
32.5921194,9.5673223,288,Na3Ti2F9
26.2278871,5.4382759,289,Na3Ti2Cl9
27.4821947,4.1392052,290,Na3Ti2Br9
23.5121295,5.4455032,291,Na3Ti2I9
27.2485393,7.1012976,292,Na3Ti2O9
3.1588565,0.5600154,293,Na3Ti2S9
3.6810722,0.7280211,294,Na3Ti2P9
37.5647405,9.7681677,295,Na3Zr2F9
29.2435518,3.0974432,296,Na3Zr2Cl9
31.0268811,2.4891529,297,Na3Zr2Br9
26.4225896,3.8004227,298,Na3Zr2I9
28.4161229,7.1122537,299,Na3Zr2O9
3.277124,0.5476121,300,Na3Zr2S9
4.8658781,0.8262884,301,Na3Zr2P9
40.4186713,9.5385684,302,Na3Hf2F9
24.395553,3.2016779,303,Na3Hf2Cl9
31.0843449,3.9547749,304,Na3Hf2Br9
26.548536,3.8220572,305,Na3Hf2I9
33.382973,6.9813022,306,Na3Hf2O9
2.9388161,0.5458314,307,Na3Hf2S9
4.5921552,0.7882012,308,Na3Hf2P9
32.4630215,9.772412,309,Na3V2F9
26.3809506,3.9009536,310,Na3V2Cl9
27.4426256,2.5100028,311,Na3V2Br9
23.7496233,3.8549658,312,Na3V2I9
27.1702728,7.1310207,313,Na3V2O9
19.0561752,4.1971204,314,Na3V2S9
3.7302619,0.7557212,315,Na3V2P9
39.3252234,10.8370173,316,Na3Nb2F9
27.0211771,4.3093229,317,Na3Nb2Cl9
27.4386372,2.4949709,318,Na3Nb2Br9
23.3448471,3.8405486,319,Na3Nb2I9
33.7277428,8.0165053,320,Na3Nb2O9
3.4695857,0.5786753,321,Na3Nb2S9
3.4994204,0.7363757,322,Na3Nb2P9
39.063465,11.7919219,323,Na3Ta2F9
23.2875246,3.9794815,324,Na3Ta2Cl9
29.3945756,4.4545082,325,Na3Ta2Br9
25.9555933,5.0992486,326,Na3Ta2I9
33.8828837,6.8602171,327,Na3Ta2O9
4.3241486,1.1801165,328,Na3Ta2S9
5.7018758,1.5771361,329,Na3Ta2P9
29.0905672,9.6979555,330,Na3Cr2F9
30.9956056,5.9676538,331,Na3Cr2Cl9
27.3010457,2.12513,332,Na3Cr2Br9
22.9064901,3.4778061,333,Na3Cr2I9
24.8905663,7.5881765,334,Na3Cr2O9
6.1009735,0.8856621,335,Na3Cr2S9
5.564906,0.7933302,336,Na3Cr2P9
38.325744,10.6499511,337,Na3Mo2F9
27.2245655,4.0177567,338,Na3Mo2Cl9
27.3010052,2.0763933,339,Na3Mo2Br9
23.4005572,3.4772445,340,Na3Mo2I9
32.3659543,8.2952555,341,Na3Mo2O9
19.0395525,4.1770678,342,Na3Mo2S9
3.6671321,0.8120649,343,Na3Mo2P9
38.9990179,11.6372149,344,Na3W2F9
36.1912616,8.027953,345,Na3W2Cl9
37.2311391,4.635723,346,Na3W2Br9
34.2021089,5.4250077,347,Na3W2I9
33.8544419,7.1820481,348,Na3W2O9
12.6705129,2.0885644,349,Na3W2S9
14.0960798,2.6239214,350,Na3W2P9
30.1367044,11.5492153,351,Na3Mn2F9
31.3236639,7.8120931,352,Na3Mn2Cl9
27.229227,3.9484461,353,Na3Mn2Br9
22.8008868,5.2523198,354,Na3Mn2I9
25.7299245,7.4475193,355,Na3Mn2O9
5.7605895,0.9026552,356,Na3Mn2S9
5.4326009,0.7617171,357,Na3Mn2P9
38.3149753,10.6478284,358,Na3Tc2F9
28.0339577,3.8352823,359,Na3Tc2Cl9
27.3008566,2.0763933,360,Na3Tc2Br9
22.704966,3.4823667,361,Na3Tc2I9
31.1409353,8.053952,362,Na3Tc2O9
6.223866,0.9305553,363,Na3Tc2S9
3.6524117,0.7578015,364,Na3Tc2P9
37.7846488,11.5265389,365,Na3Re2F9
32.1707938,4.6923699,366,Na3Re2Cl9
37.2184688,4.629463,367,Na3Re2Br9
26.6259653,4.9631207,368,Na3Re2I9
32.3814946,6.976387,369,Na3Re2O9
6.2481831,1.3981703,370,Na3Re2S9
5.9116785,1.805721,371,Na3Re2P9
29.3189612,11.6283185,372,Na3Fe2F9
38.8179109,10.2205954,373,Na3Fe2Cl9
27.2043522,4.0397888,374,Na3Fe2Br9
22.7994775,5.2478929,375,Na3Fe2I9
25.0460772,7.5322049,376,Na3Fe2O9
6.2182515,1.0864466,377,Na3Fe2S9
4.2191952,0.7886501,378,Na3Fe2P9
35.1160379,11.3238365,379,Na3Os2F9
26.5202139,4.1994441,380,Na3Os2Cl9
29.0010288,3.944455,381,Na3Os2Br9
25.8256199,4.8223752,382,Na3Os2I9
31.5593266,7.060845,383,Na3Os2O9
6.2255771,1.4325243,384,Na3Os2S9
23.6181274,5.8301294,385,Na3Os2P9
42.2074987,10.5574669,386,Na3Ru2F9
27.9397535,3.8193838,387,Na3Ru2Cl9
27.288445,2.0725048,388,Na3Ru2Br9
22.6925949,3.4778574,389,Na3Ru2I9
31.5750547,8.2595619,390,Na3Ru2O9
6.0891479,0.9193765,391,Na3Ru2S9
3.5542068,0.8075872,392,Na3Ru2P9
29.7030686,11.7438127,393,Na3Co2F9
47.1161831,11.018382,394,Na3Co2Cl9
27.463712,4.1793371,395,Na3Co2Br9
24.0333159,5.3870999,396,Na3Co2I9
28.1837323,7.6586615,397,Na3Co2O9
15.1398005,4.5430091,398,Na3Co2S9
4.8531177,0.9813458,399,Na3Co2P9
36.3263647,10.1470641,400,Na3Rh2F9
36.3677561,5.6458002,401,Na3Rh2Cl9
26.4589558,2.0200818,402,Na3Rh2Br9
21.5119723,3.4337565,403,Na3Rh2I9
30.5804586,7.4445081,404,Na3Rh2O9
5.8814646,0.9306307,405,Na3Rh2S9
4.3980502,0.8214848,406,Na3Rh2P9
35.4310435,9.451534,407,Na3Ir2F9
31.2238109,5.9673233,408,Na3Ir2Cl9
27.8876419,3.5715893,409,Na3Ir2Br9
22.8185531,3.4732542,410,Na3Ir2I9
35.3793084,7.0930783,411,Na3Ir2O9
4.5685914,0.9191157,412,Na3Ir2S9
9.2308719,1.8331094,413,Na3Ir2P9
29.4615403,11.4007142,414,Na3Ni2F9
50.9790948,10.6381841,415,Na3Ni2Cl9
26.4122641,4.2380194,416,Na3Ni2Br9
22.3482919,5.3433387,417,Na3Ni2I9
28.2237735,7.6537522,418,Na3Ni2O9
14.6640934,4.4512009,419,Na3Ni2S9
4.7518242,0.9158455,420,Na3Ni2P9
31.3904828,8.3409876,421,Na3Pt2F9
34.6227313,5.4488719,422,Na3Pt2Cl9
26.9733902,3.5987626,423,Na3Pt2Br9
21.431272,5.2038418,424,Na3Pt2I9
30.7242307,6.1916456,425,Na3Pt2O9
4.4451053,0.8501504,426,Na3Pt2S9
2.8679193,0.623115,427,Na3Pt2P9
37.5734512,15.5969855,428,Na3Pd2F9
46.7806859,11.5233417,429,Na3Pd2Cl9
26.3761224,3.8096723,430,Na3Pd2Br9
21.4351085,5.2281651,431,Na3Pd2I9
32.8287201,11.8957151,432,Na3Pd2O9
5.9730144,0.9010698,433,Na3Pd2S9
11.9715307,1.8608213,434,Na3Pd2P9
30.4823929,11.4302654,435,Na3Cu2F9
63.6369171,17.1121681,436,Na3Cu2Cl9
52.6844324,15.0226852,437,Na3Cu2Br9
47.9224458,16.2416462,438,Na3Cu2I9
29.9150037,7.3702572,439,Na3Cu2O9
6.1463815,1.109449,440,Na3Cu2S9
4.2317727,0.7326316,441,Na3Cu2P9
32.0918053,11.355025,442,Na3Ag2F9
62.0791976,16.2646117,443,Na3Ag2Cl9
52.6601081,14.8787173,444,Na3Ag2Br9
47.7263011,16.2460963,445,Na3Ag2I9
30.6665077,7.3352099,446,Na3Ag2O9
5.7374507,0.9112767,447,Na3Ag2S9
17.7868452,4.0733652,448,Na3Ag2P9
31.141657,10.0232385,449,Na3Au2F9
60.3329889,18.0917799,450,Na3Au2Cl9
53.1781366,16.4873964,451,Na3Au2Br9
47.4851073,16.2289114,452,Na3Au2I9
30.6784913,6.0405926,453,Na3Au2O9
4.2845716,0.8495208,454,Na3Au2S9
2.8809816,0.6584921,455,Na3Au2P9
36.267736,14.5222991,456,Na3Zn2F9
59.7016025,14.895057,457,Na3Zn2Cl9
26.8445488,4.0643359,458,Na3Zn2Br9
22.2692206,5.1758998,459,Na3Zn2I9
31.270868,11.7811637,460,Na3Zn2O9
19.4937789,8.4334945,461,Na3Zn2S9
4.7433902,0.9811375,462,Na3Zn2P9
37.9322584,14.6502846,463,Na3Cd2F9
35.4699444,5.1272459,464,Na3Cd2Cl9
26.1415381,3.8076434,465,Na3Cd2Br9
21.1742714,5.206163,466,Na3Cd2I9
33.592932,11.7710434,467,Na3Cd2O9
5.6454587,0.9488001,468,Na3Cd2S9
17.6241588,4.0722385,469,Na3Cd2P9
38.6832658,14.5127589,470,Na3Hg2F9
53.6225184,14.3679581,471,Na3Hg2Cl9
38.682548,10.8793862,472,Na3Hg2Br9
24.2919184,5.1668102,473,Na3Hg2I9
34.6100143,10.5550955,474,Na3Hg2O9
7.5844232,1.312342,475,Na3Hg2S9
2.8053696,0.6736789,476,Na3Hg2P9
23.5902828,8.1400592,477,Na3Al2F9
40.1041701,7.8360413,478,Na3Al2Cl9
2.0934737,0.3205812,479,Na3Al2Br9
0.7411946,0.1957662,480,Na3Al2I9
24.3383021,6.8905929,481,Na3Al2O9
15.7338926,3.9827294,482,Na3Al2S9
13.9258921,3.5972289,483,Na3Al2P9
24.1165076,7.1896059,484,Na3Ga2F9
40.5350899,8.4118675,485,Na3Ga2Cl9
1.9958153,0.4324166,486,Na3Ga2Br9
0.4254048,0.1842502,487,Na3Ga2I9
25.0689718,5.7925433,488,Na3Ga2O9
12.0285686,2.9658253,489,Na3Ga2S9
4.6133718,0.9449142,490,Na3Ga2P9
26.4177846,7.2283163,491,Na3In2F9
13.1003307,3.1632099,492,Na3In2Cl9
14.3207283,6.465411,493,Na3In2Br9
0.3951054,0.1839325,494,Na3In2I9
28.4522781,5.8034994,495,Na3In2O9
6.0566062,1.3773483,496,Na3In2S9
4.2132315,0.7304913,497,Na3In2P9
26.0594074,6.9620849,498,Na3Tl2F9
2.852663,0.5823098,499,Na3Tl2Cl9
14.2726241,6.4679035,500,Na3Tl2Br9
0.3503347,0.1578609,501,Na3Tl2I9
27.8229111,5.5287867,502,Na3Tl2O9
6.1724078,0.9544199,503,Na3Tl2S9
16.3626305,3.9793058,504,Na3Tl2P9
23.5404516,8.2788752,505,Na3Si2F9
42.6774435,8.4771059,506,Na3Si2Cl9
2.0735866,0.2590767,507,Na3Si2Br9
0.5384561,0.1619102,508,Na3Si2I9
24.4725824,7.484594,509,Na3Si2O9
48.476033,9.877691,510,Na3Si2S9
13.8469,3.6947931,511,Na3Si2P9
25.4925048,7.3132847,512,Na3Ge2F9
42.0349783,8.301824,513,Na3Ge2Cl9
1.9130569,0.296374,514,Na3Ge2Br9
0.3590294,0.1171616,515,Na3Ge2I9
26.4255133,6.4114084,516,Na3Ge2O9
15.1310128,4.6046221,517,Na3Ge2S9
14.1220261,3.9926558,518,Na3Ge2P9
24.1165076,7.1896059,519,Na3Ga2F9
40.5350899,8.4118675,520,Na3Ga2Cl9
1.9958153,0.4324166,521,Na3Ga2Br9
0.4254048,0.1842502,522,Na3Ga2I9
25.0689718,5.7925433,523,Na3Ga2O9
12.0285686,2.9658253,524,Na3Ga2S9
4.6133718,0.9449142,525,Na3Ga2P9
45.5800655,8.8701887,526,Na3Sn2F9
11.7420708,3.0945124,527,Na3Sn2Cl9
14.2221386,6.4130021,528,Na3Sn2Br9
0.2810375,0.1133823,529,Na3Sn2I9
47.3163557,7.7394294,530,Na3Sn2O9
4.9624032,0.6737467,531,Na3Sn2S9
4.3899394,0.772809,532,Na3Sn2P9
32.8986107,7.0418153,533,Na3Pb2F9
2.6213538,0.5216997,534,Na3Pb2Cl9
14.171413,6.410797,535,Na3Pb2Br9
0.2342432,0.0856057,536,Na3Pb2I9
28.3755717,6.0994155,537,Na3Pb2O9
3.8086155,0.827585,538,Na3Pb2S9
1.3954005,0.4802836,539,Na3Pb2P9
24.6635781,7.5192944,540,Na3As2F9
42.7089477,8.2224454,541,Na3As2Cl9
2.4413633,0.2956968,542,Na3As2Br9
0.2971849,0.1111082,543,Na3As2I9
30.53787,6.2382538,544,Na3As2O9
34.9040443,8.5745164,545,Na3As2S9
22.2510255,7.4689249,546,Na3As2P9
42.8193518,9.0839806,547,Na3Sb2F9
11.984795,3.3761867,548,Na3Sb2Cl9
14.7955013,6.4132418,549,Na3Sb2Br9
0.3044553,0.1111815,550,Na3Sb2I9
48.5436527,7.5705194,551,Na3Sb2O9
4.8491633,0.7479818,552,Na3Sb2S9
4.4280521,0.7593417,553,Na3Sb2P9
50.9197148,8.8267522,554,Na3Bi2F9
2.6239008,0.5200489,555,Na3Bi2Cl9
14.7972006,6.4115404,556,Na3Bi2Br9
0.3083736,0.0950345,557,Na3Bi2I9
50.5646374,7.3220048,558,Na3Bi2O9
2.5175303,0.5211438,559,Na3Bi2S9
1.4336023,0.4783061,560,Na3Bi2P9
32.2856229,10.2757901,561,Na3Se2F9
59.8279113,11.7533319,562,Na3Se2Cl9
38.7219738,9.5102702,563,Na3Se2Br9
24.3775853,4.9641154,564,Na3Se2I9
30.2896084,6.0251111,565,Na3Se2O9
25.515655,6.3630417,566,Na3Se2S9
12.2831416,3.4555946,567,Na3Se2P9
52.4844564,11.8230942,568,Na3Te2F9
41.0969789,7.6426894,569,Na3Te2Cl9
40.4351338,9.2649179,570,Na3Te2Br9
25.7804422,3.4584607,571,Na3Te2I9
51.0016099,7.4670833,572,Na3Te2O9
6.321899,1.2152645,573,Na3Te2S9
4.2309041,0.6848143,574,Na3Te2P9
46.5327615,11.9557363,575,K3Ti2F9
21.1289617,2.8893458,576,K3Ti2Cl9
22.8774963,3.9256218,577,K3Ti2Br9
23.4605686,5.3578881,578,K3Ti2I9
37.5544091,9.6439178,579,K3Ti2O9
2.2994555,0.4156299,580,K3Ti2S9
2.7091755,0.5217562,581,K3Ti2P9
77.8782969,19.5502337,582,K3Zr2F9
28.1390084,2.869456,583,K3Zr2Cl9
26.1069197,2.2588852,584,K3Zr2Br9
26.4559012,2.2434112,585,K3Zr2I9
67.8718844,17.1648465,586,K3Zr2O9
2.3673704,0.4525702,587,K3Zr2S9
4.4625251,0.6199786,588,K3Zr2P9
64.926075,14.2030341,589,K3Hf2F9
23.2028031,2.8652677,590,K3Hf2Cl9
26.6776412,2.2575021,591,K3Hf2Br9
26.4915764,3.7718595,592,K3Hf2I9
75.9607612,17.0551473,593,K3Hf2O9
1.3775258,0.3024501,594,K3Hf2S9
3.4142497,0.553077,595,K3Hf2P9
46.5627465,12.2016505,596,K3V2F9
21.1880624,2.891805,597,K3V2Cl9
22.832191,2.2936893,598,K3V2Br9
23.4716478,3.751357,599,K3V2I9
38.8318221,9.6831149,600,K3V2O9
2.3943434,0.4511249,601,K3V2S9
2.7680888,0.5429732,602,K3V2P9
52.1398671,13.4427423,603,K3Nb2F9
23.5101055,4.8875397,604,K3Nb2Cl9
22.8405575,2.2478334,605,K3Nb2Br9
23.3099641,2.2461229,606,K3Nb2I9
47.6033939,10.7430496,607,K3Nb2O9
2.3264795,0.4302015,608,K3Nb2S9
2.6866199,0.5282736,609,K3Nb2P9
51.8532536,15.8386635,610,K3Ta2F9
23.1786904,4.8008489,611,K3Ta2Cl9
34.5125902,4.3305758,612,K3Ta2Br9
34.16125,5.6590506,613,K3Ta2I9
47.8423684,9.6173928,614,K3Ta2O9
4.638634,2.3304141,615,K3Ta2S9
6.0977094,2.5011974,616,K3Ta2P9
45.4830276,12.1221907,617,K3Cr2F9
21.233092,2.6000287,618,K3Cr2Cl9
22.7171587,1.9056979,619,K3Cr2Br9
23.2762512,3.3692265,620,K3Cr2I9
37.7180024,10.086655,621,K3Cr2O9
2.3159815,0.4434829,622,K3Cr2S9
2.6914532,0.5524764,623,K3Cr2P9
51.1161718,13.1145149,624,K3Mo2F9
24.4808359,4.5421094,625,K3Mo2Cl9
22.7181497,1.8597197,626,K3Mo2Br9
23.1617402,1.8585647,627,K3Mo2I9
42.6936635,10.9659508,628,K3Mo2O9
2.4264648,0.4270653,629,K3Mo2S9
2.9721345,0.6133309,630,K3Mo2P9
51.844861,15.6776943,631,K3W2F9
34.9162439,8.4173641,632,K3W2Cl9
40.1343924,4.5081792,633,K3W2Br9
39.625703,5.8936089,634,K3W2I9
44.1048746,9.762871,635,K3W2O9
20.3312462,4.2588347,636,K3W2S9
14.1831481,3.3228202,637,K3W2P9
46.7321743,13.9470828,638,K3Mn2F9
21.1415008,4.0942474,639,K3Mn2Cl9
22.6173208,3.726746,640,K3Mn2Br9
23.1585244,5.1900768,641,K3Mn2I9
37.9328033,9.9479173,642,K3Mn2O9
2.1928872,0.4029057,643,K3Mn2S9
2.6192776,0.52199,644,K3Mn2P9
51.0643329,13.1145149,645,K3Tc2F9
21.7483581,2.603219,646,K3Tc2Cl9
22.7169268,1.8597197,647,K3Tc2Br9
23.2760621,1.8585647,648,K3Tc2I9
42.4468656,10.6631513,649,K3Tc2O9
2.4406277,0.445768,650,K3Tc2S9
2.7493009,0.552639,651,K3Tc2P9
50.5894217,15.4110847,652,K3Re2F9
36.6126798,5.6624119,653,K3Re2Cl9
39.5737632,4.5620948,654,K3Re2Br9
33.9016366,5.4355778,655,K3Re2I9
42.6289334,9.4704626,656,K3Re2O9
14.5700467,3.5296931,657,K3Re2S9
13.6933287,3.3078914,658,K3Re2P9
60.7754065,14.0260987,659,K3Fe2F9
21.4542667,4.448341,660,K3Fe2Cl9
22.6022296,3.7232148,661,K3Fe2Br9
23.1610059,5.1855675,662,K3Fe2I9
38.0504504,9.9431727,663,K3Fe2O9
2.2854142,0.3935396,664,K3Fe2S9
2.5959796,0.5115993,665,K3Fe2P9
54.5576974,15.3242946,666,K3Os2F9
30.8631245,5.2139969,667,K3Os2Cl9
34.2044591,4.0951718,668,K3Os2Br9
33.8673932,5.3057736,669,K3Os2I9
43.0610497,9.6094973,670,K3Os2O9
14.765934,3.4683737,671,K3Os2S9
6.6961181,2.7290555,672,K3Os2P9
55.0346117,13.0278121,673,K3Ru2F9
21.6729584,2.5807199,674,K3Ru2Cl9
22.7032562,1.8552104,675,K3Ru2Br9
23.2623915,1.8540554,676,K3Ru2I9
42.8266345,10.7673821,677,K3Ru2O9
2.3758214,0.4278867,678,K3Ru2S9
2.864313,0.5998226,679,K3Ru2P9
61.1569989,14.1478164,680,K3Co2F9
25.0981072,4.5898842,681,K3Co2Cl9
23.1406636,3.8622579,682,K3Co2Br9
23.6992351,5.3246512,683,K3Co2I9
42.4832025,10.1135671,684,K3Co2O9
2.2798612,0.3933693,685,K3Co2S9
2.5975539,0.5115993,686,K3Co2P9
51.3025416,11.8145133,687,K3Rh2F9
24.7206375,2.2028891,688,K3Rh2Cl9
21.9221398,1.8143839,689,K3Rh2Br9
22.126699,1.8277799,690,K3Rh2I9
42.033296,9.8706498,691,K3Rh2O9
2.2352778,0.3890251,692,K3Rh2S9
2.7557166,0.5045374,693,K3Rh2P9
54.872703,13.4496076,694,K3Ir2F9
19.7075289,2.56039,695,K3Ir2Cl9
23.2253751,1.8537405,696,K3Ir2Br9
23.3036002,3.3826359,697,K3Ir2I9
46.8810315,9.6508857,698,K3Ir2O9
1.0647289,0.2746452,699,K3Ir2S9
1.6560523,0.4823828,700,K3Ir2P9
60.937914,13.794061,701,K3Ni2F9
24.4654862,4.2119967,702,K3Ni2Cl9
21.8165324,3.8229131,703,K3Ni2Br9
22.0255477,5.2988387,704,K3Ni2I9
42.4312214,10.098029,705,K3Ni2O9
2.1438457,0.3545077,706,K3Ni2S9
2.4948028,0.4996293,707,K3Ni2P9
51.004891,12.2255676,708,K3Pt2F9
19.0943012,2.111531,709,K3Pt2Cl9
22.409007,1.7877417,710,K3Pt2Br9
21.999907,5.1181777,711,K3Pt2I9
42.3347331,8.6227681,712,K3Pt2O9
0.373246,0.1150632,713,K3Pt2S9
0.6297936,0.2216472,714,K3Pt2P9
56.9117962,17.9439583,715,K3Pd2F9
24.8129232,4.0626872,716,K3Pd2Cl9
21.7944059,3.6094096,717,K3Pd2Br9
22.0033497,3.6226127,718,K3Pd2I9
44.1631593,14.282223,719,K3Pd2O9
2.2702391,0.362018,720,K3Pd2S9
2.512537,0.481236,721,K3Pd2P9
61.2539389,13.7765502,722,K3Cu2F9
50.735392,15.137789,723,K3Cu2Cl9
48.0804813,14.7480972,724,K3Cu2Br9
48.2921563,16.2240058,725,K3Cu2I9
42.1236849,9.8144467,726,K3Cu2O9
2.1774254,0.3465946,727,K3Cu2S9
2.4534426,0.461712,728,K3Cu2P9
51.1914641,13.578697,729,K3Ag2F9
50.8146556,15.1187737,730,K3Ag2Cl9
48.0814723,14.7001628,731,K3Ag2Br9
48.2924121,14.7134532,732,K3Ag2I9
41.9344729,9.7480671,733,K3Ag2O9
2.1618217,0.3404642,734,K3Ag2S9
2.4497892,0.4331371,735,K3Ag2P9
50.7560652,13.9078185,736,K3Au2F9
45.3081368,15.0255862,737,K3Au2Cl9
48.6021886,14.7009428,738,K3Au2Br9
48.2972049,16.2165821,739,K3Au2I9
42.2423409,8.5207855,740,K3Au2O9
0.3265453,0.1135936,741,K3Au2S9
0.6446804,0.2235037,742,K3Au2P9
67.11972,16.8280504,743,K3Zn2F9
24.3941183,4.0550711,744,K3Zn2Cl9
21.7340978,3.6098417,745,K3Zn2Br9
21.9458673,5.13254,746,K3Zn2I9
44.6157309,14.3115096,747,K3Zn2O9
1.9710262,0.3533651,748,K3Zn2S9
2.3550928,0.4714801,749,K3Zn2P9
57.9569345,16.9795177,750,K3Cd2F9
24.4628862,4.0342264,751,K3Cd2Cl9
21.741225,3.6097963,752,K3Cd2Br9
21.9520107,3.6228613,753,K3Cd2I9
45.3156053,14.3914912,754,K3Cd2O9
1.960699,0.3481958,755,K3Cd2S9
2.3846868,0.4511632,756,K3Cd2P9
94.2971998,25.8804702,757,K3Hg2F9
26.2725507,3.9609766,758,K3Hg2Cl9
25.565197,3.5972571,759,K3Hg2Br9
25.0971998,5.1049852,760,K3Hg2I9
74.1307874,20.8220287,761,K3Hg2O9
2.5400765,0.157176,762,K3Hg2S9
0.5861941,0.2342747,763,K3Hg2P9
48.6567705,10.4646785,764,K3Al2F9
2.9008099,0.50384,765,K3Al2Cl9
0.3869381,0.1860888,766,K3Al2Br9
0.6720969,0.1513373,767,K3Al2I9
37.0286044,9.2260097,768,K3Al2O9
2.663469,0.450133,769,K3Al2S9
2.9686271,0.5453777,770,K3Al2P9
51.1156913,9.5523047,771,K3Ga2F9
2.6140072,0.4179067,772,K3Ga2Cl9
0.5770348,0.1393316,773,K3Ga2Br9
0.5683727,0.1159807,774,K3Ga2I9
39.4058065,8.3342239,775,K3Ga2O9
2.2807342,0.3526854,776,K3Ga2S9
2.7095402,0.5018952,777,K3Ga2P9
69.8252732,17.7433435,778,K3In2F9
3.5212172,0.3809548,779,K3In2Cl9
0.3261188,0.1161679,780,K3In2Br9
0.6128655,0.1162853,781,K3In2I9
68.0596774,16.5893745,782,K3In2O9
2.4635492,0.381082,783,K3In2S9
2.3492668,0.4443457,784,K3In2P9
69.7162544,17.1996606,785,K3Tl2F9
0.2885639,0.1887036,786,K3Tl2Cl9
0.3300641,0.1182952,787,K3Tl2Br9
0.5352193,0.1082054,788,K3Tl2I9
67.4303088,16.6934125,789,K3Tl2O9
2.1901944,0.1495425,790,K3Tl2S9
0.5771334,0.2007148,791,K3Tl2P9
52.4795832,10.8326406,792,K3Si2F9
18.7286016,4.7828343,793,K3Si2Cl9
0.3803419,0.120868,794,K3Si2Br9
0.6688284,0.0860056,795,K3Si2I9
37.879225,9.9364722,796,K3Si2O9
3.0206515,0.4702676,797,K3Si2S9
2.9184363,0.5460307,798,K3Si2P9
81.1518682,17.5444553,799,K3Ge2F9
2.5758965,0.3663697,800,K3Ge2Cl9
0.2828835,0.0401761,801,K3Ge2Br9
0.4909092,0.0394033,802,K3Ge2I9
67.8076763,16.4534961,803,K3Ge2O9
2.6217136,0.3477844,804,K3Ge2S9
4.2802152,0.5270833,805,K3Ge2P9
51.1156913,9.5523047,806,K3Ga2F9
2.6140072,0.4179067,807,K3Ga2Cl9
0.5770348,0.1393316,808,K3Ga2Br9
0.5683727,0.1159807,809,K3Ga2I9
39.4058065,8.3342239,810,K3Ga2O9
2.2807342,0.3526854,811,K3Ga2S9
2.7095402,0.5018952,812,K3Ga2P9
81.0634413,19.6671474,813,K3Sn2F9
1.8536517,0.3209589,814,K3Sn2Cl9
0.196544,0.0395873,815,K3Sn2Br9
0.463119,0.078813,816,K3Sn2I9
75.6929009,18.9967395,817,K3Sn2O9
2.2056757,0.3467294,818,K3Sn2S9
2.3065711,0.4625495,819,K3Sn2P9
73.8380836,17.5834077,820,K3Pb2F9
0.178178,0.1134155,821,K3Pb2Cl9
0.2073506,0.048123,822,K3Pb2Br9
0.4061819,0.0312482,823,K3Pb2I9
75.7422267,18.490902,824,K3Pb2O9
0.2792928,0.1281254,825,K3Pb2S9
0.5610153,0.1914902,826,K3Pb2P9
64.4182107,10.5239567,827,K3As2F9
2.5324595,0.3546975,828,K3As2Cl9
0.2834882,0.0404883,829,K3As2Br9
0.3994627,0.0385184,830,K3As2I9
72.0713987,16.3144469,831,K3As2O9
2.6003506,0.348366,832,K3As2S9
3.9280608,0.5290066,833,K3As2P9
80.9195124,19.4128989,834,K3Sb2F9
1.9770843,0.314699,835,K3Sb2Cl9
0.2053643,0.0429777,836,K3Sb2Br9
0.4910406,0.0781304,837,K3Sb2I9
79.2570236,18.5116861,838,K3Sb2O9
2.3307407,0.3423509,839,K3Sb2S9
2.3768161,0.4481969,840,K3Sb2P9
81.3744738,19.1233639,841,K3Bi2F9
0.1807789,0.1125137,842,K3Bi2Cl9
0.204271,0.0414203,843,K3Bi2Br9
0.5051768,0.0616697,844,K3Bi2I9
79.8074369,18.3796907,845,K3Bi2O9
0.187845,0.1105341,846,K3Bi2S9
0.5709466,0.1893781,847,K3Bi2P9
89.4438364,20.1142483,848,K3Se2F9
24.9430153,4.0261159,849,K3Se2Cl9
25.0294079,3.5896338,850,K3Se2Br9
24.3368854,4.9179984,851,K3Se2I9
71.9310161,16.2059662,852,K3Se2O9
4.6380536,0.3642484,853,K3Se2S9
2.2672653,0.4515389,854,K3Se2P9
88.7279191,21.9176919,855,K3Te2F9
24.0253588,3.9994673,856,K3Te2Cl9
26.9684779,3.5897934,857,K3Te2Br9
26.6787973,3.424724,858,K3Te2I9
79.547984,18.5910264,859,K3Te2O9
2.0501392,0.3330878,860,K3Te2S9
2.1763799,0.4421912,861,K3Te2P9
47.2947165,12.0089165,862,Rb3Ti2F9
20.7239012,2.847437,863,Rb3Ti2Cl9
22.8105337,3.8609735,864,Rb3Ti2Br9
22.5057882,3.8450034,865,Rb3Ti2I9
37.2525806,9.5527866,866,Rb3Ti2O9
2.2474619,0.4192283,867,Rb3Ti2S9
2.3439518,0.5253028,868,Rb3Ti2P9
78.0630378,21.0374085,869,Rb3Zr2F9
26.42721,2.8871632,870,Rb3Zr2Cl9
26.0446742,2.2716784,871,Rb3Zr2Br9
25.7307533,2.2618283,872,Rb3Zr2I9
76.0361808,18.6882911,873,Rb3Zr2O9
1.4676136,0.3734929,874,Rb3Zr2S9
3.5544444,0.5852302,875,Rb3Zr2P9
64.926075,13.9149079,876,Rb3Hf2F9
22.7669202,4.3723829,877,Rb3Hf2Cl9
26.6056612,2.2478904,878,Rb3Hf2Br9
25.7412768,2.2810532,879,Rb3Hf2I9
80.4459785,18.7053318,880,Rb3Hf2O9
1.261382,0.2988854,881,Rb3Hf2S9
3.2574393,0.5037599,882,Rb3Hf2P9
47.2322232,12.254918,883,Rb3V2F9
21.3309867,2.8495608,884,Rb3V2Cl9
22.8322315,2.2476006,885,Rb3V2Br9
22.5421397,2.2516442,886,Rb3V2I9
38.7774716,9.591995,887,Rb3V2O9
2.3493016,0.4578618,888,Rb3V2S9
2.7051281,0.5501769,889,Rb3V2P9
51.4542925,14.9178801,890,Rb3Nb2F9
19.9423219,2.7995746,891,Rb3Nb2Cl9
22.8406451,2.2702007,892,Rb3Nb2Br9
22.5841458,2.2645219,893,Rb3Nb2I9
57.0060171,13.1271739,894,Rb3Nb2O9
1.4356946,0.3491943,895,Rb3Nb2S9
1.6710128,0.4773419,896,Rb3Nb2P9
51.8532536,13.4133963,897,Rb3Ta2F9
22.9175482,6.2355454,898,Rb3Ta2Cl9
34.4828992,4.5547192,899,Rb3Ta2Br9
33.8183964,4.2183388,900,Rb3Ta2I9
57.3361126,12.8722732,901,Rb3Ta2O9
4.68984,2.3296852,902,Rb3Ta2S9
5.9673354,2.5011974,903,Rb3Ta2P9
46.1618199,12.1754582,904,Rb3Cr2F9
21.1855753,2.4167516,905,Rb3Cr2Cl9
22.7171992,1.8597183,906,Rb3Cr2Br9
22.4271074,1.8636528,907,Rb3Cr2I9
37.6636519,10.0378465,908,Rb3Cr2O9
2.303856,0.427696,909,Rb3Cr2S9
2.6396038,0.5402361,910,Rb3Cr2P9
50.4305972,14.6506026,911,Rb3Mo2F9
23.7015638,4.3372342,912,Rb3Mo2Cl9
22.7181902,1.8595298,913,Rb3Mo2Br9
22.461738,1.8764263,914,Rb3Mo2I9
42.6423069,10.9305141,915,Rb3Mo2O9
1.4236796,0.3460762,916,Rb3Mo2S9
2.0061875,0.5623068,917,Rb3Mo2P9
51.844861,15.3895681,918,Rb3W2F9
49.8615677,11.774024,919,Rb3W2Cl9
40.1047014,4.5081792,920,Rb3W2Br9
39.2828494,4.451826,921,Rb3W2I9
44.2154977,9.5501978,922,Rb3W2O9
19.8767739,4.2520826,923,Rb3W2S9
14.0380633,3.4297756,924,Rb3W2P9
46.7770937,14.0003503,925,Rb3Mn2F9
21.0858021,3.90778,926,Rb3Mn2Cl9
22.6173613,3.6807664,927,Rb3Mn2Br9
22.3269533,3.6844238,928,Rb3Mn2I9
37.8784528,9.8991088,929,Rb3Mn2O9
2.1676326,0.3686115,930,Rb3Mn2S9
2.5674282,0.5030128,931,Rb3Mn2P9
50.616982,14.4412683,932,Rb3Tc2F9
20.1588475,2.4035873,933,Rb3Tc2Cl9
22.7169673,1.8595298,934,Rb3Tc2Br9
22.4615061,1.8764263,935,Rb3Tc2I9
42.0661649,10.4996643,936,Rb3Tc2O9
1.3312402,0.2883017,937,Rb3Tc2S9
1.7776464,0.5016149,938,Rb3Tc2P9
50.5869067,15.1838211,939,Rb3Re2F9
36.1662731,6.9901106,940,Rb3Re2Cl9
39.895173,4.5132656,941,Rb3Re2Br9
33.5587402,3.9294598,942,Rb3Re2I9
42.7395565,9.2577894,943,Rb3Re2O9
14.1162919,3.5850378,944,Rb3Re2S9
13.5613628,3.4148468,945,Rb3Re2P9
50.472647,13.990662,946,Rb3Fe2F9
21.104833,4.2665764,947,Rb3Fe2Cl9
22.6022701,3.6762571,948,Rb3Fe2Br9
22.286046,3.6799145,949,Rb3Fe2I9
37.9960999,9.9397693,950,Rb3Fe2O9
2.1749636,0.3532896,951,Rb3Fe2S9
2.5885552,0.4866583,952,Rb3Fe2P9
54.5576974,13.1006263,953,Rb3Os2F9
30.4729893,6.4881572,954,Rb3Os2Cl9
34.5356688,4.0461236,955,Rb3Os2Br9
33.5244968,3.7996556,956,Rb3Os2I9
43.1716728,9.3968241,957,Rb3Os2O9
14.3841644,3.5522076,958,Rb3Os2S9
6.7418343,2.7911523,959,Rb3Os2P9
54.3490371,14.5638125,960,Rb3Ru2F9
20.5419249,2.4350224,961,Rb3Ru2Cl9
22.7032967,1.8550205,962,Rb3Ru2Br9
22.4478355,1.8728951,963,Rb3Ru2I9
42.858436,10.7675567,964,Rb3Ru2O9
1.2544231,0.2704204,965,Rb3Ru2S9
1.9557479,0.5487985,966,Rb3Ru2P9
50.8567544,14.1123797,967,Rb3Co2F9
24.7462013,4.4622728,968,Rb3Co2Cl9
23.1407041,3.8150812,969,Rb3Co2Br9
22.82448,3.8189982,970,Rb3Co2I9
42.428852,10.1101637,971,Rb3Co2O9
2.1729194,0.3531986,972,Rb3Co2S9
2.5855411,0.4866583,973,Rb3Co2P9
50.5851655,13.3505137,974,Rb3Rh2F9
23.1717184,2.026291,975,Rb3Rh2Cl9
21.922475,1.8152826,976,Rb3Rh2Br9
21.3923204,1.8334071,977,Rb3Rh2I9
42.033752,9.8573653,978,Rb3Rh2O9
0.8118833,0.1980275,979,Rb3Rh2S9
1.531337,0.4129513,980,Rb3Rh2P9
54.872703,13.222344,981,Rb3Ir2F9
19.7078892,3.9308291,982,Rb3Ir2Cl9
23.2162297,1.8538315,983,Rb3Ir2Br9
22.4480681,1.8846751,984,Rb3Ir2I9
46.992677,9.4247534,985,Rb3Ir2O9
0.9660851,0.2449206,986,Rb3Ir2S9
1.5444395,0.4788362,987,Rb3Ir2P9
50.6376695,13.7586243,988,Rb3Ni2F9
24.1163001,4.1873735,989,Rb3Ni2Cl9
21.81662,3.7759554,990,Rb3Ni2Br9
21.2649783,3.7797948,991,Rb3Ni2I9
42.3768709,10.0389424,992,Rb3Ni2O9
1.9559361,0.3147464,993,Rb3Ni2S9
2.4826773,0.4746883,994,Rb3Ni2P9
48.7164957,11.613665,995,Rb3Pt2F9
19.0944139,3.5087473,996,Rb3Pt2Cl9
21.8535878,1.7932356,997,Rb3Pt2Br9
21.3622508,3.6425029,998,Rb3Pt2I9
40.7671044,8.1753034,999,Rb3Pt2O9
0.3726736,0.1325708,1000,Rb3Pt2S9
0.5288976,0.1944969,1001,Rb3Pt2P9
56.2487706,19.4799587,1002,Rb3Pd2F9
23.1080458,3.8678852,1003,Rb3Pd2Cl9
21.7946062,3.6103097,1004,Rb3Pd2Br9
21.2638542,3.6152779,1005,Rb3Pd2I9
44.1631593,14.2689385,1006,Rb3Pd2O9
0.5543947,0.1493981,1007,Rb3Pd2S9
1.1850441,0.3639358,1008,Rb3Pd2P9
50.7962255,13.7344624,1009,Rb3Cu2F9
49.0911281,15.0075389,1010,Rb3Cu2Cl9
48.0806816,14.7237148,1011,Rb3Cu2Br9
47.5293117,14.7052914,1012,Rb3Cu2I9
42.0694205,9.7480558,1013,Rb3Cu2O9
1.915711,0.3029185,1014,Rb3Cu2S9
2.2819445,0.4143924,1015,Rb3Cu2P9
50.5284385,15.150396,1016,Rb3Ag2F9
49.3160412,14.9239717,1017,Rb3Ag2Cl9
48.081443,14.7009212,1018,Rb3Ag2Br9
47.5550468,14.7061184,1019,Rb3Ag2I9
41.934559,9.7480671,1020,Rb3Ag2O9
0.4481108,0.1236042,1021,Rb3Ag2S9
1.0943638,0.3346755,1022,Rb3Ag2P9
48.4676699,14.2761696,1023,Rb3Au2F9
45.3083356,16.4228025,1024,Rb3Au2Cl9
48.0516704,14.7062482,1025,Rb3Au2Br9
47.5600903,14.7057789,1026,Rb3Au2I9
40.0279568,7.9271741,1027,Rb3Au2O9
0.227549,0.0837499,1028,Rb3Au2S9
0.5438705,0.1963534,1029,Rb3Au2P9
56.7163571,16.7915791,1030,Rb3Zn2F9
22.8263505,4.0307602,1031,Rb3Zn2Cl9
21.7342981,3.632417,1032,Rb3Zn2Br9
21.1828551,3.6137151,1033,Rb3Zn2I9
44.6157309,14.2802646,1034,Rb3Zn2O9
1.7240727,0.3320149,1035,Rb3Zn2S9
2.1882958,0.4241605,1036,Rb3Zn2P9
57.2939089,18.6595698,1037,Rb3Cd2F9
22.9556334,3.8344365,1038,Rb3Cd2Cl9
21.742264,3.6106065,1039,Rb3Cd2Br9
21.1888211,3.6156059,1040,Rb3Cd2I9
45.3156037,14.3914912,1041,Rb3Cd2O9
0.3881519,0.1333888,1042,Rb3Cd2S9
0.6852164,0.2396885,1043,Rb3Cd2P9
84.3648882,26.2505814,1044,Rb3Hg2F9
26.2336783,5.3368297,1045,Rb3Hg2Cl9
25.0786928,3.6244188,1046,Rb3Hg2Br9
24.3031432,3.593365,1047,Rb3Hg2I9
71.9820783,20.2357216,1048,Rb3Hg2O9
2.2754644,0.1115625,1049,Rb3Hg2S9
0.4840677,0.2071244,1050,Rb3Hg2P9
39.771207,10.4647658,1051,Rb3Al2F9
2.5984624,0.4803718,1052,Rb3Al2Cl9
0.3691952,0.1446153,1053,Rb3Al2Br9
0.366711,0.1426578,1054,Rb3Al2I9
37.5908066,9.2504773,1055,Rb3Al2O9
2.5726506,0.4428138,1056,Rb3Al2S9
2.7544813,0.5154655,1057,Rb3Al2P9
41.375354,9.5524793,1058,Rb3Ga2F9
0.8114357,0.2919013,1059,Rb3Ga2Cl9
0.5772024,0.1372121,1060,Rb3Ga2Br9
0.2621014,0.1078607,1061,Rb3Ga2I9
39.4058065,8.3520493,1062,Rb3Ga2O9
1.9909289,0.3313352,1063,Rb3Ga2S9
2.4818861,0.4545575,1064,Rb3Ga2P9
69.8257292,17.9142824,1065,Rb3In2F9
1.9423356,0.2085342,1066,Rb3In2Cl9
0.2322664,0.1068661,1067,Rb3In2Br9
0.4271626,0.1390584,1068,Rb3In2I9
68.9074439,16.5893745,1069,Rb3In2O9
0.7317757,0.1634067,1070,Rb3In2S9
0.6663701,0.2328891,1071,Rb3In2P9
67.6621567,16.7735934,1072,Rb3Tl2F9
0.2889037,0.1620369,1073,Rb3Tl2Cl9
0.2356386,0.1100516,1074,Rb3Tl2Br9
0.2287875,0.1079354,1075,Rb3Tl2I9
66.2985275,16.1688216,1076,Rb3Tl2O9
2.0007788,0.1039139,1077,Rb3Tl2S9
0.4654956,0.1972606,1078,Rb3Tl2P9
45.3545911,10.8156969,1079,Rb3Si2F9
2.5731767,0.4193988,1080,Rb3Si2Cl9
0.3502067,0.0793463,1081,Rb3Si2Br9
0.3441443,0.0780158,1082,Rb3Si2I9
39.2397866,9.9526368,1083,Rb3Si2O9
2.7363544,0.4480269,1084,Rb3Si2S9
2.8072502,0.5386423,1085,Rb3Si2P9
73.4359049,17.5446299,1086,Rb3Ge2F9
0.8230085,0.2384819,1087,Rb3Ge2Cl9
0.1757599,0.0320728,1088,Rb3Ge2Br9
0.1709601,0.0312221,1089,Rb3Ge2I9
67.8076763,16.5186377,1090,Rb3Ge2O9
2.07264,0.3264161,1091,Rb3Ge2S9
3.9362463,0.4797637,1092,Rb3Ge2P9
41.375354,9.5524793,1093,Rb3Ga2F9
0.8114357,0.2919013,1094,Rb3Ga2Cl9
0.5772024,0.1372121,1095,Rb3Ga2Br9
0.2621014,0.1078607,1096,Rb3Ga2I9
39.4058065,8.3520493,1097,Rb3Ga2O9
1.9909289,0.3313352,1098,Rb3Ga2S9
2.4818861,0.4545575,1099,Rb3Ga2P9
81.0634413,19.837485,1100,Rb3Sn2F9
0.2281332,0.1166477,1101,Rb3Sn2Cl9
0.102658,0.0318649,1102,Rb3Sn2Br9
0.0988361,0.0308631,1103,Rb3Sn2I9
76.5406674,18.9967395,1104,Rb3Sn2O9
0.3417793,0.1169363,1105,Rb3Sn2S9
0.6491815,0.2227025,1106,Rb3Sn2P9
71.7832321,17.147846,1107,Rb3Pb2F9
0.1782692,0.086854,1108,Rb3Pb2Cl9
0.1253965,0.0413012,1109,Rb3Pb2Br9
0.1003632,0.0309782,1110,Rb3Pb2I9
74.5074367,17.9663111,1111,Rb3Pb2O9
0.1909817,0.0860585,1112,Rb3Pb2S9
0.4494246,0.188036,1113,Rb3Pb2P9
54.6778734,10.5241313,1114,Rb3As2F9
0.785906,0.2309195,1115,Rb3As2Cl9
0.189291,0.032307,1116,Rb3As2Br9
0.1167229,0.0315849,1117,Rb3As2I9
72.0713987,16.4074301,1118,Rb3As2O9
2.0488696,0.3269977,1119,Rb3As2S9
3.5879254,0.4804022,1120,Rb3As2P9
80.9195124,19.4737615,1121,Rb3Sb2F9
0.2355934,0.1155568,1122,Rb3Sb2Cl9
0.1224677,0.0349527,1123,Rb3Sb2Br9
0.1168455,0.0318322,1124,Rb3Sb2I9
80.1047901,18.5116861,1125,Rb3Sb2O9
0.3366412,0.1170595,1126,Rb3Sb2S9
0.6416662,0.2171432,1127,Rb3Sb2P9
79.3167375,18.7450908,1128,Rb3Bi2F9
0.1808438,0.0860627,1129,Rb3Bi2Cl9
0.122394,0.0331586,1130,Rb3Bi2Br9
0.1193261,0.0323964,1131,Rb3Bi2I9
78.4471981,17.8550998,1132,Rb3Bi2O9
0.1876783,0.084065,1133,Rb3Bi2S9
0.4601231,0.186281,1134,Rb3Bi2P9
81.0648475,20.1144229,1135,Rb3Se2F9
22.8695922,4.0016714,1136,Rb3Se2Cl9
24.9644446,3.6040278,1137,Rb3Se2Br9
23.5729294,3.3992166,1138,Rb3Se2I9
71.9310161,16.4084244,1139,Rb3Se2O9
2.7584344,0.2578757,1140,Rb3Se2S9
1.893278,0.4029315,1141,Rb3Se2P9
88.0648935,23.5986913,1142,Rb3Te2F9
22.2851153,3.7936654,1143,Rb3Te2Cl9
26.9028616,3.5817143,1144,Rb3Te2Br9
25.7896613,3.3686759,1145,Rb3Te2I9
80.3957505,18.5910264,1146,Rb3Te2O9
0.333555,0.1177812,1147,Rb3Te2S9
0.5192686,0.2018495,1148,Rb3Te2P9
47.2947165,13.4681624,1149,Cs3Ti2F9
20.4120421,2.8331299,1150,Cs3Ti2Cl9
22.7891391,3.8546175,1151,Cs3Ti2Br9
23.0537145,3.8575824,1152,Cs3Ti2I9
54.7101085,12.6914539,1153,Cs3Ti2O9
1.2880811,0.2774172,1154,Cs3Ti2S9
1.7106973,0.4155055,1155,Cs3Ti2P9
85.3522886,21.3332639,1156,Cs3Zr2F9
26.8313321,4.379104,1157,Cs3Zr2Cl9
25.90937,2.2465846,1158,Cs3Zr2Br9
25.7380116,2.2678747,1159,Cs3Zr2I9
59.6878137,16.6225981,1160,Cs3Zr2O9
1.3631872,0.3223986,1161,Cs3Zr2S9
3.4959951,0.5340013,1162,Cs3Zr2P9
73.9286689,17.2405186,1163,Cs3Hf2F9
23.6426694,5.0881825,1164,Cs3Hf2Cl9
26.2802073,2.251563,1165,Cs3Hf2Br9
25.7458223,2.2800082,1166,Cs3Hf2I9
65.9073284,17.0702366,1167,Cs3Hf2O9
1.2494581,0.2500159,1168,Cs3Hf2S9
3.2615407,0.4615493,1169,Cs3Hf2P9
47.2322232,13.7165035,1170,Cs3V2F9
20.3575329,2.8309665,1171,Cs3V2Cl9
22.8247427,2.2447734,1172,Cs3V2Br9
23.097738,2.2504634,1173,Cs3V2I9
57.3253474,12.8745475,1174,Cs3V2O9
1.3137533,0.3204328,1175,Cs3V2S9
1.6584309,0.4444927,1176,Cs3V2P9
52.3246107,14.6922834,1177,Cs3Nb2F9
20.3439887,4.2915435,1178,Cs3Nb2Cl9
22.8270741,2.2446202,1179,Cs3Nb2Br9
22.57632,2.2638742,1180,Cs3Nb2I9
60.3742346,12.8970982,1181,Cs3Nb2O9
1.2627479,0.2939419,1182,Cs3Nb2S9
1.577599,0.4262284,1183,Cs3Nb2P9
69.8415648,17.2984368,1184,Cs3Ta2F9
23.4806906,6.9631904,1185,Cs3Ta2Cl9
33.9356023,4.5418804,1186,Cs3Ta2Br9
34.013668,4.6266071,1187,Cs3Ta2I9
61.6761435,12.8548707,1188,Cs3Ta2O9
4.8200733,2.2440836,1189,Cs3Ta2S9
6.185585,2.417449,1190,Cs3Ta2P9
46.3163136,13.640234,1191,Cs3Cr2F9
20.1908278,2.3964433,1192,Cs3Cr2Cl9
22.709878,1.8568134,1193,Cs3Cr2Br9
22.9827057,1.8622146,1194,Cs3Cr2I9
56.1544735,13.2846081,1195,Cs3Cr2O9
1.2436328,0.2883552,1196,Cs3Cr2S9
1.6089405,0.4312743,1197,Cs3Cr2P9
50.4305972,14.3624764,1198,Cs3Mo2F9
23.8976801,5.8440625,1199,Cs3Mo2Cl9
22.7046663,1.8567224,1200,Cs3Mo2Br9
22.4539122,1.8752616,1201,Cs3Mo2I9
57.1636012,13.2762695,1202,Cs3Mo2O9
1.2500154,0.2847807,1203,Cs3Mo2S9
1.8708643,0.4511145,1204,Cs3Mo2P9
51.8608833,15.7318226,1205,Cs3W2F9
50.7062945,12.4993777,1206,Cs3W2Cl9
39.3192413,4.5673851,1207,Cs3W2Br9
39.5804697,4.8474337,1208,Cs3W2I9
57.9024344,12.9910816,1209,Cs3W2O9
19.8713037,4.0978778,1210,Cs3W2S9
14.2370251,3.3460272,1211,Cs3W2P9
46.7745787,15.4651261,1212,Cs3Mn2F9
20.0854068,3.8873844,1213,Cs3Mn2Cl9
22.605869,3.6779408,1214,Cs3Mn2Br9
22.8786577,3.6772789,1215,Cs3Mn2I9
57.847916,13.7209845,1216,Cs3Mn2O9
1.1217987,0.2403161,1217,Cs3Mn2S9
1.5354394,0.3932963,1218,Cs3Mn2P9
49.2467704,13.9430598,1219,Cs3Tc2F9
20.235606,3.9070141,1220,Cs3Tc2Cl9
22.704602,1.8567008,1221,Cs3Tc2Br9
22.4669758,1.8752616,1222,Cs3Tc2I9
54.297355,12.7378608,1223,Cs3Tc2O9
1.202291,0.2811574,1224,Cs3Tc2S9
1.654523,0.4270904,1225,Cs3Tc2P9
50.602929,15.5260756,1226,Cs3Re2F9
36.6933647,7.7158003,1227,Cs3Re2Cl9
39.3191985,4.6556044,1228,Cs3Re2Br9
33.658071,4.3871643,1229,Cs3Re2I9
56.3347161,13.0360577,1230,Cs3Re2O9
14.1102328,3.4076962,1231,Cs3Re2S9
13.6673143,3.30581,1232,Cs3Re2P9
50.472647,15.544142,1233,Cs3Fe2F9
20.1060252,4.2239633,1234,Cs3Fe2Cl9
22.5907778,3.6734315,1235,Cs3Fe2Br9
22.864985,3.6724527,1236,Cs3Fe2I9
52.2720551,13.1496054,1237,Cs3Fe2O9
1.0478721,0.2189511,1238,Cs3Fe2S9
1.4882263,0.3769418,1239,Cs3Fe2P9
54.5737197,13.4428808,1240,Cs3Os2F9
31.0002095,7.2137299,1241,Cs3Os2Cl9
33.9598229,4.1094137,1242,Cs3Os2Br9
33.8647594,4.2767481,1243,Cs3Os2I9
56.7132693,13.1643776,1244,Cs3Os2O9
14.3675844,3.3730647,1245,Cs3Os2S9
6.7192201,2.5833148,1246,Cs3Os2P9
54.3490371,14.2756863,1247,Cs3Ru2F9
20.1007132,3.9385512,1248,Cs3Ru2Cl9
22.6909314,1.8521915,1249,Cs3Ru2Br9
22.4548523,1.8707523,1250,Cs3Ru2I9
56.4563221,13.2325936,1251,Cs3Ru2O9
1.1264456,0.2633784,1252,Cs3Ru2S9
1.8274016,0.4452023,1253,Cs3Ru2P9
50.8567544,15.6870944,1254,Cs3Co2F9
23.7611064,4.4215715,1255,Cs3Co2Cl9
23.1246094,3.8122273,1256,Cs3Co2Br9
23.4035476,3.8115248,1257,Cs3Co2I9
42.429308,10.0544805,1258,Cs3Co2O9
1.2289156,0.2192695,1259,Cs3Co2S9
1.4899133,0.3769418,1260,Cs3Co2P9
48.9526736,12.851417,1261,Cs3Rh2F9
22.7329789,3.5298198,1262,Cs3Rh2Cl9
21.5516166,1.8125904,1263,Cs3Rh2Br9
21.3993372,1.830998,1264,Cs3Rh2I9
54.3391313,12.7548931,1265,Cs3Rh2O9
0.6880643,0.1914811,1266,Cs3Rh2S9
0.9907442,0.3301972,1267,Cs3Rh2P9
54.9946806,13.5645985,1268,Cs3Ir2F9
20.232725,4.6325675,1269,Cs3Ir2Cl9
23.0124675,1.8570611,1270,Cs3Ir2Br9
22.4675333,1.8861421,1271,Cs3Ir2I9
56.6115091,13.1465644,1272,Cs3Ir2O9
0.9306468,0.1949767,1273,Cs3Ir2S9
1.5257883,0.3925779,1274,Cs3Ir2P9
50.6376695,15.333339,1275,Cs3Ni2F9
22.7172629,5.513953,1276,Cs3Ni2Cl9
21.8010166,3.7732645,1277,Cs3Ni2Br9
21.2894792,3.7858132,1278,Cs3Ni2I9
42.3768709,10.0389424,1279,Cs3Ni2O9
0.4617867,0.1438294,1280,Cs3Ni2S9
0.8459966,0.2695328,1281,Cs3Ni2P9
48.841189,12.5445528,1282,Cs3Pt2F9
19.6145628,4.7105431,1283,Cs3Pt2Cl9
21.8450198,3.3017241,1284,Cs3Pt2Br9
21.3666258,3.6446425,1285,Cs3Pt2I9
49.7408422,12.3197684,1286,Cs3Pt2O9
0.3246861,0.0823838,1287,Cs3Pt2S9
0.4942737,0.1521049,1288,Cs3Pt2P9
54.6526249,18.980862,1289,Cs3Pd2F9
22.6758185,5.3716025,1290,Cs3Pd2Cl9
21.4232876,3.6073546,1291,Cs3Pd2Br9
21.2669699,3.6128359,1292,Cs3Pd2I9
61.7311582,16.8475078,1293,Cs3Pd2O9
0.4247525,0.1426503,1294,Cs3Pd2S9
0.7176307,0.2529598,1295,Cs3Pd2P9
50.7962255,15.2847521,1296,Cs3Cu2F9
48.881794,16.4295895,1297,Cs3Cu2Cl9
48.0707754,14.7000958,1298,Cs3Cu2Br9
47.5602046,14.7058109,1299,Cs3Cu2I9
53.1679596,13.3094463,1300,Cs3Cu2O9
0.324762,0.1167171,1301,Cs3Cu2S9
0.6700389,0.2267126,1302,Cs3Cu2P9
48.8959466,14.6391285,1303,Cs3Ag2F9
48.881794,16.4297,1304,Cs3Ag2Cl9
47.7162016,14.6998943,1305,Cs3Ag2Br9
47.5448251,14.7055755,1306,Cs3Ag2I9
55.0157918,12.9855792,1307,Cs3Ag2O9
0.3227713,0.1165504,1308,Cs3Ag2S9
0.6391698,0.2232765,1309,Cs3Ag2P9
48.5923632,14.2250436,1310,Cs3Au2F9
45.8282354,17.6264988,1311,Cs3Au2Cl9
48.040563,16.2163839,1312,Cs3Au2Br9
48.0799383,14.708649,1313,Cs3Au2I9
50.5166957,12.526262,1314,Cs3Au2O9
0.1776797,0.033168,1315,Cs3Au2S9
0.5092482,0.1535665,1316,Cs3Au2P9
56.7163571,18.4725785,1317,Cs3Zn2F9
22.8400776,5.3392958,1318,Cs3Zn2Cl9
21.7234095,3.6068339,1319,Cs3Zn2Br9
21.1864194,3.6122899,1320,Cs3Zn2I9
44.6157309,14.280126,1321,Cs3Zn2O9
0.2552457,0.1255514,1322,Cs3Zn2S9
0.6077733,0.2365362,1323,Cs3Zn2P9
55.2029327,19.0339043,1324,Cs3Cd2F9
22.518264,5.3371888,1325,Cs3Cd2Cl9
21.376113,3.6074597,1326,Cs3Cd2Br9
21.1776898,3.6131639,1327,Cs3Cd2I9
64.1602197,17.4196948,1328,Cs3Cd2O9
0.2763611,0.1262108,1329,Cs3Cd2S9
0.5764415,0.2340446,1330,Cs3Cd2P9
84.4093111,26.3282709,1331,Cs3Hg2F9
26.750783,6.5531842,1332,Cs3Hg2Cl9
25.0651161,5.1324958,1333,Cs3Hg2Br9
24.8238323,3.5949302,1334,Cs3Hg2I9
80.3492416,22.5440723,1335,Cs3Hg2O9
2.2261143,0.061575,1336,Cs3Hg2S9
0.4645862,0.1638577,1337,Cs3Hg2P9
39.7168565,10.4901044,1338,Cs3Al2F9
0.7662201,0.2941272,1339,Cs3Al2Cl9
0.3535528,0.1419228,1340,Cs3Al2Br9
0.3534219,0.1419808,1341,Cs3Al2I9
37.5908066,9.2506519,1342,Cs3Al2O9
1.1175136,0.3274082,1343,Cs3Al2S9
1.313259,0.4198396,1344,Cs3Al2P9
41.37581,9.6749996,1345,Cs3Ga2F9
0.3417501,0.1803394,1346,Cs3Ga2Cl9
0.5625137,0.135319,1347,Cs3Ga2Br9
0.2477147,0.1067311,1348,Cs3Ga2I9
39.2440904,8.3344153,1349,Cs3Ga2O9
0.2947666,0.1159341,1350,Cs3Ga2S9
0.9073897,0.2566906,1351,Cs3Ga2P9
68.4869361,17.2235324,1352,Cs3In2F9
1.8262434,0.2020834,1353,Cs3In2Cl9
0.2156569,0.1049281,1354,Cs3In2Br9
0.2149616,0.1045858,1355,Cs3In2I9
77.2969455,19.2482925,1356,Cs3In2O9
0.3015928,0.1259982,1357,Cs3In2S9
0.5590322,0.2272726,1358,Cs3In2P9
68.3465808,16.6972161,1359,Cs3Tl2F9
0.2554416,0.113942,1360,Cs3Tl2Cl9
0.2187108,0.1077647,1361,Cs3Tl2Br9
0.2277776,0.1056169,1362,Cs3Tl2I9
86.7231904,21.8947954,1363,Cs3Tl2O9
1.9514287,0.0540431,1364,Cs3Tl2S9
0.4569625,0.1544976,1365,Cs3Tl2P9
45.3545911,10.8767341,1366,Cs3Si2F9
0.8014752,0.2247276,1367,Cs3Si2Cl9
0.3327729,0.0781862,1368,Cs3Si2Br9
0.3529493,0.0774363,1369,Cs3Si2I9
39.2397866,9.9393523,1370,Cs3Si2O9
1.216622,0.3328999,1371,Cs3Si2S9
1.4369526,0.420712,1372,Cs3Si2P9
73.435991,17.5572125,1373,Cs3Ge2F9
0.327298,0.1225907,1374,Cs3Ge2Cl9
0.1680944,0.03162,1375,Cs3Ge2Br9
0.1794523,0.0290963,1376,Cs3Ge2I9
68.6554428,16.5186377,1377,Cs3Ge2O9
0.2811157,0.1095599,1378,Cs3Ge2S9
2.4081718,0.3001918,1379,Cs3Ge2P9
41.37581,9.6749996,1380,Cs3Ga2F9
0.3417501,0.1803394,1381,Cs3Ga2Cl9
0.5625137,0.135319,1382,Cs3Ga2Br9
0.2477147,0.1067311,1383,Cs3Ga2I9
39.2440904,8.3344153,1384,Cs3Ga2O9
0.2947666,0.1159341,1385,Cs3Ga2S9
0.9073897,0.2566906,1386,Cs3Ga2P9
79.6438469,19.1376672,1387,Cs3Sn2F9
0.2043377,0.1131059,1388,Cs3Sn2Cl9
0.0963191,0.0308778,1389,Cs3Sn2Br9
0.0816608,0.0285773,1390,Cs3Sn2I9
95.0454113,24.1974512,1391,Cs3Sn2O9
0.2158714,0.1097432,1392,Cs3Sn2S9
0.5315665,0.2170586,1393,Cs3Sn2P9
72.4676562,17.0714687,1394,Cs3Pb2F9
0.1278819,0.0369321,1395,Cs3Pb2Cl9
0.1076073,0.0389746,1396,Cs3Pb2Br9
0.1018958,0.0322037,1397,Cs3Pb2I9
95.1825551,23.6642683,1398,Cs3Pb2O9
0.1417602,0.0360498,1399,Cs3Pb2S9
0.457769,0.14802,1400,Cs3Pb2P9
54.6750747,10.5367139,1401,Cs3As2F9
0.2796067,0.1150283,1402,Cs3As2Cl9
0.172197,0.0300501,1403,Cs3As2Br9
0.1007738,0.0291703,1404,Cs3As2I9
72.9191652,16.4074301,1405,Cs3As2O9
0.2069913,0.1101566,1406,Cs3As2S9
2.0575458,0.3025091,1407,Cs3As2P9
79.4747927,18.7831501,1408,Cs3Sb2F9
0.2074248,0.111898,1409,Cs3Sb2Cl9
0.1039936,0.0322317,1410,Cs3Sb2Br9
0.1023045,0.0292801,1411,Cs3Sb2I9
94.4635198,23.5583424,1412,Cs3Sb2O9
0.2120689,0.109826,1413,Cs3Sb2S9
0.5235525,0.2114004,1414,Cs3Sb2P9
80.1071169,18.6687135,1415,Cs3Bi2F9
0.1325273,0.0359509,1416,Cs3Bi2Cl9
0.1041665,0.0304696,1417,Cs3Bi2Br9
0.1207287,0.0329722,1418,Cs3Bi2I9
95.32773,23.5390314,1419,Cs3Bi2O9
0.1514332,0.0333793,1420,Cs3Bi2S9
0.4678114,0.145962,1421,Cs3Bi2P9
81.0647997,21.7954223,1422,Cs3Se2F9
22.8844766,5.3093067,1423,Cs3Se2Cl9
24.5946961,3.5790834,1424,Cs3Se2Br9
23.561398,3.3962058,1425,Cs3Se2I9
72.7787826,16.3602412,1426,Cs3Se2O9
2.2945783,0.1299014,1427,Cs3Se2S9
0.402887,0.1962269,1428,Cs3Se2P9
85.7401889,23.9686335,1429,Cs3Te2F9
21.946309,5.3004652,1430,Cs3Te2Cl9
26.6921952,3.58431,1431,Cs3Te2Br9
25.7793011,3.3661351,1432,Cs3Te2I9
94.5923603,23.5999267,1433,Cs3Te2O9
0.2115909,0.1105758,1434,Cs3Te2S9
0.40161,0.1961501,1435,Cs3Te2P9
