LTC,LTC(800),filename,
255.2181354,45.8022384,36,Be3Ta2F9
255.2181354,46.7667359,57,Be3W2F9
254.6787993,51.4725985,40,Be3Ta2O9
253.7592144,51.4725985,61,Be3W2O9
251.0473792,47.6318084,78,Be3Re2F9
249.7054567,51.761047,82,Be3Re2O9
249.3837866,55.9691083,96,Be3Os2O9
249.0072334,50.8284775,92,Be3Os2F9
203.6184415,48.3526451,58,Be3W2Cl9
201.8869554,50.1764815,79,Be3Re2Cl9
201.8815793,51.3296842,93,Be3Os2Cl9
179.4317129,49.1639208,98,Be3Os2P9
177.8161569,48.9319301,84,Be3Re2P9
176.7066712,48.4773465,63,Be3W2P9
175.4454496,47.3264523,56,Be3Mo2P9
174.3362548,45.1846978,259,Be3As2P9
174.2258991,45.506419,231,Be3Ge2P9
171.668669,46.3816046,266,Be3Sb2P9
171.5970288,45.6688733,224,Be3Si2P9
171.0273983,46.0176718,112,Be3Co2P9
170.6646349,47.1121049,245,Be3Sn2P9
169.888206,47.5652219,105,Be3Ru2P9
169.2507557,45.4447798,252,Be3Pb2P9
169.1988779,44.9794447,161,Be3Ag2P9
169.0357253,45.1503084,168,Be3Au2P9
169.007939,44.9973476,154,Be3Cu2P9
168.6643361,44.8490495,119,Be3Rh2P9
168.2774139,47.9983189,126,Be3Ir2P9
168.2607926,44.8008726,77,Be3Tc2P9
168.2079354,44.8478088,7,Be3Ti2P9
168.0888378,45.5776625,140,Be3Pt2P9
167.9616073,45.5302974,133,Be3Ni2P9
167.7104862,44.6749083,196,Be3Al2P9
167.6832191,45.3380979,91,Be3Fe2P9
167.5482365,44.4217696,147,Be3Pd2P9
167.537976,45.1676565,217,Be3Tl2P9
167.4132276,45.7523654,210,Be3In2P9
167.1924272,45.5490428,182,Be3Cd2P9
167.1202707,45.745589,175,Be3Zn2P9
166.833954,44.2755223,203,Be3Ga2P9
166.833954,44.2755223,238,Be3Ga2P9
166.7165479,44.6783757,189,Be3Hg2P9
166.0131446,44.7575421,49,Be3Cr2P9
165.9533592,44.3889116,70,Be3Mn2P9
165.9077538,44.4743096,28,Be3V2P9
158.2322592,42.7397767,62,Be3W2S9
153.5981618,41.8198813,273,Be3Bi2P9
153.564677,41.869823,97,Be3Os2S9
151.5904284,40.4740005,83,Be3Re2S9
150.9033662,42.5082118,287,Be3Te2P9
150.003921,42.7038182,279,Be3Se2S9
149.4204414,41.7967533,280,Be3Se2P9
148.8545847,41.6391601,202,Be3Ga2S9
148.8545847,41.6391601,237,Be3Ga2S9
148.6711118,39.0918443,258,Be3As2S9
147.4542086,41.4233021,167,Be3Au2S9
147.3085435,40.3655817,55,Be3Mo2S9
146.8720806,38.4487148,118,Be3Rh2S9
146.7669094,41.0857229,125,Be3Ir2S9
146.6620517,38.5516667,146,Be3Pd2S9
146.5645278,38.5528358,139,Be3Pt2S9
145.7392906,38.5382402,104,Be3Ru2S9
145.6718514,37.2811357,230,Be3Ge2S9
144.9898646,37.4755477,223,Be3Si2S9
144.4351123,37.6468807,272,Be3Bi2S9
144.030379,39.2627998,251,Be3Pb2S9
143.9212372,37.9330574,153,Be3Cu2S9
143.7797668,37.7940857,132,Be3Ni2S9
143.7653207,39.0545542,286,Be3Te2S9
143.485979,36.7333596,160,Be3Ag2S9
142.9229111,37.7041361,90,Be3Fe2S9
142.2568105,37.9028113,265,Be3Sb2S9
142.186325,37.8988742,244,Be3Sn2S9
142.1059105,38.0920942,111,Be3Co2S9
141.171602,37.3203459,76,Be3Tc2S9
140.678401,37.1253564,209,Be3In2S9
140.379199,36.7016126,188,Be3Hg2S9
139.4435567,37.3816474,48,Be3Cr2S9
133.6581534,37.5174932,181,Be3Cd2S9
128.0959372,21.826064,1156,Ba3Zr2F9
128.0730522,21.6776672,869,Sr3Zr2F9
125.6574266,22.1984474,1142,Sr3Te2F9
125.14561,22.7297354,1429,Ba3Te2F9
123.1061437,20.972076,1422,Ba3Se2F9
122.5825598,19.7857287,1090,Sr3Ge2O9
122.368472,21.5805186,1331,Ba3Hg2F9
122.0242491,20.1122932,873,Sr3Zr2O9
121.3719863,19.5462089,880,Sr3Hf2O9
121.2455255,19.0699424,1373,Ba3Ge2F9
121.1936814,18.9198928,1377,Ba3Ge2O9
121.1724409,21.5743646,1044,Sr3Hg2F9
120.0127225,18.9943263,1118,Sr3As2O9
119.7123232,19.9111886,1104,Sr3Sn2O9
119.4427383,19.9226947,1125,Sr3Sb2O9
119.3143268,19.4410635,1415,Ba3Bi2F9
119.2899391,20.3375632,1146,Sr3Te2O9
119.2615769,19.1909796,1387,Ba3Sn2F9
119.2495465,19.3087498,1408,Ba3Sb2F9
119.0491263,20.0042988,1100,Sr3Sn2F9
118.8923242,19.1272029,1391,Ba3Sn2O9
118.5955965,19.0482304,1412,Ba3Sb2O9
118.5940689,19.3995044,1128,Sr3Bi2F9
118.440048,19.1278918,1132,Sr3Bi2O9
118.1473105,19.529307,1433,Ba3Te2O9
118.0741162,19.1298171,1419,Ba3Bi2O9
117.9925818,18.9418392,1086,Sr3Ge2F9
117.7175478,18.9532073,1398,Ba3Pb2O9
116.8195848,18.0732528,1352,Ba3In2F9
116.7560767,18.7121716,1069,Sr3In2O9
116.7052697,18.1194128,1359,Ba3Tl2F9
116.2681012,19.6944619,1135,Sr3Se2F9
116.0533072,18.6626978,1405,Ba3As2O9
115.9360777,17.8446143,1356,Ba3In2O9
115.7525511,18.4560929,1426,Ba3Se2O9
115.6600935,18.9005795,1065,Sr3In2F9
115.5748404,34.1567254,59,Be3W2Br9
115.5700679,17.9603233,1394,Ba3Pb2F9
115.3033446,17.3709506,1076,Sr3Tl2O9
115.2599647,18.9003811,1121,Sr3Sb2F9
115.0896506,17.3610837,1363,Ba3Tl2O9
114.888576,17.7353813,1111,Sr3Pb2O9
114.7881819,18.8475055,859,Ca3Te2O9
114.6328521,18.4644589,1139,Sr3Se2O9
114.4738723,17.6681526,1048,Sr3Hg2O9
114.4713373,17.7020239,1335,Ba3Hg2O9
114.4242386,17.9185038,1107,Sr3Pb2F9
114.3535102,18.065474,1072,Sr3Tl2F9
113.1278699,21.6186469,1240,Ba3Os2F9
112.6253905,21.9549858,1226,Ba3Re2F9
111.9595148,21.0539526,939,Sr3Re2F9
111.5287355,21.7949568,1205,Ba3W2F9
111.0244784,20.9210564,918,Sr3W2F9
110.9680403,20.7124592,953,Sr3Os2F9
110.7888688,21.4873736,1167,Ba3Hf2O9
110.6705702,21.9945263,1160,Ba3Zr2O9
110.6125768,21.4799789,1184,Ba3Ta2F9
110.200798,20.5923005,897,Sr3Ta2F9
106.2231064,15.9085822,817,Ca3Sn2O9
105.8937229,16.0228757,845,Ca3Bi2O9
105.6056451,18.8174888,876,Sr3Hf2F9
105.3703457,19.665966,1163,Ba3Hf2F9
105.2120256,17.0898596,1247,Ba3Ru2F9
105.0389047,16.7878306,855,Ca3Te2F9
104.4019347,20.9871949,1268,Ba3Ir2F9
103.5300337,17.4957879,1219,Ba3Tc2F9
103.2948787,19.7714021,1198,Ba3Mo2F9
103.017905,16.9296581,974,Sr3Rh2F9
102.988318,20.1164998,981,Sr3Ir2F9
102.9118769,16.9257961,960,Sr3Ru2F9
102.7763104,19.8285515,1177,Ba3Nb2F9
102.6393692,19.6107575,911,Sr3Mo2F9
102.1208009,19.623908,890,Sr3Nb2F9
101.3859593,17.4462036,943,Sr3Re2O9
101.2566689,17.3397939,932,Sr3Tc2F9
101.0959426,17.5339629,1230,Ba3Re2O9
100.6499981,17.2904151,922,Sr3W2O9
100.3605478,17.4656174,1209,Ba3W2O9
99.903241,15.3390789,1254,Ba3Co2F9
99.8165938,16.8544039,1289,Ba3Pd2F9
99.7859933,15.1864818,1261,Ba3Rh2F9
99.7768579,15.1022121,1233,Ba3Fe2F9
99.7486993,15.7215453,1296,Ba3Cu2F9
99.6149899,18.3965251,610,Ca3Ta2F9
99.6101523,16.0684707,1275,Ba3Ni2F9
99.5760082,17.2330105,957,Sr3Os2O9
99.5484893,16.9002819,1282,Ba3Pt2F9
99.503189,17.7646722,901,Sr3Ta2O9
99.4306002,17.3255961,1244,Ba3Os2O9
98.8095023,16.7648474,1310,Ba3Au2F9
98.5603268,15.385917,1170,Ba3V2F9
98.4873364,17.4416973,631,Ca3W2F9
98.3532331,15.1696001,1191,Ba3Cr2F9
98.2156593,14.9264971,946,Sr3Fe2F9
98.1876581,15.5506284,1002,Sr3Pd2F9
98.1094637,15.5061427,1009,Sr3Cu2F9
98.0557189,18.54426,995,Sr3Pt2F9
98.0157338,15.3372294,1212,Ba3Mn2F9
97.9086857,17.9196338,22,Be3V2F9
97.865161,15.1372916,883,Sr3V2F9
97.7872894,18.039516,43,Be3Cr2F9
97.7752711,15.1994192,1149,Ba3Ti2F9
97.7052418,16.5186048,666,Ca3Os2F9
97.6164923,16.14363,1303,Ba3Ag2F9
97.5361512,15.908827,47,Be3Cr2O9
97.4486711,15.3816048,1016,Sr3Ag2F9
97.3167319,16.8286619,1023,Sr3Au2F9
97.1759626,15.1621696,925,Sr3Mn2F9
96.9424196,14.9472472,862,Sr3Ti2F9
96.8983979,15.9395242,103,Be3Ru2O9
96.7920345,14.9541975,904,Sr3Cr2F9
96.15274,15.5722389,567,Mg3Se2P9
95.9253253,16.5596751,652,Ca3Re2F9
95.7041519,16.074579,546,Mg3As2P9
95.3615764,15.1936313,26,Be3V2O9
94.9780742,15.0809517,1366,Ba3Si2F9
94.5327033,17.1301307,99,Be3Ru2F9
94.2228784,19.1971281,100,Be3Ru2Cl9
94.1631307,18.7323405,16,Be3Hf2Cl9
94.1317203,15.6634238,1317,Ba3Zn2F9
94.004554,14.7546432,539,Mg3Pb2P9
93.6011926,16.9456543,15,Be3Hf2F9
93.3467914,15.1184072,1370,Ba3Si2O9
92.9800146,15.9093758,518,Mg3Ge2P9
92.8774014,16.4366902,120,Be3Ir2F9
92.7688325,16.2985143,29,Be3Nb2F9
92.7563493,13.7730078,1300,Ba3Cu2O9
92.687486,16.8875707,71,Be3Tc2F9
92.45258,16.1955725,1324,Ba3Cd2F9
92.4024154,13.8262593,967,Sr3Co2F9
92.1681978,14.5454197,988,Sr3Ni2F9
92.1501095,16.3630588,50,Be3Mo2F9
92.1182926,13.8261007,978,Sr3Rh2O9
92.0855548,16.1999811,113,Be3Rh2F9
92.063756,13.7453658,1013,Sr3Cu2O9
92.0605116,18.2532868,51,Be3Mo2Cl9
92.0241845,15.9175474,582,Ca3Zr2F9
92.0181145,13.8059663,964,Sr3Ru2O9
91.9982354,13.66953,1251,Ba3Ru2O9
91.9306421,14.0694897,1258,Ba3Co2O9
91.9248814,14.0577419,1279,Ba3Ni2O9
91.9066606,15.0278847,476,Mg3Hg2P9
91.8991482,17.8797544,37,Be3Ta2Cl9
91.8080176,17.178346,894,Sr3Nb2O9
91.804153,13.9110833,1216,Ba3Mn2O9
91.8030553,13.9229628,929,Sr3Mn2O9
91.7720315,16.9812164,1181,Ba3Nb2O9
91.699441,13.698789,1020,Sr3Ag2O9
91.6631746,15.4708816,1037,Sr3Cd2F9
91.6567366,15.3373606,589,Ca3Hf2F9
91.6415732,18.158322,121,Be3Ir2Cl9
91.6378279,13.6850985,1265,Ba3Rh2O9
91.5421011,16.695126,985,Sr3Ir2O9
91.4092438,14.137946,1237,Ba3Fe2O9
91.4024409,13.6378466,1293,Ba3Pd2O9
91.4013432,13.7822402,1006,Sr3Pd2O9
91.3966931,16.7831457,1272,Ba3Ir2O9
91.3514514,13.6780556,1027,Sr3Au2O9
91.2887406,13.6782746,999,Sr3Pt2O9
91.282779,16.5738461,107,Be3Co2Cl9
91.2380488,14.0375437,971,Sr3Co2O9
91.2060434,13.6100229,1314,Ba3Au2O9
91.1433326,13.7375536,1286,Ba3Pt2O9
90.9960056,15.4164952,614,Ca3Ta2O9
90.9291092,17.8486161,30,Be3Nb2Cl9
90.8726415,14.5521568,635,Ca3W2O9
90.8645203,13.5886959,1195,Ba3Cr2O9
90.8619668,13.4969754,908,Sr3Cr2O9
90.8064209,15.0864612,1083,Sr3Si2O9
90.7784663,13.9803353,936,Sr3Tc2O9
90.7424802,13.7833162,1223,Ba3Tc2O9
90.7166505,14.0213173,950,Sr3Fe2O9
90.6086704,13.6801003,887,Sr3V2O9
90.5021223,14.0257959,992,Sr3Ni2O9
90.4473918,17.5090937,603,Ca3Nb2F9
90.412839,16.7208671,379,Mg3Os2F9
90.3405679,13.7911295,1174,Ba3V2O9
90.3101512,16.3036761,915,Sr3Mo2O9
90.2741651,16.1984648,1202,Ba3Mo2O9
90.230929,14.1311601,532,Mg3Sn2P9
90.0972907,15.5959979,497,Mg3In2P9
90.0754682,13.9587933,574,Mg3Te2P9
90.0487722,14.705055,511,Mg3Si2P9
89.8614439,12.9792432,1307,Ba3Ag2O9
89.8236147,13.813531,866,Sr3Ti2O9
89.7050819,15.2841016,490,Mg3Ga2P9
89.7050819,15.2841016,525,Mg3Ga2P9
89.6524694,16.2569716,344,Mg3W2F9
89.559132,16.7063257,365,Mg3Re2F9
89.5555122,13.8120359,1153,Ba3Ti2O9
89.4807772,17.7525282,106,Be3Co2F9
89.3157172,13.7154239,656,Ca3Re2O9
89.2138357,17.2140783,128,Be3Ni2Cl9
88.9059553,13.4480713,1345,Ba3Ga2F9
88.9059553,13.4480713,1380,Ba3Ga2F9
88.835969,13.8480243,670,Ca3Os2O9
88.803114,13.582587,1338,Ba3Al2F9
88.5649944,16.1085618,566,Mg3Se2S9
88.526895,15.8182336,323,Mg3Ta2F9
88.4627062,13.8682689,553,Mg3Sb2P9
88.3275888,13.8609274,1079,Sr3Si2F9
88.1874407,14.5906152,1401,Ba3As2F9
88.0510521,17.0828226,85,Be3Fe2F9
87.8216944,17.0134271,94,Be3Os2Br9
87.7484056,15.0014267,41,Be3Ta2S9
87.5051699,18.657193,127,Be3Ni2F9
87.4993487,14.3582906,64,Be3Mn2F9
87.4210005,14.7281743,455,Mg3Au2P9
87.3837736,15.8418327,148,Be3Cu2F9
87.0417962,13.9187977,1114,Sr3As2F9
87.008867,17.0555544,80,Be3Re2Br9
86.5521738,13.7451963,1321,Ba3Zn2O9
86.3800795,12.5816684,687,Ca3Rh2F9
86.3680914,15.5373022,110,Be3Co2O9
86.3277187,15.3683849,694,Ca3Ir2F9
86.2720365,15.3322105,673,Ca3Ru2F9
86.2454947,13.0944273,1349,Ba3Ga2O9
86.2454947,13.0944273,1384,Ba3Ga2O9
86.2312214,14.2809909,1030,Sr3Zn2F9
85.8488276,15.6483144,122,Be3Ir2Br9
85.8108536,14.0446545,1041,Sr3Cd2O9
85.7438949,14.2007678,275,Be3Se2Cl9
85.6921883,18.0057144,9,Be3Zr2Cl9
85.5892534,13.1593546,1342,Ba3Al2O9
85.5547439,15.9721944,2,Be3Ti2Cl9
85.5345454,17.7801722,198,Be3Ga2Cl9
85.5345454,17.7801722,233,Be3Ga2Cl9
85.4252036,18.4691515,72,Be3Tc2Cl9
85.3244273,16.3171023,73,Be3Tc2Br9
85.2936719,12.2871872,152,Be3Cu2O9
85.2100468,15.0504846,89,Be3Fe2O9
85.1557246,15.3830181,86,Be3Fe2Cl9
85.141974,12.3022563,131,Be3Ni2O9
85.1269238,13.1924756,575,Ca3Ti2F9
85.1011569,13.712942,1034,Sr3Zn2O9
84.9139201,12.8082997,19,Be3Hf2O9
84.8711511,12.4161327,68,Be3Mn2O9
84.7829511,13.0544852,1062,Sr3Ga2O9
84.7829511,13.0544852,1097,Sr3Ga2O9
84.6431546,13.2606688,1328,Ba3Cd2O9
84.6288178,13.5964498,124,Be3Ir2O9
84.5593595,12.5613695,54,Be3Mo2O9
84.5069935,12.8603,75,Be3Tc2O9
84.4816766,13.3094123,117,Be3Rh2O9
84.3523225,12.5048153,33,Be3Nb2O9
84.2732082,12.7249807,645,Ca3Tc2F9
84.2244136,14.554031,483,Mg3Al2P9
84.1916422,17.5032224,23,Be3V2Cl9
84.0943257,15.4810476,624,Ca3Mo2F9
83.9511223,12.6224613,596,Ca3V2F9
83.9455138,15.4405865,108,Be3Co2Br9
83.8942263,17.428234,44,Be3Cr2Cl9
83.8882942,17.2791314,136,Be3Pt2Br9
83.8690363,13.1583403,1055,Sr3Al2O9
83.8675345,16.8542268,142,Be3Pd2Cl9
83.8599519,12.7579807,617,Ca3Cr2F9
83.8118756,17.7164498,114,Be3Rh2Cl9
83.3724544,16.4828258,1,Be3Ti2F9
83.2861477,13.9531577,87,Be3Fe2Br9
83.2821319,16.6938291,135,Be3Pt2Cl9
83.1917306,14.0650581,504,Mg3Tl2P9
83.0679714,15.9470277,129,Be3Ni2Br9
83.0425116,14.6804973,282,Be3Te2Cl9
82.9118646,12.5268071,268,Be3Bi2Cl9
82.9089269,11.3530331,506,Mg3Si2Cl9
82.7379537,12.2916414,586,Ca3Zr2O9
82.6276619,17.4081716,1188,Ba3Ta2O9
82.5928512,11.6652605,560,Mg3Bi2P9
82.3710477,16.2558017,101,Be3Ru2Br9
82.2601366,14.9884177,143,Be3Pd2Br9
82.1719071,14.4279849,607,Ca3Nb2O9
82.0599181,15.755123,8,Be3Zr2F9
81.930387,14.4942797,562,Mg3Se2Cl9
81.9135703,15.2196881,115,Be3Rh2Br9
81.9098386,12.8828946,327,Mg3Ta2O9
81.8920927,11.9553798,593,Ca3Hf2O9
81.8753435,14.9890367,45,Be3Cr2Br9
81.8225001,12.6519584,69,Be3Mn2S9
81.7804342,14.0205789,162,Be3Au2F9
81.7002921,14.5397583,276,Be3Se2Br9
81.6867583,16.9328035,141,Be3Pd2F9
81.6105937,10.7799441,715,Ca3Pd2F9
81.5769306,14.0999742,171,Be3Zn2Br9
81.5466851,12.129108,27,Be3V2S9
81.5438429,10.4847574,659,Ca3Fe2F9
81.5330994,10.7526283,680,Ca3Co2F9
81.4430247,12.0547872,803,Ca3Ge2O9
81.439921,10.6582142,722,Ca3Cu2F9
81.3968981,12.2860816,708,Ca3Pt2F9
81.3906657,11.2282121,736,Ca3Au2F9
81.3348486,12.9669408,369,Mg3Re2O9
81.2809894,14.0029207,170,Be3Zn2Cl9
81.2682813,10.9737726,701,Ca3Ni2F9
81.2193308,13.6165277,66,Be3Mn2Br9
81.0773959,14.4354562,177,Be3Cd2Cl9
81.0038862,12.6288152,348,Mg3W2O9
80.9353124,16.7785864,134,Be3Pt2F9
80.9106861,12.3116581,1058,Sr3Ga2F9
80.9106861,12.3116581,1093,Sr3Ga2F9
80.8262176,12.0278403,831,Ca3As2O9
80.8090716,12.3622776,1051,Sr3Al2F9
80.793454,12.9120013,261,Be3Sb2Cl9
80.7791284,10.725731,729,Ca3Ag2F9
80.7499165,13.098349,383,Mg3Os2O9
80.6282978,13.4323795,283,Be3Te2Br9
80.5958839,11.0291901,733,Ca3Ag2O9
80.5006292,18.5624474,199,Be3Ga2Br9
80.5006292,18.5624474,234,Be3Ga2Br9
80.4446434,12.5585659,6,Be3Ti2S9
80.3620874,12.4768367,254,Be3As2Cl9
80.3567478,11.6313098,274,Be3Se2F9
80.3257164,10.3455807,691,Ca3Rh2O9
80.3089296,11.8014881,212,Be3Tl2Cl9
80.2467966,11.0254513,740,Ca3Au2O9
80.2240559,13.0790541,677,Ca3Ru2O9
80.1840858,11.0256703,712,Ca3Pt2O9
80.1105948,14.3236282,34,Be3Nb2S9
80.0897032,10.3410557,726,Ca3Cu2O9
80.0358566,13.0378564,386,Mg3Ru2F9
80.0198022,13.4003127,24,Be3V2Br9
79.9930326,12.6533168,240,Be3Sn2Cl9
79.8586993,13.4854714,149,Be3Cu2Cl9
79.7088894,13.065802,698,Ca3Ir2O9
79.6933178,10.3032153,719,Ca3Pd2O9
79.5129423,16.5375423,489,Mg3Ga2S9
79.5129423,16.5375423,524,Mg3Ga2S9
79.4682403,13.7275546,65,Be3Mn2Cl9
79.4516477,10.0818986,621,Ca3Cr2O9
79.430822,13.3836887,178,Be3Cd2Br9
79.3458521,10.4653835,638,Ca3Mn2F9
79.30278,10.2964711,684,Ca3Co2O9
79.2221999,13.004596,163,Be3Au2Cl9
79.2186975,10.2892892,705,Ca3Ni2O9
79.2023804,11.0452875,579,Ca3Ti2O9
79.1856089,10.7745887,281,Be3Te2F9
79.1847538,13.5326213,628,Ca3Mo2O9
79.1203229,13.7706451,150,Be3Cu2Br9
79.0669594,11.7370023,247,Be3Pb2Cl9
79.0290626,13.6080091,164,Be3Au2Br9
79.0222227,10.1941439,642,Ca3Mn2O9
78.9505164,12.127198,191,Be3Al2Cl9
78.9436136,13.0871449,358,Mg3Tc2F9
78.8779085,9.9285229,600,Ca3V2O9
78.8469001,13.4519426,475,Mg3Hg2S9
78.7733927,10.2236748,649,Ca3Tc2O9
78.7696503,10.2494836,663,Ca3Fe2O9
78.7676455,14.3413319,380,Mg3Os2Cl9
78.7586031,13.0950032,156,Be3Ag2Cl9
78.6454011,13.1927916,302,Mg3Hf2F9
78.5733997,13.7821234,496,Mg3In2S9
78.5396891,13.953459,469,Mg3Cd2P9
78.5380986,10.6999438,768,Ca3Al2O9
78.5339341,13.8124411,471,Mg3Hg2Cl9
78.4969175,10.6504453,253,Be3As2F9
78.4855579,11.2313671,799,Ca3Ge2F9
78.390569,12.2823814,407,Mg3Ir2F9
78.3033338,11.6062803,226,Be3Ge2Cl9
78.3022396,10.9257676,169,Be3Zn2F9
78.235661,11.5952279,792,Ca3Si2F9
78.1952266,11.0392555,176,Be3Cd2F9
78.1111783,12.3675646,316,Mg3Nb2F9
78.1111783,15.2453776,337,Mg3Mo2F9
78.0937721,10.6031772,218,Be3Si2F9
78.0883879,11.5247732,827,Ca3As2F9
78.0344856,11.8500408,219,Be3Si2Cl9
77.9137655,9.4603704,239,Be3Sn2F9
77.7819009,13.1666459,157,Be3Ag2Br9
77.653925,12.9955823,499,Mg3Tl2Cl9
77.5676272,13.2354928,503,Mg3Tl2S9
77.4415462,9.7320032,267,Be3Bi2F9
77.312164,9.9760319,257,Be3As2O9
77.3027119,13.8611945,366,Mg3Re2Cl9
77.155019,11.6087269,393,Mg3Co2F9
77.0900372,9.887308,197,Be3Ga2F9
77.0900372,9.887308,232,Be3Ga2F9
76.9730659,9.752047,278,Be3Se2O9
76.9410429,9.7140547,204,Be3In2F9
76.7459215,12.2112532,155,Be3Ag2F9
76.5048666,13.4164408,52,Be3Mo2Br9
76.2415494,13.3446622,492,Mg3In2Cl9
76.1773988,9.9798476,225,Be3Ge2F9
76.0435701,9.6795823,211,Be3Tl2F9
75.9962424,17.3889476,485,Mg3Ga2Cl9
75.9962424,17.3889476,520,Mg3Ga2Cl9
75.9773437,12.3717821,216,Be3Tl2S9
75.840799,11.3109033,183,Be3Hg2F9
75.7928412,12.8357354,534,Mg3Pb2Cl9
75.6578192,14.1030441,185,Be3Hg2Br9
75.6481901,9.6536195,260,Be3Sb2F9
75.6155609,11.2641161,288,Mg3Ti2F9
75.5430319,10.3015819,764,Ca3Al2F9
75.3861538,12.2102962,205,Be3In2Cl9
75.3776388,11.2932052,848,Ca3Se2F9
75.3523171,10.1085548,190,Be3Al2F9
75.3486203,10.4542164,173,Be3Zn2O9
75.3372815,12.4187685,569,Mg3Te2Cl9
75.2735404,11.3795392,195,Be3Al2S9
75.2500298,10.6487225,372,Mg3Fe2F9
75.1707785,9.8381263,285,Be3Te2O9
75.1664354,11.7367635,824,Ca3Pb2O9
75.1311131,10.1207974,180,Be3Cd2O9
75.103821,12.3590176,838,Ca3Sb2O9
75.0919643,13.1869384,345,Mg3W2Cl9
75.0855568,11.2189604,789,Ca3Tl2O9
75.0672249,11.2136655,796,Ca3Si2O9
75.0172114,9.9178834,306,Mg3Hf2O9
74.9964629,9.9381451,299,Mg3Zr2O9
74.9604575,13.2865463,174,Be3Zn2S9
74.9490906,9.6969429,201,Be3Ga2O9
74.9490906,9.6969429,236,Be3Ga2O9
74.9033551,10.2195109,428,Mg3Pd2F9
74.9025289,11.3520889,757,Ca3Hg2F9
74.8680011,10.4890298,743,Ca3Zn2F9
74.8525385,9.6880485,243,Be3Sn2O9
74.8157,11.4918887,750,Ca3Cd2F9
74.7047713,11.7892839,761,Ca3Hg2O9
74.6508567,10.5002882,568,Mg3Te2F9
74.5696641,11.682596,852,Ca3Se2O9
74.4766109,11.9983255,399,Mg3Co2P9
74.4372221,9.6086462,208,Be3In2O9
74.4318412,8.9603522,271,Be3Bi2O9
74.3921395,11.2562312,754,Ca3Cd2O9
74.3208777,11.1913395,414,Mg3Ni2F9
74.3103673,12.5014531,5,Be3Ti2O9
74.2739826,11.9962228,441,Mg3Cu2P9
74.2299801,10.0299507,222,Be3Si2O9
74.2130366,10.3617062,775,Ca3Ga2O9
74.2130366,10.3617062,810,Ca3Ga2O9
74.1876885,9.9108948,505,Mg3Si2F9
74.1555311,10.8244037,309,Mg3V2F9
74.0986322,9.6918668,264,Be3Sb2O9
74.0926508,10.6109962,782,Ca3In2O9
74.0157443,10.8542487,295,Mg3Zr2F9
73.9497111,12.3967083,462,Mg3Zn2P9
73.9295422,13.2680791,184,Be3Hg2Cl9
73.8086213,10.4395904,400,Mg3Rh2F9
73.7504352,10.0163859,747,Ca3Zn2O9
73.7485392,12.3012859,359,Mg3Tc2Cl9
73.7270155,11.6803137,406,Mg3Rh2P9
73.7231045,12.4152463,145,Be3Pd2O9
73.591264,11.7694606,413,Mg3Ir2P9
73.5633042,9.3120043,246,Be3Pb2F9
73.4947205,11.7895167,429,Mg3Pd2Cl9
73.4728429,9.6618077,159,Be3Ag2O9
73.4192035,10.9844438,351,Mg3Mn2F9
73.3052594,10.1626894,421,Mg3Pt2F9
73.2626851,11.9360141,408,Mg3Ir2Cl9
73.2248359,9.7162512,166,Be3Au2O9
73.0989193,12.4744777,138,Be3Pt2O9
73.0172357,10.6415557,330,Mg3Cr2F9
73.0022049,13.3543432,338,Mg3Mo2Cl9
72.9919482,11.5140205,385,Mg3Os2P9
72.9782984,11.6527512,12,Be3Zr2O9
72.9757502,13.1829306,541,Mg3As2Cl9
72.934982,11.8358421,269,Be3Bi2Br9
72.9292888,9.8616359,194,Be3Al2O9
72.8889183,10.113483,187,Be3Hg2O9
72.6642057,9.5026816,215,Be3Tl2O9
72.5529047,11.3987944,392,Mg3Ru2P9
72.5244337,9.3408807,229,Be3Ge2O9
72.4738911,12.9093598,513,Mg3Ge2Cl9
72.2558039,11.7317905,434,Mg3Pd2P9
72.2234485,9.8011355,397,Mg3Co2O9
72.0648953,13.0015387,394,Mg3Co2Cl9
72.033669,11.7943854,21,Be3Hf2P9
71.9869372,11.4413046,364,Mg3Tc2P9
71.9399805,11.5154554,14,Be3Zr2P9
71.7294207,11.593173,559,Mg3Bi2S9
71.6433224,11.0858518,427,Mg3Pt2P9
71.5544,11.4044264,310,Mg3V2Cl9
71.5060321,11.6044921,841,Ca3Bi2F9
71.5051092,12.211578,373,Mg3Fe2Cl9
71.4690043,10.1314687,435,Mg3Cu2F9
71.3061239,11.8667878,289,Mg3Ti2Cl9
71.2735622,9.4789859,390,Mg3Ru2O9
71.2274667,13.206738,317,Mg3Nb2Cl9
71.2224513,10.9257338,785,Ca3Tl2F9
71.1686584,11.3752869,813,Ca3Sn2F9
71.1431499,11.2849957,834,Ca3Sb2F9
71.009021,10.8581129,820,Ca3Pb2F9
70.9915704,9.4258617,418,Mg3Ni2O9
70.9738924,12.4891776,387,Mg3Ru2Cl9
70.9531037,11.6448095,420,Mg3Ni2P9
70.9200866,12.7884347,415,Mg3Ni2Cl9
70.7840364,12.4471706,464,Mg3Cd2Cl9
70.734247,11.0590018,378,Mg3Fe2P9
70.7032331,10.2198702,449,Mg3Au2F9
70.65384,9.8698623,292,Mg3Ti2O9
70.6012521,11.3682601,531,Mg3Sn2S9
70.4805085,11.4635226,573,Mg3Te2S9
70.4662035,11.7823407,262,Be3Sb2Br9
70.4473177,9.094013,432,Mg3Pd2O9
70.444742,9.3916371,376,Mg3Fe2O9
70.4398026,10.0516874,771,Ca3Ga2F9
70.4398026,10.0516874,806,Ca3Ga2F9
70.3978232,12.1621897,457,Mg3Zn2Cl9
70.1533687,9.6548264,355,Mg3Mn2O9
70.0708678,11.632063,401,Mg3Rh2Cl9
69.9570956,10.9982202,241,Be3Sn2Br9
69.899251,10.0307689,778,Ca3In2F9
69.8648241,9.1773496,526,Mg3Sn2F9
69.8613099,11.6287988,448,Mg3Ag2P9
69.7123595,9.131877,404,Mg3Rh2O9
69.5729836,9.3679439,313,Mg3V2O9
69.4149473,11.5896878,352,Mg3Mn2Cl9
69.4128727,11.2341206,213,Be3Tl2Br9
69.3933302,9.4164673,554,Mg3Bi2F9
69.3777536,12.5689658,192,Be3Al2Br9
69.369042,9.3297724,509,Mg3Si2O9
69.3603168,9.3690512,362,Mg3Tc2O9
69.308686,8.8211259,320,Mg3Nb2O9
69.2300796,9.1097841,411,Mg3Ir2O9
69.164612,11.758894,422,Mg3Pt2Cl9
69.1481138,11.2180775,552,Mg3Sb2S9
68.975366,9.1298806,425,Mg3Pt2O9
68.9663337,9.4587252,334,Mg3Cr2O9
68.9373624,11.2408394,206,Be3In2Br9
68.7951892,8.72998,250,Be3Pb2O9
68.6595095,11.6243027,341,Mg3Mo2O9
68.5712693,10.3423122,561,Mg3Se2F9
68.4962677,9.2662466,439,Mg3Cu2O9
68.4558187,10.9858569,336,Mg3Cr2P9
68.4220293,11.5591627,42,Be3Ta2P9
68.322571,11.2854731,324,Mg3Ta2Cl9
68.3095362,9.4356263,547,Mg3Sb2F9
68.1041928,11.0762992,357,Mg3Mn2P9
67.9838886,11.7136726,443,Mg3Ag2Cl9
67.91408,9.2270195,453,Mg3Au2O9
67.8291686,12.5893595,255,Be3As2Br9
67.7397049,10.3376123,510,Mg3Si2S9
67.5832843,9.0523997,498,Mg3Tl2F9
67.4334592,10.8373196,517,Mg3Ge2S9
67.408983,11.0382476,545,Mg3As2S9
67.3959734,10.3608001,555,Mg3Bi2Cl9
67.3154506,11.0627645,35,Be3Nb2P9
67.291633,10.5127709,456,Mg3Zn2F9
67.1988239,9.2294515,572,Mg3Te2O9
67.1107299,10.5518093,463,Mg3Cd2F9
67.0888712,9.0670317,530,Mg3Sn2O9
67.0619938,9.3791518,540,Mg3As2F9
67.0607399,10.0360775,538,Mg3Pb2S9
66.9931183,9.1537495,484,Mg3Ga2F9
66.9931183,9.1537495,519,Mg3Ga2F9
66.9806687,11.1005497,450,Mg3Au2Cl9
66.6666102,10.8464373,470,Mg3Hg2F9
66.5100223,11.8891333,331,Mg3Cr2Cl9
66.3763749,12.0163302,227,Be3Ge2Br9
66.1045507,10.754848,248,Be3Pb2Br9
66.064417,9.9559502,442,Mg3Ag2F9
66.0401,10.3659728,482,Mg3Al2S9
65.954987,8.6229677,533,Mg3Pb2F9
65.929106,9.0769921,558,Mg3Bi2O9
65.9004219,9.1608916,491,Mg3In2F9
65.8639496,9.1069206,551,Mg3Sb2O9
65.7960674,11.7635817,436,Mg3Cu2Cl9
65.6412343,8.7905137,477,Mg3Al2F9
65.2243091,12.1356768,220,Be3Si2Br9
65.1385281,8.8898067,565,Mg3Se2O9
65.1197708,10.2787172,454,Mg3Au2S9
65.0871911,9.1808102,544,Mg3As2O9
64.9972146,8.7217877,512,Mg3Ge2F9
64.924873,10.7942888,468,Mg3Cd2S9
64.6825312,10.42327,527,Mg3Sn2Cl9
64.6741367,10.4752059,447,Mg3Ag2S9
64.5025289,10.8905309,461,Mg3Zn2S9
64.4799827,8.7804242,488,Mg3Ga2O9
64.4799827,8.7804242,523,Mg3Ga2O9
64.2803666,9.3462648,460,Mg3Zn2O9
64.2701947,8.9887379,474,Mg3Hg2O9
64.185924,10.4764425,356,Mg3Mn2S9
64.1199674,8.6388159,495,Mg3In2O9
64.0955152,10.6345697,377,Mg3Fe2S9
63.9234321,10.9878411,440,Mg3Cu2S9
63.7506049,10.3647223,433,Mg3Pd2S9
63.7281349,10.6663853,419,Mg3Ni2S9
63.686753,8.4052415,502,Mg3Tl2O9
63.6576667,9.9336942,426,Mg3Pt2S9
63.537607,9.0007766,446,Mg3Ag2O9
63.5079629,10.6103244,548,Mg3Sb2Cl9
63.4806484,9.3188438,467,Mg3Cd2O9
63.3750362,10.7749318,398,Mg3Co2S9
63.3669,10.3153285,478,Mg3Al2Cl9
63.1944503,8.3783976,481,Mg3Al2O9
63.1600681,10.0979528,391,Mg3Ru2S9
63.0479849,9.8056588,335,Mg3Cr2S9
62.8669258,10.2725477,412,Mg3Ir2S9
62.6690359,8.7185858,516,Mg3Ge2O9
62.3137021,8.5266707,537,Mg3Pb2O9
62.1308924,10.0302295,405,Mg3Rh2S9
61.7133324,10.4301489,384,Mg3Os2S9
61.6946715,10.3191649,363,Mg3Tc2S9
60.9460101,12.4396788,3,Be3Ti2Br9
60.71717,10.410723,370,Mg3Re2S9
60.0896633,10.0466933,13,Be3Zr2S9
59.1655459,10.2463257,20,Be3Hf2S9
57.6381225,8.8572822,342,Mg3Mo2S9
57.5210738,8.9576331,793,Ca3Si2Cl9
57.436892,9.9198195,31,Be3Nb2Br9
56.4398576,8.6431485,314,Mg3V2S9
54.2980814,12.3829161,296,Mg3Zr2Cl9
53.2534018,12.6019225,303,Mg3Hf2Cl9
50.1718932,8.934286,681,Ca3Co2Cl9
48.6736943,6.953875,371,Mg3Re2P9
48.3078556,9.300385,702,Ca3Ni2Cl9
47.5813276,7.337683,343,Mg3Mo2P9
45.0479368,8.2903751,849,Ca3Se2Cl9
44.4582074,8.7239349,744,Ca3Zn2Cl9
41.5294722,6.3481731,315,Mg3V2P9
36.2543707,9.3551586,989,Sr3Ni2Cl9
35.6276759,4.8177138,797,Ca3Si2S9
34.8170529,9.6778685,653,Ca3Re2Cl9
34.66123,4.6197699,321,Mg3Nb2S9
34.5936488,4.643418,293,Mg3Ti2S9
34.2052145,4.0800945,765,Ca3Al2Cl9
33.7745398,4.93285,349,Mg3W2S9
33.5533867,4.0290726,772,Ca3Ga2Cl9
33.5533867,4.0290726,807,Ca3Ga2Cl9
33.3692489,9.663754,38,Be3Ta2Br9
31.8119612,3.9159594,800,Ca3Ge2Cl9
31.6644444,9.925431,81,Be3Re2I9
31.5615729,9.8470733,60,Be3W2I9
31.5227345,4.2185323,828,Ca3As2Cl9
31.2284345,7.1945864,322,Mg3Nb2P9
31.1073073,7.1482974,329,Mg3Ta2P9
31.0478497,10.808878,597,Ca3V2Cl9
30.2046778,9.3130843,95,Be3Os2I9
29.9442644,7.4666767,1031,Sr3Zn2Cl9
29.7499205,8.8985332,123,Be3Ir2I9
29.4152114,9.0417937,74,Be3Tc2I9
28.9615253,9.2018345,18,Be3Hf2I9
28.7623297,8.9172597,39,Be3Ta2I9
28.463236,9.2137437,919,Sr3W2Cl9
28.0992704,8.8141113,1242,Ba3Os2Br9
28.0511529,8.9510722,982,Sr3Ir2Cl9
27.9808282,6.9512461,294,Mg3Ti2P9
27.8892883,8.9400503,954,Sr3Os2Cl9
27.8003627,9.1981172,1207,Ba3W2Br9
27.7420108,8.9218122,10,Be3Zr2Br9
27.7234534,9.0554124,17,Be3Hf2Br9
27.6743857,7.0120592,416,Mg3Ni2Br9
27.517017,9.6893527,1269,Ba3Ir2Cl9
27.4056502,8.8219161,1228,Ba3Re2Br9
27.3833114,9.6856481,1241,Ba3Os2Cl9
27.2533378,7.0671353,458,Mg3Zn2Br9
26.9880293,9.0765386,940,Sr3Re2Cl9
26.8518529,9.010896,955,Sr3Os2Br9
26.7966997,7.4386727,102,Be3Ru2I9
26.4740334,8.9991819,920,Sr3W2Br9
26.3575793,9.3979974,1243,Ba3Os2I9
26.3559981,9.6868204,1227,Ba3Re2Cl9
26.3426603,9.4605171,1208,Ba3W2I9
26.3198605,8.7283189,899,Sr3Ta2Br9
26.2718386,7.1718463,116,Be3Rh2I9
26.2429055,6.9163213,1255,Ba3Co2Cl9
26.2328745,8.8844687,347,Mg3W2I9
26.2077956,7.0783577,109,Be3Co2I9
26.2029509,9.0248773,1187,Ba3Ta2I9
26.1605472,9.0469032,941,Sr3Re2Br9
26.1356026,9.4485337,1229,Ba3Re2I9
25.9166219,9.2071636,368,Mg3Re2I9
25.7864748,6.0755476,301,Mg3Zr2P9
25.7779318,8.6660783,1186,Ba3Ta2Br9
25.7512854,8.042466,632,Ca3W2Cl9
25.5985145,9.3293968,1206,Ba3W2Cl9
25.5916088,6.9862124,53,Be3Mo2I9
25.553375,6.0140058,308,Mg3Hf2P9
25.5181431,7.3776185,961,Sr3Ru2Cl9
25.3670121,6.4727333,88,Be3Fe2I9
25.3222804,6.896726,144,Be3Pd2I9
25.2209858,6.7438868,130,Be3Ni2I9
25.0821596,6.9541988,32,Be3Nb2I9
25.0091998,6.7321383,968,Sr3Co2Cl9
24.8534744,7.0720013,4,Be3Ti2I9
24.7796295,7.2760942,11,Be3Zr2I9
24.7607117,6.6780306,1234,Ba3Fe2Cl9
24.5699077,7.7562934,346,Mg3W2Br9
24.4513251,6.9220535,25,Be3V2I9
24.2659378,7.8341593,695,Ca3Ir2Cl9
24.2277012,7.1736729,1276,Ba3Ni2Cl9
24.0171264,8.004198,667,Ca3Os2Cl9
24.0136421,7.1454107,969,Sr3Co2Br9
23.6020155,6.5485596,947,Sr3Fe2Cl9
23.5645844,4.1803868,350,Mg3W2P9
23.5287085,6.9316046,1270,Ba3Ir2Br9
23.5217206,4.5289535,857,Ca3Te2Br9
23.5140557,9.2057369,884,Sr3V2Cl9
23.4019374,6.7312712,67,Be3Mn2I9
23.1932575,6.7904159,1221,Ba3Tc2Br9
23.1274533,4.3444682,858,Ca3Te2I9
23.1054301,9.6722512,898,Sr3Ta2Cl9
23.090152,7.4975253,381,Mg3Os2Br9
22.9895859,8.1078453,956,Sr3Os2I9
22.941027,4.2328478,1144,Sr3Te2Br9
22.9154727,7.6907562,913,Sr3Mo2Br9
22.8891931,8.3092206,646,Ca3Tc2Cl9
22.8172503,8.8714695,1171,Ba3V2Cl9
22.7552089,4.1716278,1432,Ba3Te2I9
22.6999496,6.9087512,948,Sr3Fe2Br9
22.6748603,6.9667322,933,Sr3Tc2Cl9
22.6359571,4.2367904,1145,Sr3Te2I9
22.5850151,7.1583145,325,Mg3Ta2Br9
22.5314862,10.6150931,1185,Ba3Ta2Cl9
22.4831785,6.4908434,1172,Ba3V2Br9
22.4708556,6.7814606,926,Sr3Mn2Cl9
22.4704687,7.2117691,696,Ca3Ir2Br9
22.4193083,7.2320716,668,Ca3Os2Br9
22.3832322,7.5195083,367,Mg3Re2Br9
22.3593551,9.1997202,611,Ca3Ta2Cl9
22.3132841,7.232258,669,Ca3Os2I9
22.3048486,6.4270419,1271,Ba3Ir2I9
22.2896568,7.1617699,1003,Sr3Pd2Cl9
22.2879768,7.1636589,885,Sr3V2Br9
22.2864307,7.1158042,1200,Ba3Mo2Br9
22.2595581,9.0978986,590,Ca3Hf2Cl9
22.2538971,7.1814837,983,Sr3Ir2Br9
22.2375255,4.3148998,1431,Ba3Te2Br9
22.2020983,6.6368883,410,Mg3Ir2I9
22.1835855,8.1262533,942,Sr3Re2I9
22.1759413,7.2802195,1004,Sr3Pd2Br9
22.1689097,7.5226256,934,Sr3Tc2Br9
22.0176277,6.5740432,912,Sr3Mo2Cl9
21.9965639,8.1229781,921,Sr3W2I9
21.971511,7.3547772,1290,Ba3Pd2Cl9
21.8919487,7.750075,900,Sr3Ta2I9
21.8543738,7.3548967,633,Ca3W2Br9
21.8491074,7.3173065,382,Mg3Os2I9
21.8075016,7.2293602,1220,Ba3Tc2Cl9
21.7845968,7.2688909,654,Ca3Re2Br9
21.7837754,7.2789956,655,Ca3Re2I9
21.767411,7.30228,634,Ca3W2I9
21.6747721,7.0680831,613,Ca3Ta2I9
21.459053,6.5123733,660,Ca3Fe2Cl9
21.4587712,7.0568952,612,Ca3Ta2Br9
21.457058,6.9753848,864,Sr3Ti2Br9
21.3817626,6.7738736,1199,Ba3Mo2Cl9
21.353635,6.4447493,326,Mg3Ta2I9
21.1735371,6.7163251,137,Be3Pt2I9
21.1215001,7.0299212,1222,Ba3Tc2I9
20.7790162,6.4932751,1151,Ba3Ti2Br9
20.7664939,6.7158668,674,Ca3Ru2Cl9
20.6451824,5.1796515,46,Be3Cr2I9
20.6127369,5.560741,975,Sr3Rh2Cl9
20.5814513,6.6002664,1166,Ba3Hf2I9
20.570443,4.9130975,151,Be3Cu2I9
20.5467332,6.7430333,361,Mg3Tc2I9
20.3541841,4.6285865,1263,Ba3Rh2Br9
20.328025,6.3369294,1173,Ba3V2I9
20.3074117,5.0534059,165,Be3Au2I9
20.2942447,6.4938867,305,Mg3Hf2I9
20.2811593,4.727917,158,Be3Ag2I9
20.1109649,6.2953902,891,Sr3Nb2Cl9
20.0975596,5.7585492,1262,Ba3Rh2Cl9
20.0805376,5.7786936,1248,Ba3Ru2Cl9
20.0706483,4.9748725,1249,Ba3Ru2Br9
20.0490503,5.4511899,1136,Sr3Se2Cl9
19.8685851,8.1339257,583,Ca3Zr2Cl9
19.8344929,5.5478215,905,Sr3Cr2Cl9
19.7884781,6.0869437,604,Ca3Nb2Cl9
19.7884417,8.3628282,576,Ca3Ti2Cl9
19.7002818,5.3111881,1192,Ba3Cr2Cl9
19.5715576,7.717501,870,Sr3Zr2Cl9
19.5510187,6.1272205,625,Ca3Mo2Cl9
19.513983,4.0295182,486,Mg3Ga2Br9
19.513983,4.0295182,521,Mg3Ga2Br9
19.4857053,6.2926027,1178,Ba3Nb2Cl9
19.3761158,6.746897,639,Ca3Mn2Cl9
19.3583752,5.3632737,976,Sr3Rh2Br9
19.2016073,5.3887995,996,Sr3Pt2Cl9
19.1844218,7.5731239,863,Sr3Ti2Cl9
19.1701901,7.719903,1157,Ba3Zr2Cl9
19.1205981,6.3135808,716,Ca3Pd2Cl9
19.0769201,6.0955106,962,Sr3Ru2Br9
18.9699755,4.7308679,1284,Ba3Pt2Br9
18.789945,5.2464708,409,Mg3Ir2Br9
18.7885561,5.115732,682,Ca3Co2Br9
18.7459513,6.6279586,1283,Ba3Pt2Cl9
18.6997436,7.6106267,1150,Ba3Ti2Cl9
18.6529598,4.6611111,1193,Ba3Cr2Br9
18.4977161,5.3157458,906,Sr3Cr2Br9
18.4866962,6.2480326,871,Sr3Zr2Br9
18.4849819,4.2977405,622,Ca3Cr2S9
18.3874038,5.2544518,1250,Ba3Ru2I9
18.3245075,5.8826712,984,Sr3Ir2I9
18.2895631,5.7703753,892,Sr3Nb2Br9
18.1863469,4.8564287,1180,Ba3Nb2I9
18.1795939,5.6140642,1201,Ba3Mo2I9
18.1181942,7.8058632,877,Sr3Hf2Cl9
18.041218,5.5220381,856,Ca3Te2Cl9
17.91183,4.663718,340,Mg3Mo2I9
17.9113349,5.2607286,304,Mg3Hf2Br9
17.876853,4.3576192,319,Mg3Nb2I9
17.8265241,5.2623579,1179,Ba3Nb2Br9
17.7726475,5.2620159,1264,Ba3Rh2I9
17.7192951,5.4492379,605,Ca3Nb2Br9
17.7026767,5.6361512,626,Ca3Mo2Br9
17.687377,4.9963723,697,Ca3Ir2I9
17.6375985,9.2479158,1164,Ba3Hf2Cl9
17.6317776,5.2475088,360,Mg3Tc2Br9
17.5973756,4.3600158,997,Sr3Pt2Br9
17.4594935,4.9835312,389,Mg3Ru2I9
17.4155474,5.3901314,717,Ca3Pd2Br9
17.402851,5.1423446,172,Be3Zn2I9
17.2977975,5.7556027,878,Sr3Hf2Br9
17.2444687,4.8545408,661,Ca3Fe2Br9
17.2402773,5.6739209,751,Ca3Cd2Cl9
17.2204568,5.155481,703,Ca3Ni2Br9
17.2003985,4.9506477,179,Be3Cd2I9
17.1883479,5.3866186,186,Be3Hg2I9
17.0622877,5.1448046,297,Mg3Zr2Br9
17.0385864,4.781003,584,Ca3Zr2Br9
17.0190139,5.265924,311,Mg3V2Br9
16.9926071,4.9447529,598,Ca3V2Br9
16.9860118,5.4800902,647,Ca3Tc2Br9
16.9444448,4.4389396,1256,Ba3Co2Br9
16.9287282,5.5003866,758,Ca3Hg2Cl9
16.8744211,5.415667,277,Be3Se2I9
16.8193041,5.2267027,591,Ca3Hf2Br9
16.8032136,5.0317162,648,Ca3Tc2I9
16.722618,4.899811,592,Ca3Hf2I9
16.6742951,4.7003416,879,Sr3Hf2I9
16.5984242,5.5516241,1165,Ba3Hf2Br9
16.5805062,2.8711653,643,Ca3Mn2S9
16.5491079,5.7453695,886,Sr3V2I9
16.5242297,5.5018573,935,Sr3Tc2I9
16.4089321,4.511571,1194,Ba3Cr2I9
16.4072693,2.8360852,720,Ca3Pd2S9
16.3108897,5.2536391,563,Mg3Se2Br9
16.2789311,4.6670543,1213,Ba3Mn2Cl9
16.230426,5.4580101,618,Ca3Cr2Cl9
16.2287805,5.3659307,1158,Ba3Zr2Br9
16.1665567,2.7010246,860,Ca3Te2S9
16.123196,4.9625504,577,Ca3Ti2Br9
16.0264903,5.0821891,599,Ca3V2I9
16.0178493,4.6707931,395,Mg3Co2Br9
15.9811469,2.7975544,1084,Sr3Si2S9
15.9340362,4.9109688,585,Ca3Zr2I9
15.9219055,5.0046797,1045,Sr3Hg2Cl9
15.9157754,4.9250151,688,Ca3Rh2Cl9
15.8554316,2.5823715,839,Ca3Sb2S9
15.7777655,4.7217755,872,Sr3Zr2I9
15.6936722,2.5765371,818,Ca3Sn2S9
15.6751428,4.1780363,1235,Ba3Fe2Br9
15.5080553,4.5478105,970,Sr3Co2I9
15.4796057,4.465134,1291,Ba3Pd2Br9
15.4759629,5.1254616,396,Mg3Co2I9
15.4483457,4.291934,1277,Ba3Ni2Br9
15.3937517,4.3147407,1319,Ba3Zn2Br9
15.3778349,4.4418131,1214,Ba3Mn2Br9
15.271886,4.3459863,709,Ca3Pt2Cl9
15.1697441,4.531719,1143,Sr3Te2Cl9
15.1650718,4.7161102,683,Ca3Co2I9
15.1462176,5.2235724,284,Be3Te2I9
15.139689,4.4194387,1257,Ba3Co2I9
15.0215253,6.0336923,1332,Ba3Hg2Cl9
15.0098755,4.6189389,1038,Sr3Cd2Cl9
14.9954089,2.1905951,1059,Sr3Ga2Cl9
14.9954089,2.1905951,1094,Sr3Ga2Cl9
14.8422966,4.4756749,374,Mg3Fe2Br9
14.8275225,4.7687383,1318,Ba3Zn2Cl9
14.7914229,3.8045538,388,Mg3Ru2Br9
14.7513929,4.8123651,1325,Ba3Cd2Cl9
14.7452,4.7523287,1430,Ba3Te2Cl9
14.6398671,4.5443372,850,Ca3Se2Br9
14.6180467,4.7612022,430,Mg3Pd2Br9
14.5961184,4.7207774,353,Mg3Mn2Br9
14.5939969,4.6514578,1423,Ba3Se2Cl9
14.560483,4.6896638,570,Mg3Te2Br9
14.4922201,3.5802799,423,Mg3Pt2Br9
14.4910709,3.4282401,710,Ca3Pt2Br9
14.3615198,4.6731313,1032,Sr3Zn2Br9
14.3417953,3.6799868,318,Mg3Nb2Br9
14.3400224,4.5353153,465,Mg3Cd2Br9
14.3356494,3.5491588,402,Mg3Rh2Br9
14.3072988,4.5328822,759,Ca3Hg2Br9
14.298954,4.487674,472,Mg3Hg2Br9
14.2378105,4.8754809,640,Ca3Mn2Br9
14.2315094,3.7545645,689,Ca3Rh2Br9
14.2269057,4.5252187,752,Ca3Cd2Br9
14.2197471,5.2525001,291,Mg3Ti2I9
14.2196266,5.0081796,290,Mg3Ti2Br9
14.2145191,4.6797638,990,Sr3Ni2Br9
14.2006934,3.9444045,339,Mg3Mo2Br9
14.1812228,3.7903572,963,Sr3Ru2I9
14.1785893,4.7444952,745,Ca3Zn2Br9
14.1782287,4.5383541,927,Sr3Mn2Br9
14.1625101,4.4728486,949,Sr3Fe2I9
14.1477091,4.584591,1152,Ba3Ti2I9
14.1300312,4.5374831,375,Mg3Fe2I9
14.128127,4.5940393,723,Ca3Cu2Cl9
14.1090839,4.1370146,1039,Sr3Cd2Br9
14.072349,4.4178411,1159,Ba3Zr2I9
13.9995679,3.7982199,675,Ca3Ru2Br9
13.9622921,4.1600695,730,Ca3Ag2Cl9
13.9579231,4.8824611,298,Mg3Zr2I9
13.9384939,4.7777271,865,Sr3Ti2I9
13.9329598,4.6879249,928,Sr3Mn2I9
13.9154637,4.9591531,459,Mg3Zn2I9
13.9007669,4.8000949,312,Mg3V2I9
13.9002457,4.561831,1137,Sr3Se2Br9
13.8969314,4.4173087,991,Sr3Ni2I9
13.889042,4.7991086,354,Mg3Mn2I9
13.8840457,4.6780159,431,Mg3Pd2I9
13.8645384,4.551984,1292,Ba3Pd2I9
13.8574228,4.6660287,417,Mg3Ni2I9
13.8386287,4.2456644,1424,Ba3Se2Br9
13.8286473,4.4248804,662,Ca3Fe2I9
13.8084969,4.0895096,1326,Ba3Cd2Br9
13.8027712,4.1309195,1327,Ba3Cd2I9
13.7977686,4.7986997,578,Ca3Ti2I9
13.7871985,4.1607167,1236,Ba3Fe2I9
13.7179107,4.3646631,1033,Sr3Zn2I9
13.6809737,3.5314024,619,Ca3Cr2Br9
13.6678359,4.0506041,1334,Ba3Hg2I9
13.6657724,4.5917286,1005,Sr3Pd2I9
13.6454204,3.3003516,676,Ca3Ru2I9
13.6340557,4.6874377,641,Ca3Mn2I9
13.6106381,4.5547291,466,Mg3Cd2I9
13.5967272,3.5943601,332,Mg3Cr2Br9
13.593352,4.1305385,1425,Ba3Se2I9
13.5889066,4.5675622,704,Ca3Ni2I9
13.586815,4.1585898,1138,Sr3Se2I9
13.5769305,4.3457189,753,Ca3Cd2I9
13.5767622,4.1539381,1040,Sr3Cd2I9
13.5724742,4.35381,851,Ca3Se2I9
13.5531724,4.7419821,718,Ca3Pd2I9
13.5527851,4.5709991,746,Ca3Zn2I9
13.5463299,4.6028887,564,Mg3Se2I9
13.5305563,4.2165913,1046,Sr3Hg2Br9
13.5295092,4.5682949,571,Mg3Te2I9
13.5084214,4.1849345,914,Sr3Mo2I9
13.5082073,4.3101507,1047,Sr3Hg2I9
13.5037917,3.7982092,977,Sr3Rh2I9
13.5006473,4.2897264,1278,Ba3Ni2I9
13.499544,4.3116586,760,Ca3Hg2I9
13.4873608,4.3903578,1215,Ba3Mn2I9
13.4587751,4.3146147,1333,Ba3Hg2Br9
13.4207265,4.7292751,473,Mg3Hg2I9
13.4036907,4.1057132,907,Sr3Cr2I9
13.3788884,3.812709,893,Sr3Nb2I9
13.377264,4.3125331,1320,Ba3Zn2I9
13.1603673,3.1923241,606,Ca3Nb2I9
13.1512778,3.7305197,627,Ca3Mo2I9
13.10679,3.2736335,711,Ca3Pt2I9
13.0308652,3.3081923,690,Ca3Rh2I9
12.3483033,3.3906863,620,Ca3Cr2I9
12.241394,3.7818725,737,Ca3Au2Cl9
12.0961062,3.1791834,1010,Sr3Cu2Cl9
12.0750624,3.2564838,1017,Sr3Ag2Cl9
11.6741402,3.1524322,1297,Ba3Cu2Cl9
11.6670065,3.3281619,965,Sr3Ru2S9
11.6507494,2.5395011,1298,Ba3Cu2Br9
11.2490827,3.5328422,966,Sr3Ru2P9
11.2324436,3.3503243,1024,Sr3Au2Cl9
11.2063852,3.4164091,888,Sr3V2S9
11.1328628,3.4215984,1304,Ba3Ag2Cl9
11.1101202,3.5077341,980,Sr3Rh2P9
11.1086472,3.3228463,979,Sr3Rh2S9
10.9755254,2.8304835,437,Mg3Cu2Br9
10.9039772,3.4601703,909,Sr3Cr2S9
10.850649,3.3314739,937,Sr3Tc2S9
10.843526,3.2648149,986,Sr3Ir2S9
10.8024575,2.7904797,444,Mg3Ag2Br9
10.8013539,3.3348575,1252,Ba3Ru2S9
10.8012977,2.7620444,451,Mg3Au2Br9
10.7675811,3.2033664,958,Sr3Os2S9
10.5058576,2.929486,738,Ca3Au2Br9
10.4994549,4.4974656,1311,Ba3Au2Cl9
10.4929488,2.9733121,731,Ca3Ag2Br9
10.4184462,3.3611252,1253,Ba3Ru2P9
10.3515002,2.6195265,1018,Sr3Ag2Br9
10.3514971,2.6195265,1011,Sr3Cu2Br9
10.3499142,2.9733121,724,Ca3Cu2Br9
10.3298238,3.3580407,1266,Ba3Rh2S9
10.2833051,3.157501,916,Sr3Mo2S9
10.2101745,3.3354375,1267,Ba3Rh2P9
10.1726477,3.4655035,910,Sr3Cr2P9
10.1504459,3.3616682,1224,Ba3Tc2S9
10.1299928,2.5380861,1025,Sr3Au2Br9
10.1213489,3.4265618,1197,Ba3Cr2P9
10.1133816,3.3123391,1175,Ba3V2S9
10.075178,2.7478122,403,Mg3Rh2I9
10.0730561,2.9212754,424,Mg3Pt2I9
10.0672087,2.6999511,445,Mg3Ag2I9
10.0571161,2.5395011,1305,Ba3Ag2Br9
10.052405,2.5448852,1285,Ba3Pt2I9
10.0472869,2.5765187,1306,Ba3Ag2I9
10.0390979,3.0572788,333,Mg3Cr2I9
10.0282734,2.8687553,452,Mg3Au2I9
10.0275267,3.2829221,1273,Ba3Ir2S9
10.0071609,2.529358,1313,Ba3Au2I9
10.0059555,2.6203369,1012,Sr3Cu2I9
9.9898379,2.8506575,438,Mg3Cu2I9
9.9897724,3.3330764,944,Sr3Re2S9
9.9698576,3.2285814,1245,Ba3Os2S9
9.9346755,3.2832408,889,Sr3V2P9
9.9127631,3.2194938,923,Sr3W2S9
9.9042715,2.6112644,998,Sr3Pt2I9
9.8965355,3.3673129,1196,Ba3Cr2S9
9.8817355,1.7619725,833,Ca3As2P9
9.8358234,2.5686956,1026,Sr3Au2I9
9.765246,2.5943556,1019,Sr3Ag2I9
9.7338774,2.7861283,732,Ca3Ag2I9
9.728061,2.7861283,725,Ca3Cu2I9
9.6992563,2.7547531,739,Ca3Au2I9
9.6945491,2.6658321,1312,Ba3Au2Br9
9.6520627,3.3375508,1176,Ba3V2P9
9.6294633,2.5372935,1299,Ba3Cu2I9
9.4062512,3.0632348,1210,Ba3W2S9
9.4045054,3.1936268,1203,Ba3Mo2S9
9.35139,2.8666891,221,Be3Si2I9
9.2956857,3.2484838,1231,Ba3Re2S9
8.9564043,2.8041112,228,Be3Ge2I9
7.9701639,2.1636995,987,Sr3Ir2P9
7.698124,2.0225216,959,Sr3Os2P9
7.3456777,1.6413311,853,Ca3Se2S9
7.3375646,2.0223768,1274,Ba3Ir2P9
7.2350312,1.5663053,875,Sr3Zr2P9
7.1529021,2.3442871,1080,Sr3Si2Cl9
7.0364156,1.562471,1162,Ba3Zr2P9
7.0217741,1.8308465,924,Sr3W2P9
6.993085,1.8851251,1246,Ba3Os2P9
6.9725703,0.9791183,779,Ca3In2Cl9
6.9570815,1.9495741,917,Sr3Mo2P9
6.838383,1.5884009,882,Sr3Hf2P9
6.8284613,1.5945911,1169,Ba3Hf2P9
6.8160075,1.2328378,700,Ca3Ir2P9
6.8036183,1.7797447,938,Sr3Tc2P9
6.671639,1.319858,713,Ca3Pt2S9
6.6659742,1.1678537,805,Ca3Ge2P9
6.6045557,2.145899,581,Ca3Ti2P9
6.5917933,2.0172816,665,Ca3Fe2P9
6.5805092,0.9458218,588,Ca3Zr2P9
6.5553034,2.272636,623,Ca3Cr2P9
6.4575646,1.3516247,693,Ca3Rh2P9
6.428993,2.3400826,601,Ca3V2S9
6.3614059,1.4979125,868,Sr3Ti2P9
6.3223963,1.444281,637,Ca3W2P9
6.2807857,1.8138243,1204,Ba3Mo2P9
6.2598537,1.2648152,679,Ca3Ru2P9
6.224309,1.3582924,630,Ca3Mo2P9
6.2212253,0.8673768,595,Ca3Hf2P9
6.1587956,1.6966491,945,Sr3Re2P9
6.1467861,0.7273634,762,Ca3Hg2S9
6.1412221,2.0453197,1001,Sr3Pt2P9
6.1157956,1.1299045,672,Ca3Os2P9
6.1143168,1.9034291,1367,Ba3Si2Cl9
6.094557,2.2580988,602,Ca3V2P9
6.0371551,1.8185595,1211,Ba3W2P9
5.8302584,1.6718918,896,Sr3Nb2P9
5.8066965,1.4668212,300,Mg3Zr2S9
5.7723634,0.9505163,658,Ca3Re2P9
5.7004728,1.6082514,1225,Ba3Tc2P9
5.6917412,1.1645122,727,Ca3Cu2S9
5.5923502,1.0573562,678,Ca3Ru2S9
5.5789094,1.2640747,714,Ca3Pt2P9
5.562496,1.1715306,664,Ca3Fe2S9
5.5329234,1.3382151,721,Ca3Pd2P9
5.4832002,0.9351713,651,Ca3Tc2P9
5.4822026,1.5332655,748,Ca3Zn2S9
5.4597142,1.6202953,903,Sr3Ta2P9
5.4550699,1.6702096,1190,Ba3Ta2P9
5.4518452,0.859702,699,Ca3Ir2S9
5.4306387,1.454779,307,Mg3Hf2S9
5.4138543,1.1774558,685,Ca3Co2S9
5.4128382,1.5738514,1232,Ba3Re2P9
5.3784686,1.6654384,1183,Ba3Nb2P9
5.3701477,1.1561236,706,Ca3Ni2S9
5.3036207,1.6844043,895,Sr3Nb2S9
5.3018249,1.8218802,1288,Ba3Pt2P9
5.2731501,0.95607,686,Ca3Co2P9
5.2730547,1.4130885,798,Ca3Si2P9
5.2178973,0.9495063,707,Ca3Ni2P9
5.2019691,1.443706,769,Ca3Al2S9
5.2016022,0.8658885,671,Ca3Os2S9
5.1398204,1.4732906,328,Mg3Ta2S9
5.1327355,1.1379224,609,Ca3Nb2P9
5.1222418,1.016334,692,Ca3Rh2S9
5.0884217,1.3557107,1052,Sr3Al2Cl9
5.0240173,1.6643362,874,Sr3Zr2S9
4.9779131,1.6461902,1182,Ba3Nb2S9
4.9736606,1.6632404,1168,Ba3Hf2S9
4.9162712,1.308563,776,Ca3Ga2S9
4.9162712,1.308563,811,Ca3Ga2S9
4.901957,1.6576104,881,Sr3Hf2S9
4.86261,1.662108,902,Sr3Ta2S9
4.8590352,0.9649513,770,Ca3Al2P9
4.8303984,1.3267357,804,Ca3Ge2S9
4.8086434,0.957104,587,Ca3Zr2S9
4.790146,1.0483815,608,Ca3Nb2S9
4.7820752,0.8278264,835,Ca3Sb2Cl9
4.7610676,0.9833795,650,Ca3Tc2S9
4.7398199,1.3193153,832,Ca3As2S9
4.6999255,1.6371667,1189,Ba3Ta2S9
4.6891682,0.9650264,616,Ca3Ta2P9
4.6552637,0.8744508,749,Ca3Zn2P9
4.6476905,0.739332,814,Ca3Sn2Cl9
4.6140281,0.8517782,594,Ca3Hf2S9
4.5157347,1.1504095,629,Ca3Mo2S9
4.5069866,0.8531741,657,Ca3Re2S9
4.4652808,0.9374731,636,Ca3W2S9
4.3863976,0.777968,794,Ca3Si2Br9
4.3473592,0.8159914,615,Ca3Ta2S9
4.283281,0.8617852,854,Ca3Se2P9
4.1725115,0.5603036,1115,Sr3As2Cl9
4.0450446,0.4764023,1087,Sr3Ge2Cl9
4.0352194,0.6157408,741,Ca3Au2S9
3.8723675,0.892249,1092,Sr3Ge2P9
3.8074291,0.84479,777,Ca3Ga2P9
3.8074291,0.84479,812,Ca3Ga2P9
3.7975805,0.8751278,1120,Sr3As2P9
3.6946863,0.435567,786,Ca3Tl2Cl9
3.6112055,0.3804148,842,Ca3Bi2Cl9
3.5858482,0.3698469,514,Mg3Ge2Br9
3.537386,0.4517345,479,Mg3Al2Br9
3.4783902,0.3767679,821,Ca3Pb2Cl9
3.4610025,0.4281634,507,Mg3Si2Br9
3.3480911,0.3005953,542,Mg3As2Br9
3.3314893,0.7732125,1057,Sr3Al2P9
3.2709334,0.7210211,728,Ca3Cu2P9
3.2371598,0.6610536,1036,Sr3Zn2P9
3.1685892,0.7019318,1056,Sr3Al2S9
3.1388869,0.7200565,735,Ca3Ag2P9
3.1210791,0.7058271,644,Ca3Mn2P9
3.1018362,0.4716771,1140,Sr3Se2S9
3.0990572,0.714343,867,Sr3Ti2S9
3.0887136,0.7036874,756,Ca3Cd2P9
3.0866561,0.6111893,1014,Sr3Cu2S9
3.0845497,0.6866688,580,Ca3Ti2S9
3.0672007,0.7781558,1085,Sr3Si2P9
3.014588,0.5907599,1035,Sr3Zn2S9
2.9292153,0.6432324,734,Ca3Ag2S9
2.9004084,0.6460849,951,Sr3Fe2S9
2.8730574,0.701534,840,Ca3Sb2P9
2.8361209,0.6620915,972,Sr3Co2S9
2.8245016,0.6278094,755,Ca3Cd2S9
2.7875754,0.7759093,952,Sr3Fe2P9
2.7734181,0.7671325,994,Sr3Ni2P9
2.7515226,0.6921523,784,Ca3In2P9
2.7301266,0.6176077,993,Sr3Ni2S9
2.7125659,0.786453,973,Sr3Co2P9
2.69341,0.6244277,783,Ca3In2S9
2.6869694,0.6541997,1064,Sr3Ga2P9
2.6869694,0.6541997,1099,Sr3Ga2P9
2.651048,0.6470589,930,Sr3Mn2S9
2.6475999,0.7043973,931,Sr3Mn2P9
2.6373389,0.4631752,1066,Sr3In2Cl9
2.6107486,0.6920347,861,Ca3Te2P9
2.6006115,0.5975613,1063,Sr3Ga2S9
2.6006115,0.5975613,1098,Sr3Ga2S9
2.5895217,0.6965467,819,Ca3Sn2P9
2.5225482,0.3542269,790,Ca3Tl2S9
2.4732813,0.6408954,1141,Sr3Se2P9
2.4599591,0.3167936,1049,Sr3Hg2S9
2.3633892,0.674734,1015,Sr3Cu2P9
2.3035706,0.1934296,1077,Sr3Tl2S9
2.2858908,0.3556654,1379,Ba3Ge2P9
2.215098,0.3496788,1407,Ba3As2P9
2.1653018,0.2879272,1353,Ba3In2Cl9
2.0777378,0.2074498,1427,Ba3Se2S9
2.0595078,0.3498246,1008,Sr3Pd2P9
2.0321854,0.2335659,1007,Sr3Pd2S9
2.0148575,0.2840468,1022,Sr3Ag2P9
1.9627677,0.3800117,1344,Ba3Al2P9
1.9626965,0.188962,1021,Sr3Ag2S9
1.9566116,0.4178726,1372,Ba3Si2P9
1.9469487,0.2598917,742,Ca3Au2P9
1.9333545,0.3134337,1343,Ba3Al2S9
1.9325684,0.3731233,1371,Ba3Si2S9
1.897493,0.2875079,1119,Sr3As2S9
1.8810807,0.2643065,1127,Sr3Sb2P9
1.8768214,0.2387547,1043,Sr3Cd2P9
1.8691901,0.0775168,535,Mg3Pb2Br9
1.8690901,0.2361643,1029,Sr3Au2P9
1.8362742,0.2901529,1091,Sr3Ge2S9
1.780252,0.1665476,1000,Sr3Pt2S9
1.7458826,0.1327943,1129,Sr3Bi2Cl9
1.7397681,0.2066467,1078,Sr3Tl2P9
1.7030649,0.2386226,763,Ca3Hg2P9
1.6942299,0.2122301,791,Ca3Tl2P9
1.6822245,0.4057474,1259,Ba3Co2S9
1.6773521,0.3154173,1339,Ba3Al2Cl9
1.6703983,0.2291878,826,Ca3Pb2P9
1.6460288,0.2330279,1050,Sr3Hg2P9
1.626268,0.1555563,1028,Sr3Au2S9
1.6209796,0.2235931,1113,Sr3Pb2P9
1.6018932,0.2199,1101,Sr3Sn2Cl9
1.5891174,0.1309153,1147,Sr3Te2S9
1.5758736,0.1923887,1122,Sr3Sb2Cl9
1.5720472,0.1395871,1042,Sr3Cd2S9
1.5592536,0.1042476,822,Ca3Pb2Br9
1.5548443,0.1990789,1073,Sr3Tl2Cl9
1.5429397,0.2289321,1071,Sr3In2P9
1.5304591,0.1383572,846,Ca3Bi2S9
1.522686,0.5517594,1155,Ba3Ti2P9
1.5054846,0.1065024,1133,Sr3Bi2S9
1.4931652,0.2112387,1280,Ba3Ni2S9
1.4844631,0.5172949,1218,Ba3Mn2P9
1.4844122,0.5064493,1239,Ba3Fe2P9
1.4844122,0.5325364,1260,Ba3Co2P9
1.4486963,0.1428074,1126,Sr3Sb2S9
1.4149916,0.0655844,1396,Ba3Pb2Br9
1.4092247,0.0721547,1109,Sr3Pb2Br9
1.4044611,0.1417704,1322,Ba3Zn2S9
1.4042538,0.1008076,1108,Sr3Pb2Cl9
1.402443,0.1400477,1070,Sr3In2S9
1.4003333,0.1422471,1105,Sr3Sn2S9
1.3681509,0.1613755,1409,Ba3Sb2Cl9
1.3576083,0.1622383,1402,Ba3As2Cl9
1.3460414,0.1436735,825,Ca3Pb2S9
1.3456957,0.1622123,1378,Ba3Ge2S9
1.3408514,0.2336129,847,Ca3Bi2P9
1.3343015,0.159879,1388,Ba3Sn2Cl9
1.3250523,0.1624585,1406,Ba3As2S9
1.323808,0.4202486,1154,Ba3Ti2S9
1.3158388,0.1141457,1112,Sr3Pb2S9
1.3061716,0.1518263,1364,Ba3Tl2S9
1.3022141,0.1666399,1374,Ba3Ge2Cl9
1.2699432,0.1488086,1336,Ba3Hg2S9
1.248378,0.2530231,766,Ca3Al2Br9
1.2430965,0.2067877,1346,Ba3Ga2Cl9
1.2430965,0.2067877,1381,Ba3Ga2Cl9
1.2323765,0.2427938,1106,Sr3Sn2P9
1.2134685,0.3263645,1281,Ba3Ni2P9
1.1970442,0.1166011,829,Ca3As2Br9
1.1810219,0.1358753,1350,Ba3Ga2S9
1.1810219,0.1358753,1385,Ba3Ga2S9
1.1716193,0.4541606,1161,Ba3Zr2S9
1.1338347,0.2671829,1309,Ba3Ag2P9
1.1180705,0.2290012,1148,Sr3Te2P9
1.114307,0.3938584,1217,Ba3Mn2S9
1.1046908,0.1929378,1053,Sr3Al2Br9
1.1043163,0.2670724,1302,Ba3Cu2P9
1.0859097,0.0856569,1404,Ba3As2I9
1.0779618,0.2422047,1330,Ba3Cd2P9
1.0760828,0.2413675,1323,Ba3Zn2P9
1.07466,0.3050966,1295,Ba3Pd2P9
1.0697701,0.109177,801,Ca3Ge2Br9
1.0625362,0.2006625,1369,Ba3Si2I9
1.0569537,0.2125892,508,Mg3Si2I9
1.0554145,0.167545,1341,Ba3Al2I9
1.0548231,0.1794576,480,Mg3Al2I9
1.0387503,0.3741819,1238,Ba3Fe2S9
1.0369555,0.2113519,1134,Sr3Bi2P9
1.0334518,0.1173046,843,Ca3Bi2Br9
1.0130211,0.2070909,1428,Ba3Se2P9
0.9883857,0.2719186,1414,Ba3Sb2P9
0.9722705,0.0846328,1376,Ba3Ge2I9
0.9680128,0.0908632,543,Mg3As2I9
0.9580728,0.1953917,1316,Ba3Au2P9
0.9539368,0.1448082,549,Mg3Sb2Br9
0.9448298,0.0623866,1418,Ba3Bi2I9
0.9361492,0.1109046,837,Ca3Sb2I9
0.9330075,0.113318,836,Ca3Sb2Br9
0.9268072,0.1938547,1337,Ba3Hg2P9
0.9267442,0.0778258,844,Ca3Bi2I9
0.9214412,0.1309735,1355,Ba3In2I9
0.909422,0.1862958,1400,Ba3Pb2P9
0.9083673,0.0759782,1131,Sr3Bi2I9
0.908206,0.11005,830,Ca3As2I9
0.9074821,0.1702294,1365,Ba3Tl2P9
0.9002649,0.1394604,494,Mg3In2I9
0.8972903,0.2070782,1081,Sr3Si2Br9
0.8871487,0.0759551,550,Mg3Sb2I9
0.8844819,0.1714951,1060,Sr3Ga2Br9
0.8844819,0.1714951,1095,Sr3Ga2Br9
0.8807028,0.1398915,487,Mg3Ga2I9
0.8807028,0.1398915,522,Mg3Ga2I9
0.8797402,0.2088892,767,Ca3Al2I9
0.8756002,0.1878233,1294,Ba3Pd2S9
0.8754828,0.1277168,1348,Ba3Ga2I9
0.8754828,0.1277168,1383,Ba3Ga2I9
0.8729852,0.1587573,1308,Ba3Ag2S9
0.8706622,0.0627257,1411,Ba3Sb2I9
0.8690277,0.2323179,193,Be3Al2I9
0.8620582,0.0622692,557,Mg3Bi2I9
0.8586398,0.1076455,1123,Sr3Sb2Br9
0.8555855,0.1109485,1410,Ba3Sb2Br9
0.8511708,0.1753337,795,Ca3Si2I9
0.8502769,0.0757902,1417,Ba3Bi2Br9
0.8445576,0.085685,1130,Sr3Bi2Br9
0.8393727,0.0725828,515,Mg3Ge2I9
0.8352699,0.2264804,1358,Ba3In2P9
0.8337339,0.1111524,1116,Sr3As2Br9
0.8283393,0.0967111,556,Mg3Bi2Br9
0.8259965,0.0992651,1117,Sr3As2I9
0.8220351,0.104755,249,Be3Pb2I9
0.8050912,0.0762378,1124,Sr3Sb2I9
0.7921269,0.1866241,1054,Sr3Al2I9
0.7915018,0.1097022,802,Ca3Ge2I9
0.7836644,0.150943,781,Ca3In2I9
0.7762769,0.2263965,1351,Ba3Ga2P9
0.7762769,0.2263965,1386,Ba3Ga2P9
0.7704519,0.1643999,1301,Ba3Cu2S9
0.7688414,0.1732194,1082,Sr3Si2I9
0.7628924,0.1300507,1362,Ba3Tl2I9
0.7574741,0.2253054,1393,Ba3Sn2P9
0.7468293,0.1782136,493,Mg3In2Br9
0.7463902,0.1500615,780,Ca3In2Br9
0.7412295,0.1429352,1329,Ba3Cd2S9
0.7332011,0.1496891,773,Ca3Ga2Br9
0.7332011,0.1496891,808,Ca3Ga2Br9
0.7303071,0.1700354,787,Ca3Tl2Br9
0.7203637,0.0607191,1390,Ba3Sn2I9
0.7174636,0.0690752,529,Mg3Sn2I9
0.7092923,0.0982554,1089,Sr3Ge2I9
0.7080982,0.0829943,816,Ca3Sn2I9
0.7037588,0.1037689,1088,Sr3Ge2Br9
0.6990702,0.1106788,528,Mg3Sn2Br9
0.6953586,0.1305905,501,Mg3Tl2I9
0.6918715,0.0750626,1103,Sr3Sn2I9
0.6868122,0.0958925,270,Be3Bi2I9
0.684762,0.0954221,263,Be3Sb2I9
0.6834103,0.1510353,1067,Sr3In2Br9
0.674024,0.0859547,815,Ca3Sn2Br9
0.6695127,0.1415372,1068,Sr3In2I9
0.6570613,0.0599708,1397,Ba3Pb2I9
0.6547866,0.1433679,1061,Sr3Ga2I9
0.6547866,0.1433679,1096,Sr3Ga2I9
0.6540985,0.2292222,1435,Ba3Te2P9
0.6508368,0.1510012,774,Ca3Ga2I9
0.6508368,0.1510012,809,Ca3Ga2I9
0.6434118,0.1430293,256,Be3As2I9
0.6377307,0.1332162,788,Ca3Tl2I9
0.6362844,0.1508005,214,Be3Tl2I9
0.6136773,0.065423,536,Mg3Pb2I9
0.5991294,0.1307596,1434,Ba3Te2S9
0.5977218,0.1471847,500,Mg3Tl2Br9
0.5975189,0.0775053,1102,Sr3Sn2Br9
0.5939061,0.0806978,1389,Ba3Sn2Br9
0.5898596,0.0917307,1416,Ba3Bi2Cl9
0.5892917,0.1367421,1361,Ba3Tl2Br9
0.5881638,0.1385167,1413,Ba3Sb2S9
0.5832188,0.1434229,1074,Sr3Tl2Br9
0.5782946,0.1373461,1357,Ba3In2S9
0.563317,0.0938503,242,Be3Sn2I9
0.5631372,0.0635302,823,Ca3Pb2I9
0.5587377,0.1346239,1392,Ba3Sn2S9
0.5551314,0.171829,1340,Ba3Al2Br9
0.5493522,0.1317938,1075,Sr3Tl2I9
0.548055,0.1850785,200,Be3Ga2I9
0.548055,0.1850785,235,Be3Ga2I9
0.5352531,0.1581805,1360,Ba3Tl2Cl9
0.5318747,0.161059,207,Be3In2I9
0.52537,0.185098,1421,Ba3Bi2P9
0.5173872,0.075774,1403,Ba3As2Br9
0.4970711,0.088074,1315,Ba3Au2S9
0.4824813,0.1392955,1368,Ba3Si2Br9
0.4746273,0.0616466,1110,Sr3Pb2I9
0.4727124,0.0877354,1287,Ba3Pt2S9
0.4560538,0.0877279,1395,Ba3Pb2Cl9
0.388552,0.0704643,1399,Ba3Pb2S9
0.3859377,0.0745326,1375,Ba3Ge2Br9
0.3697145,0.1167403,1347,Ba3Ga2Br9
0.3697145,0.1167403,1382,Ba3Ga2Br9
0.3530599,0.0645325,1420,Ba3Bi2S9
0.3529167,0.1171421,1354,Ba3In2Br9
