LTC (300),LTC(800),filename,
232.0533684,33.6997627,259,LiAs2P5
228.5426584,32.8755661,224,LiSi2P5
218.923775,54.4767122,344,NaW2F5
214.744446,46.7107528,666,KOs2F5
213.6051821,57.7558113,61,LiW2O5
212.5171001,54.5160693,57,LiW2F5
208.4495657,55.9115924,631,KW2F5
204.2290589,44.5106266,78,LiRe2F5
204.0884832,44.4286761,365,NaRe2F5
203.405885,45.6202559,92,LiOs2F5
203.2656079,49.8635643,1240,CsOs2F5
203.1397564,48.5712285,939,RbRe2F5
203.0971365,49.6458073,383,NaOs2O5
203.050807,49.8635643,953,RbOs2F5
202.6553505,45.7700823,379,NaOs2F5
202.2817838,43.7666017,36,LiTa2F5
199.1076572,48.1753875,82,LiRe2O5
198.8186355,29.8801109,279,LiSe2S5
198.1129417,45.8860294,652,KRe2F5
198.0677103,49.7313835,96,LiOs2O5
193.9072875,56.8772531,918,RbW2F5
193.9072875,56.8772531,1205,CsW2F5
193.4801677,57.5123058,348,NaW2O5
191.1038287,44.0170537,323,NaTa2F5
190.9654571,26.2605066,258,LiAs2S5
190.7323364,49.5567403,670,KOs2O5
186.6098811,58.249533,922,RbW2O5
185.8301753,48.6025341,1226,CsRe2F5
184.6092304,48.0898113,369,NaRe2O5
184.4542067,47.5728763,897,RbTa2F5
184.4542067,47.520154,1184,CsTa2F5
184.0341671,57.8519556,635,KW2O5
183.214111,46.9349356,40,LiTa2O5
182.4282786,26.2348093,230,LiGe2S5
181.6869038,46.6385212,610,KTa2F5
178.3667192,50.808312,1244,CsOs2O5
177.933869,51.5014363,957,RbOs2O5
177.7389438,49.9945107,943,RbRe2O5
177.7389438,49.4264274,1230,CsRe2O5
176.7167926,48.1819389,901,RbTa2O5
175.1632298,49.02885,656,KRe2O5
174.1410786,47.2475838,614,KTa2O5
168.9650597,55.491278,1209,CsW2O5
162.9479027,46.9823374,327,NaTa2O5
142.2943677,47.1120169,1188,CsTa2O5
126.5094533,39.6410679,667,KOs2Cl5
123.4926121,46.5742718,58,LiW2Cl5
122.1125359,34.7904117,954,RbOs2Cl5
121.9237816,33.8387272,940,RbRe2Cl5
120.5626783,36.0486143,653,KRe2Cl5
119.1876233,16.0837629,873,RbZr2O5
119.095145,15.9907797,586,KZr2O5
117.9949102,35.4384259,657,KRe2S5
117.8156698,41.0943141,93,LiOs2Cl5
117.6887917,37.7939893,345,NaW2Cl5
115.9300692,38.776889,380,NaOs2Cl5
115.328753,40.0172672,79,LiRe2Cl5
114.1284356,15.4283487,880,RbHf2O5
111.9583365,38.3885528,83,LiRe2S5
111.5598681,15.3902654,593,KHf2O5
111.1640262,28.221809,350,NaW2P5
110.8832889,28.5719902,63,LiW2P5
110.6026243,36.474071,366,NaRe2Cl5
110.4489415,35.4873361,37,LiTa2Cl5
110.1281872,30.0257652,84,LiRe2P5
109.1371008,34.9848517,324,NaTa2Cl5
108.2749216,34.1057877,349,NaW2S5
107.9481642,26.0547891,923,RbW2S5
107.8818226,24.0645994,919,RbW2Cl5
107.8432783,23.4802549,1210,CsW2S5
106.9637867,19.2878269,924,RbW2P5
106.8366119,16.1021542,1211,CsW2P5
106.4954855,25.0184812,636,KW2S5
106.4932542,24.1102386,1231,CsRe2S5
106.477473,25.8566064,632,KW2Cl5
106.390245,26.6847728,944,RbRe2S5
106.2819078,18.6801303,637,KW2P5
106.2635806,34.4979175,62,LiW2S5
105.6009451,27.7633361,371,NaRe2P5
105.2073765,27.7892876,898,RbTa2Cl5
105.1024906,23.9298221,1185,CsTa2Cl5
103.8826708,25.315769,611,KTa2Cl5
102.6155087,10.7020613,306,NaHf2O5
102.5398457,26.9726164,1241,CsOs2Cl5
102.2694718,25.6115209,1227,CsRe2Cl5
101.0757024,24.1999157,1206,CsW2Cl5
101.0371963,11.2072056,19,LiHf2O5
100.9346942,19.3275943,945,RbRe2P5
100.917951,15.90787,1232,CsRe2P5
99.7037742,18.7116254,658,KRe2P5
95.9227764,18.5491893,1331,CsHg2F5
93.9939413,12.9851171,1153,CsTi2O5
93.9136709,12.838101,866,RbTi2O5
92.1212599,9.7690558,5,LiTi2O5
91.467426,12.838101,579,KTi2O5
90.6928162,14.5681233,1335,CsHg2O5
89.8241211,19.4983871,1156,CsZr2F5
89.6081396,19.4983871,869,RbZr2F5
89.5067535,18.3827236,757,KHg2F5
89.5067535,18.3827236,1044,RbHg2F5
88.2053194,14.4938008,761,KHg2O5
87.9945437,14.449209,1048,RbHg2O5
87.9659129,10.0069377,292,NaTi2O5
87.7790907,9.9937427,299,NaZr2O5
87.7466732,19.2629676,1415,CsBi2F5
87.5222479,19.2610671,1128,RbBi2F5
87.0107384,19.2653205,841,KBi2F5
86.9662398,9.5735128,12,LiZr2O5
86.9607466,20.1384816,1422,CsSe2F5
86.9055957,19.4966139,582,KZr2F5
86.7425055,18.672144,876,RbHf2F5
86.7425055,18.644588,1163,CsHf2F5
84.5569711,20.1384816,1135,RbSe2F5
84.3663774,20.0940876,848,KSe2F5
84.328451,17.3567884,1139,RbSe2O5
84.328451,17.356927,1426,CsSe2O5
84.1693849,17.3569862,852,KSe2O5
83.9752026,18.7257745,589,KHf2F5
83.7001718,18.5517905,1419,CsBi2O5
83.524601,17.8583158,1198,CsMo2F5
83.2696936,18.5541434,1132,RbBi2O5
83.1937633,18.461093,890,RbNb2F5
83.1937633,18.461093,1177,CsNb2F5
82.7221434,17.712327,911,RbMo2F5
82.6954769,16.9622818,1142,RbTe2F5
82.5007956,18.5690772,566,NaSe2S5
82.4465775,17.2732945,1429,CsTe2F5
82.0188888,14.4348052,1100,RbSn2F5
82.0073211,16.2630062,932,RbTc2F5
81.9743021,16.3657489,1219,CsTc2F5
81.8527451,18.5541434,845,KBi2O5
81.7711289,17.6178781,1247,CsRu2F5
81.3357831,12.1901913,1065,RbIn2F5
80.7380203,17.8382186,1268,CsIr2F5
80.5232194,17.7776223,981,RbIr2F5
80.332676,16.4401246,1002,RbPd2F5
80.2708044,16.5953597,202,LiGa2S5
80.2708044,16.5953597,237,LiGa2S5
80.2092646,16.200792,1160,CsZr2O5
80.0195995,17.6538155,624,KMo2F5
79.9394388,14.3907608,1121,RbSb2F5
79.6905394,14.184167,1408,CsSb2F5
79.6887618,18.3429458,603,KNb2F5
79.6444728,16.4517896,1289,CsPd2F5
79.5484413,13.700134,1387,CsSn2F5
79.4805258,14.5037953,1146,RbTe2O5
79.3175855,17.4960141,960,RbRu2F5
79.2864157,11.5574497,1352,CsIn2F5
78.8203622,14.2585342,1104,RbSn2O5
78.5816692,14.4156021,859,KTe2O5
78.4303861,14.0998345,1125,RbSb2O5
78.3841686,17.2799367,855,KTe2F5
78.0254784,13.7786996,1433,CsTe2O5
78.0139839,14.2187618,817,KSn2O5
78.0013225,11.4404963,1069,RbIn2O5
77.8565458,14.894207,1037,RbCd2F5
77.538839,28.9573418,94,LiOs2Br5
77.5219214,11.9270248,1359,CsTl2F5
77.4981579,14.0600902,838,KSb2O5
77.2513596,12.1201337,1394,CsPb2F5
77.0161897,13.0437107,645,KTc2F5
76.9097612,11.823575,785,KTl2F5
76.9097612,11.823575,1072,RbTl2F5
76.8679151,14.7800107,1317,CsZn2F5
76.8130165,14.2467858,673,KRu2F5
76.7843962,13.5547672,1391,CsSn2O5
76.7678082,11.0619131,174,LiZn2S5
76.6026344,13.4714872,1412,CsSb2O5
76.5815559,12.0162189,820,KPb2F5
76.5815559,12.0162189,1107,RbPb2F5
76.5656404,12.5328839,915,RbMo2O5
76.5656404,12.5913954,1202,CsMo2O5
76.3118015,11.2303863,782,KIn2O5
76.165692,11.9568666,1090,RbGe2O5
76.165692,11.9568666,1377,CsGe2O5
76.1367605,13.2967344,316,NaNb2F5
76.0377845,12.7754962,894,RbNb2O5
76.0377845,12.8640008,1181,CsNb2O5
75.9955619,14.2424555,1324,CsCd2F5
75.945765,11.9568666,803,KGe2O5
75.8535532,13.340775,1398,CsPb2O5
75.7712628,14.1885954,813,KSn2F5
75.6675559,12.2893365,1251,CsRu2O5
75.6402528,19.3138688,489,NaGa2S5
75.6402528,19.3138688,524,NaGa2S5
75.6128851,14.6478772,834,KSb2F5
75.5309165,12.2893365,964,RbRu2O5
75.530735,8.1424355,132,LiNi2S5
75.514796,10.8561934,1356,CsIn2O5
75.4368281,13.3431279,1111,RbPb2O5
75.0376047,20.9286212,921,RbW2I5
74.9735889,17.6000556,702,KNi2Cl5
74.9003319,14.894207,750,KCd2F5
74.8424473,11.9331795,778,KIn2F5
74.8106169,11.1581706,1223,CsTc2O5
74.6739775,11.1581706,936,RbTc2O5
74.6409526,20.9315446,1208,CsW2I5
74.600923,13.2034614,1006,RbPd2O5
74.5583596,21.4002738,1229,CsRe2I5
74.5153407,21.3980366,942,RbRe2I5
74.4413863,12.7337466,1272,CsIr2O5
74.3861179,12.103008,1373,CsGe2F5
74.2118738,12.5050423,628,KMo2O5
74.0411774,11.0807862,1363,CsTl2O5
74.0085361,12.7337466,985,RbIr2O5
73.7878402,13.1605491,1293,CsPd2O5
73.6840179,12.7169847,607,KNb2O5
73.6147649,11.0838117,1076,RbTl2O5
73.5897446,26.2571348,80,LiRe2Br5
72.8373694,20.4705095,634,KW2I5
72.7048111,12.103008,1086,RbGe2F5
72.6959869,15.8837913,198,LiGa2Cl5
72.6959869,15.8837913,233,LiGa2Cl5
72.4471991,20.0772419,655,KRe2I5
72.4458598,11.961826,302,NaHf2F5
72.3202109,11.1581706,649,KTc2O5
72.2367872,11.3372812,824,KPb2O5
71.9142062,18.9161614,633,KW2Br5
71.7752654,17.6398336,347,NaW2I5
71.7199152,18.4742777,654,KRe2Br5
71.5688425,10.9580659,789,KTl2O5
71.5053509,21.4542606,1207,CsW2Br5
71.4981876,21.9830954,941,RbRe2Br5
71.4746099,20.9866386,920,RbW2Br5
71.4117306,21.9800767,1228,CsRe2Br5
71.3559523,13.0752119,50,LiMo2F5
71.340813,13.1638276,719,KPd2O5
71.3246476,20.5538925,60,LiW2I5
71.1164225,12.7559217,99,LiRu2F5
71.0617507,11.5646831,113,LiRh2F5
70.895111,20.391634,81,LiRe2I5
70.5900758,12.7891259,698,KIr2O5
70.5592075,11.7897208,1041,RbCd2O5
70.5484678,9.6675408,677,KRu2O5
70.3512545,13.8785573,471,NaHg2Cl5
70.2782009,11.4119791,71,LiTc2F5
70.0290804,9.1695791,341,NaMo2O5
69.9429866,9.1863985,223,LiSi2S5
69.9274679,13.1188014,337,NaMo2F5
69.8488214,12.0584162,799,KGe2F5
69.6514012,12.8546021,518,NaGe2P5
69.5565068,9.3955516,33,LiNb2O5
69.3062993,9.2422748,320,NaNb2O5
69.2710621,14.6111921,1030,RbZn2F5
69.1578543,13.2788585,546,NaAs2P5
68.953026,14.4515606,694,KIr2F5
68.9466149,11.5087136,1321,CsZn2O5
68.9054035,8.9854916,390,NaRu2O5
68.6863243,13.1906165,120,LiIr2F5
68.6850486,11.5087136,1034,RbZn2O5
68.5854328,12.8750896,715,KPd2F5
68.1485103,7.7956641,362,NaTc2O5
68.100476,11.2354098,1328,CsCd2O5
68.0721798,9.4854318,54,LiMo2O5
67.9610061,11.6312797,358,NaTc2F5
67.916682,12.9214713,29,LiNb2F5
67.8503112,12.8927396,386,NaRu2F5
67.3162545,11.668315,754,KCd2O5
67.303258,11.2134437,184,LiHg2Cl5
66.6864851,9.5396694,411,NaIr2O5
66.5255831,13.4614804,1275,CsNi2F5
66.4758699,13.437362,1233,CsFe2F5
66.4653647,13.4051739,1254,CsCo2F5
66.2276533,15.3665537,1191,CsCr2F5
66.1559751,9.7740238,432,NaPd2O5
66.1515019,14.1980503,567,NaSe2P5
66.1365143,17.8946914,485,NaGa2Cl5
66.1365143,17.8946914,520,NaGa2Cl5
66.0885758,13.3223211,407,NaIr2F5
66.0863662,8.1115928,75,LiTc2O5
66.0287949,15.3653281,974,RbRh2F5
65.9840775,16.0056243,1170,CsV2F5
65.9322597,20.3483085,381,NaOs2Br5
65.835643,15.4906793,1261,CsRh2F5
65.8062677,12.2727637,15,LiHf2F5
65.6099709,9.3307438,103,LiRu2O5
65.60391,13.443523,1212,CsMn2F5
65.3588471,9.9594594,170,LiZn2Cl5
65.3209388,8.2797376,117,LiRh2O5
64.7174141,13.9725454,1149,CsTi2F5
64.4201306,12.8896549,231,LiGe2P5
64.3896323,11.5017354,189,LiHg2P5
64.3350764,11.7141171,428,NaPd2F5
64.3223491,11.4326144,141,LiPd2F5
64.2620505,13.4736854,862,RbTi2F5
64.2476808,11.6170842,210,LiIn2P5
64.0090666,10.7558368,743,KZn2F5
63.9140423,12.0994004,251,LiPb2S5
63.7424971,8.9265517,747,KZn2O5
63.4326604,8.4568005,128,LiNi2Cl5
63.4011035,15.3080422,904,RbCr2F5
63.3989995,10.7731988,475,NaHg2S5
63.3150598,8.0073551,195,LiAl2S5
63.2366199,11.8897391,1296,CsCu2F5
63.2247201,11.9069688,1016,RbAg2F5
63.0807649,8.5085673,506,NaSi2Cl5
63.0670181,9.8504932,124,LiIr2O5
62.9366418,12.1128892,182,LiCd2P5
62.7773602,13.3850115,925,RbMn2F5
62.663352,10.4416583,463,NaCd2F5
62.5049109,8.4472807,86,LiFe2Cl5
62.4603965,14.6488584,280,LiSe2P5
62.3960856,8.7147211,107,LiCo2Cl5
62.3550701,15.8596355,883,RbV2F5
62.2295966,11.7073964,252,LiPb2P5
62.0899384,13.9231996,1282,CsPt2F5
62.0305288,9.650282,169,LiZn2F5
61.9984854,12.509239,490,NaGa2P5
61.9984854,12.509239,525,NaGa2P5
61.8751375,13.8644046,995,RbPt2F5
61.83764,11.5175969,1303,CsAg2F5
61.560683,7.1979611,149,LiCu2Cl5
61.5117164,8.428361,467,NaCd2O5
61.497273,14.3837183,273,LiBi2P5
61.4283531,11.2160461,181,LiCd2S5
61.3135026,12.3523436,203,LiGa2P5
61.3135026,12.3523436,238,LiGa2P5
61.2729363,10.4902982,209,LiIn2S5
61.2721732,11.4629369,147,LiPd2P5
61.1690747,10.6611084,1370,CsSi2O5
61.1156524,8.0436236,275,LiSe2Cl5
60.8369016,9.5438356,456,NaZn2F5
60.6950333,13.3766939,575,KTi2F5
60.5922139,9.8541897,188,LiHg2S5
60.583721,10.8503998,168,LiAu2P5
60.5303697,16.5728966,38,LiTa2Br5
60.5256686,17.6781378,367,NaRe2Br5
60.4992322,17.0145638,59,LiW2Br5
60.4033672,9.744616,176,LiCd2F5
60.3835064,10.5025396,140,LiPt2P5
60.3812143,9.5387917,545,NaAs2S5
60.3644878,17.0226371,346,NaW2Br5
60.3154818,9.9858374,145,LiPd2O5
60.2588468,11.8189142,729,KAg2F5
60.2554748,14.6537426,1167,CsHf2O5
60.1918667,8.7642167,1345,CsGa2F5
60.1918667,8.7642167,1380,CsGa2F5
60.0857742,10.2361634,217,LiTl2P5
60.0664826,11.7154571,596,KV2F5
60.0534811,10.4152233,1237,CsFe2O5
60.0064158,10.3730844,1258,CsCo2O5
59.904792,8.6170752,219,LiSi2Cl5
59.7726509,10.2499292,1279,CsNi2O5
59.7581554,10.2183919,1195,CsCr2O5
59.6281043,12.35376,287,LiTe2P5
59.3816984,12.4341408,245,LiSn2P5
59.3040523,10.3012662,978,RbRh2O5
59.2078269,12.9289986,511,NaSi2P5
59.1395013,10.546146,161,LiAg2P5
58.8378679,10.258351,1265,CsRh2O5
58.7188603,11.0951537,1366,CsSi2F5
58.7122727,11.0505619,1079,RbSi2F5
58.4098127,10.3172227,1216,CsMn2O5
58.2170572,10.2226506,1118,RbAs2O5
58.2170572,10.2227611,1405,CsAs2O5
58.1831237,10.279042,1174,CsV2O5
58.1316699,13.0467362,266,LiSb2P5
58.0519098,11.3457755,295,NaZr2F5
58.0419924,10.2205305,887,RbV2O5
57.9619176,9.5543811,517,NaGe2S5
57.8194761,10.4661316,470,NaHg2F5
57.5646535,11.9159401,1310,CsAu2F5
57.4067997,10.3755895,950,RbFe2O5
57.3751488,10.2499292,992,RbNi2O5
57.361849,11.9177414,1023,RbAu2F5
57.3241184,10.2183919,908,RbCr2O5
57.3067231,8.7142634,1300,CsCu2O5
57.3024467,11.2523585,98,LiOs2P5
57.2688191,10.3334506,971,RbCo2O5
57.2424548,12.4371681,175,LiZn2P5
57.2391734,13.2926618,988,RbNi2F5
57.1972717,11.0168791,154,LiCu2P5
57.1503391,10.5191365,1401,CsAs2F5
57.1371116,8.7137531,1020,RbAg2O5
57.1091898,13.2685434,946,RbFe2F5
57.0986846,13.2328681,967,RbCo2F5
56.9517217,10.5852893,146,LiPd2S5
56.9022502,9.7997443,183,LiHg2F5
56.7984623,10.4837831,167,LiAu2S5
56.7787275,10.0685151,562,NaSe2Cl5
56.6012907,12.3090206,558,NaBi2O5
55.9800341,9.5067228,265,LiSb2S5
55.9757757,10.2893811,929,RbMn2O5
55.9679852,12.2804812,274,LiSe2F5
55.6949921,10.194999,1286,CsPt2O5
55.5954245,12.2575627,561,NaSe2F5
55.5943301,10.5191365,1114,RbAs2F5
55.5775618,8.3263775,173,LiZn2O5
55.48047,11.4166756,792,KSi2F5
55.4698973,6.4015152,254,LiAs2Cl5
55.3329436,8.5878244,1338,CsAl2F5
55.3274987,12.0631517,554,NaBi2F5
55.1594837,7.9963094,1342,CsAl2O5
55.1337612,10.899736,450,NaAu2Cl5
55.0670054,7.9963094,1055,RbAl2O5
54.9921399,11.1912889,461,NaZn2S5
54.9525287,6.265876,226,LiGe2Cl5
54.94543,7.6643075,705,KNi2O5
54.8846026,7.7937044,663,KFe2O5
54.8391003,7.7512014,684,KCo2O5
54.8355395,8.2204557,1307,CsAg2O5
54.7469195,9.58599,659,KFe2F5
54.5995768,7.5952362,621,KCr2O5
54.5884643,9.5377585,638,KMn2F5
54.5784683,8.2526937,180,LiCd2O5
54.5408581,11.4700654,617,KCr2F5
54.5062291,11.7209205,1009,RbCu2F5
54.4925586,8.0706836,1062,RbGa2O5
54.4925586,8.0706836,1097,RbGa2O5
54.4925586,8.0706836,1349,CsGa2O5
54.4925586,8.0706836,1384,CsGa2O5
54.4435554,8.6746296,1013,RbCu2O5
54.3992222,9.7356765,272,LiBi2S5
54.3704978,10.5030918,1083,RbSi2O5
54.3684799,12.3739306,1080,RbSi2Cl5
54.3554869,8.2545865,106,LiCo2F5
54.3216036,7.6793832,691,KRh2O5
54.2815517,11.9507324,687,KRh2F5
54.2680786,11.7066324,177,LiCd2Cl5
54.1684548,8.2860409,127,LiNi2F5
54.132812,8.3487855,148,LiCu2F5
53.9804446,10.1571665,999,RbPt2O5
53.9346742,8.2959995,85,LiFe2F5
53.8357186,8.634375,733,KAg2O5
53.7328879,11.1891558,244,LiSn2S5
53.6680692,8.1676978,64,LiMn2F5
53.6377388,9.3360489,510,NaSi2S5
53.6332069,8.1460061,460,NaZn2O5
53.6079013,8.5878244,1051,RbAl2F5
53.380463,10.2857453,22,LiV2F5
53.3120636,9.5503147,680,KCo2F5
53.30716,7.7078102,600,KV2O5
53.2512341,7.6675854,642,KMn2O5
53.1708121,9.7738897,118,LiRh2S5
53.1617726,9.3523763,483,NaAl2P5
53.1574811,9.6101084,701,KNi2F5
53.1471211,10.0676689,43,LiCr2F5
52.9393501,11.6662436,462,NaZn2P5
52.7157083,7.5899651,474,NaHg2O5
52.6209221,10.4745447,827,KAs2F5
52.5104642,11.6988639,286,LiTe2S5
52.4931731,10.8974786,330,NaCr2F5
52.4880591,8.5953981,1058,RbGa2F5
52.4880591,8.5953981,1093,RbGa2F5
52.471981,9.6349238,139,LiPt2S5
52.4352225,7.0876602,334,NaCr2O5
52.2565586,10.8132068,309,NaV2F5
52.2398377,10.7460083,91,LiFe2P5
52.1377437,6.9615739,404,NaRh2O5
52.1058436,8.0159172,722,KCu2F5
52.0084127,8.3130886,1,LiTi2F5
51.9640365,8.0232779,768,KAl2O5
51.9148806,10.8170074,796,KSi2O5
51.8547705,6.0923804,726,KCu2O5
51.8385946,8.0706836,775,KGa2O5
51.8385946,8.0706836,810,KGa2O5
51.8375808,10.159167,712,KPt2O5
51.8125133,9.6971519,97,LiOs2S5
51.7582293,7.183069,355,NaMn2O5
51.6867857,8.6227788,372,NaFe2F5
51.6334929,8.2468795,216,LiTl2S5
51.6023893,7.5903143,187,LiHg2O5
51.6002086,7.9872716,1314,CsAu2O5
51.5920824,10.9813849,267,LiBi2F5
51.5283305,8.5289281,351,NaMn2F5
51.4526134,8.3142733,393,NaCo2F5
51.3758519,9.7125159,196,LiAl2P5
51.3417664,8.3431561,414,NaNi2F5
51.3115567,7.3026184,155,LiAg2F5
51.3114332,8.8039164,288,NaTi2F5
51.3107334,9.1552782,482,NaAl2S5
51.1033802,10.7655048,400,NaRh2F5
51.0435226,10.4667191,8,LiZr2F5
50.9594471,5.718612,191,LiAl2Cl5
50.9233031,9.6855796,126,LiIr2P5
50.8736012,10.3591839,568,NaTe2F5
50.4347205,11.5694935,708,KPt2F5
50.428775,7.3840913,530,NaSn2O5
50.2999213,10.1820995,133,LiNi2P5
50.2613424,9.7553652,119,LiRh2P5
50.2553516,6.9419997,313,NaV2O5
50.2129988,11.0542681,565,NaSe2O5
50.0802091,8.5702011,764,KAl2F5
49.8990054,7.2379886,218,LiSi2F5
49.8784165,10.6828552,134,LiPt2F5
49.8354843,7.2642804,435,NaCu2F5
49.8066452,6.2908046,551,NaSb2O5
49.7449,5.6192675,446,NaAg2O5
49.7290168,7.9494391,1027,RbAu2O5
49.5929053,7.4479342,110,LiCo2O5
49.5674856,7.3818585,152,LiCu2O5
49.5146511,8.5953981,771,KGa2F5
49.5146511,8.5953981,806,KGa2F5
49.4662427,7.5201388,505,NaSi2F5
49.4466395,10.064634,831,KAs2O5
49.2983986,7.5258219,89,LiFe2O5
49.0806301,10.7543173,278,LiSe2O5
48.9982204,7.1904643,26,LiV2O5
48.9973405,7.5168048,442,NaAg2F5
48.8080793,9.8876925,112,LiCo2P5
48.5054176,10.8415859,142,LiPd2Cl5
48.4419927,11.748302,736,KAu2F5
48.4379123,8.0686309,572,NaTe2O5
48.281881,9.6839682,420,NaNi2P5
48.2652942,5.1468146,190,LiAl2F5
48.0677127,7.0831766,131,LiNi2O5
48.0569315,7.2274434,47,LiCr2O5
48.0380095,7.3512701,68,LiMn2O5
47.9304248,16.6199714,772,KGa2Cl5
47.9304248,16.6199714,807,KGa2Cl5
47.7563676,5.0472518,495,NaIn2O5
47.739156,7.7692303,153,LiCu2S5
47.6278292,11.1361477,156,LiAg2Cl5
47.5878693,7.9093333,125,LiIr2S5
47.5860259,7.9940309,740,KAu2O5
47.4863311,6.920382,526,NaSn2F5
47.4818359,9.7792581,399,NaCo2P5
47.4483991,11.4114075,798,KSi2P5
47.4044056,10.9345643,457,NaZn2Cl5
47.2938645,10.8542987,421,NaPt2F5
47.0643395,6.8837113,547,NaSb2F5
46.9644705,17.0353812,853,KSe2S5
46.908211,7.3980419,247,LiPb2Cl5
46.9038405,10.2273312,271,LiBi2O5
46.8022092,8.4670453,48,LiCr2S5
46.7656316,7.2002418,376,NaFe2O5
46.7626269,11.0113049,681,KCo2Cl5
46.7482284,5.9004097,159,LiAg2O5
46.6505858,10.4590557,49,LiCr2P5
46.4916224,7.0778658,222,LiSi2O5
46.36933,9.320589,105,LiRu2P5
46.361776,8.8827555,849,KSe2Cl5
46.3514353,8.0927392,160,LiAg2S5
46.0946179,10.2188651,436,NaCu2Cl5
45.9722934,5.4017919,491,NaIn2F5
45.9444412,7.4708124,162,LiAu2F5
45.7337394,7.0479361,513,NaGe2Cl5
45.6615341,10.5311952,429,NaPd2Cl5
45.5203646,8.3105016,419,NaNi2S5
45.3300407,7.1223428,397,NaCo2O5
45.1613992,7.3675635,509,NaSi2O5
45.1373489,11.0918061,163,LiAu2Cl5
44.9559999,7.0387341,418,NaNi2O5
44.9095854,8.9744135,77,LiTc2P5
44.8828365,5.1307137,477,NaAl2F5
44.7724234,6.7008363,492,NaIn2Cl5
44.7298191,5.6793777,439,NaCu2O5
44.6562938,7.5368463,541,NaAs2Cl5
44.5110707,7.6385685,281,LiTe2F5
44.5063894,4.7442897,204,LiIn2F5
44.3367986,4.9001688,197,LiGa2F5
44.3367986,4.9001688,232,LiGa2F5
44.2462043,5.0804508,484,NaGa2F5
44.2462043,5.0804508,519,NaGa2F5
44.2034113,5.7741968,239,LiSn2F5
44.1656567,8.5822018,797,KSi2S5
44.1592198,5.7156928,260,LiSb2F5
44.0332454,5.0349839,253,LiAs2F5
44.027388,7.7832386,90,LiFe2S5
43.9758636,7.2800093,138,LiPt2O5
43.9263852,5.395841,540,NaAs2F5
43.740432,8.388731,69,LiMn2S5
43.6734148,5.0764134,537,NaPb2O5
43.5652863,7.8006824,111,LiCo2S5
43.5460981,4.9003067,225,LiGe2F5
43.5436314,7.5788287,104,LiRu2S5
43.529594,7.6163621,449,NaAu2F5
43.472958,8.8739911,415,NaNi2Cl5
43.2989609,5.1966712,512,NaGe2F5
43.1673447,4.2000491,502,NaTl2O5
42.8789259,6.8689088,212,LiTl2Cl5
42.6172872,8.0311155,268,LiBi2Cl5
42.6005632,7.605814,76,LiTc2S5
42.3337827,9.1234292,394,NaCo2Cl5
42.2300289,8.3206944,398,NaCo2S5
42.0090427,6.8972505,205,LiIn2Cl5
41.9930107,7.9255332,70,LiMn2P5
41.6800121,4.6555333,498,NaTl2F5
41.4940747,8.4376553,373,NaFe2Cl5
41.4307785,5.6032402,285,LiTe2O5
41.2719165,4.875548,533,NaPb2F5
41.2117357,8.8684943,569,NaTe2Cl5
41.1983593,6.1597191,527,NaSn2Cl5
41.0815403,4.2557271,211,LiTl2F5
41.0615933,10.7619665,100,LiRu2Cl5
40.9764355,9.195694,282,LiTe2Cl5
40.8255149,4.8681074,208,LiIn2O5
40.8177979,7.0059413,478,NaAl2Cl5
40.7760517,6.8557607,425,NaPt2O5
40.7742391,6.33455,548,NaSb2Cl5
40.5943772,5.482029,243,LiSn2O5
40.4050014,4.4654949,246,LiPb2F5
40.3728423,4.7768391,194,LiAl2O5
40.3142351,5.3860635,544,NaAs2O5
40.2735077,10.8818764,72,LiTc2Cl5
40.2120226,10.1428142,114,LiRh2Cl5
40.0661209,5.2519402,264,LiSb2O5
40.0245,5.0887218,257,LiAs2O5
39.8477594,4.787834,481,NaAl2O5
39.6556017,6.4835589,220,LiSi2Br5
39.6394193,5.142315,516,NaGe2O5
39.6251176,10.4385654,121,LiIr2Cl5
39.5925074,4.5198541,201,LiGa2O5
39.5925074,4.5198541,236,LiGa2O5
39.5187983,4.813638,488,NaGa2O5
39.5187983,4.813638,523,NaGa2O5
39.4855551,4.8492773,229,LiGe2O5
39.3949729,8.7362268,422,NaPt2Cl5
39.1716526,10.2560334,744,KZn2Cl5
38.7984914,7.5912472,440,NaCu2S5
38.5805332,9.1083849,135,LiPt2Cl5
38.565054,9.8734432,44,LiCr2Cl5
38.2220639,7.9303841,793,KSi2Cl5
37.9709417,7.8399784,385,NaOs2P5
37.5328378,5.0427151,166,LiAu2O5
37.4346683,4.8707073,453,NaAu2O5
37.229032,11.8094762,51,LiMo2Cl5
37.2188583,9.619457,1242,CsOs2Br5
37.1974502,9.5029524,955,RbOs2Br5
37.0224012,7.6942947,65,LiMn2Cl5
36.8996186,7.679359,377,NaFe2S5
36.8390411,6.1136247,828,KAs2Cl5
36.3153611,6.5236382,55,LiMo2S5
36.0624132,9.3813948,1187,CsTa2I5
35.9999678,9.3380387,900,RbTa2I5
35.8906774,9.9993053,613,KTa2I5
35.8791252,4.5410171,250,LiPb2O5
35.7743863,9.6916439,95,LiOs2I5
35.7649533,9.5179165,669,KOs2I5
35.6947517,7.6183241,331,NaCr2Cl5
35.6463522,3.9448032,215,LiTl2O5
35.6262128,9.9981826,23,LiV2Cl5
35.6186074,9.2712659,956,RbOs2I5
35.6186074,8.8420372,1243,CsOs2I5
35.596182,7.1366658,27,LiV2S5
35.1657999,8.8572838,612,KTa2Br5
35.1071596,10.3108807,899,RbTa2Br5
34.7449881,8.5323966,668,KOs2Br5
34.719163,6.759934,240,LiSn2Cl5
34.5324776,5.6988081,800,KGe2Cl5
34.5166092,6.7985359,261,LiSb2Cl5
34.0358426,7.5645631,352,NaMn2Cl5
33.9315359,7.752602,164,LiAu2Br5
33.5195765,10.307862,1186,CsTa2Br5
33.4029793,7.6436045,454,NaAu2S5
33.359331,8.8431676,39,LiTa2I5
33.342437,8.7761071,326,NaTa2I5
33.2168994,6.1053773,671,KOs2S5
33.0975377,6.091975,958,RbOs2S5
33.0789311,12.6072637,776,KGa2S5
33.0789311,12.6072637,811,KGa2S5
33.0564808,6.1705916,1245,CsOs2S5
33.047117,7.1039353,443,NaAg2Cl5
33.0424476,8.529963,382,NaOs2I5
32.7943033,8.588132,368,NaRe2I5
32.1335864,6.5695481,1010,RbCu2Cl5
32.0509581,8.2318915,427,NaPt2P5
31.4949829,8.1783427,476,NaHg2P5
31.4161992,10.1059862,408,NaIr2Cl5
31.2134774,8.8674859,441,NaCu2P5
31.083465,7.7590731,959,RbOs2P5
31.0421208,7.7441308,1246,CsOs2P5
30.9892799,7.5145456,672,KOs2P5
30.8140216,6.3345623,1084,RbSi2S5
30.1291622,7.3564739,56,LiMo2P5
30.1112528,11.7644749,199,LiGa2Br5
30.1112528,11.7644749,234,LiGa2Br5
29.4855104,9.7047379,401,NaRh2Cl5
29.402015,7.5439125,748,KZn2S5
29.0223314,7.6905124,325,NaTa2Br5
28.9157091,5.1461924,723,KCu2Cl5
28.6313859,5.3408203,616,KTa2P5
28.2590769,10.3600285,573,NaTe2S5
27.8420175,5.2575225,615,KTa2S5
27.8251043,7.6334464,2,LiTi2Cl5
27.7508816,6.7466377,455,NaAu2P5
27.6947647,5.3088741,903,RbTa2P5
27.6881721,6.700146,433,NaPd2S5
27.5769527,5.375478,1190,CsTa2P5
27.2176441,4.8640414,42,LiTa2P5
27.1117559,4.8731484,329,NaTa2P5
26.8455288,5.2092059,902,RbTa2S5
26.7406429,5.2073222,1189,CsTa2S5
26.7342194,5.5990202,384,NaOs2S5
26.6316194,6.2053975,989,RbNi2Cl5
26.4967904,5.3405471,370,NaRe2S5
26.3181284,6.3095986,426,NaPt2S5
26.2575382,5.3776894,41,LiTa2S5
25.9349547,4.4195908,328,NaTa2S5
25.3967261,4.5418831,713,KPt2S5
25.3086454,5.6731564,765,KAl2Cl5
24.9417035,4.1622851,737,KAu2Cl5
24.6241073,6.8218034,378,NaFe2P5
24.5249937,6.1379406,660,KFe2Cl5
24.4464226,4.609442,769,KAl2S5
24.4344229,3.4258013,503,NaTl2S5
24.3009445,3.3010073,437,NaCu2Br5
24.0849702,3.9115674,451,NaAu2Br5
23.798912,4.2568561,158,LiAg2I5
23.7409944,3.6253923,496,NaIn2S5
23.7346803,6.1414132,947,RbFe2Cl5
23.4495743,10.559864,1140,RbSe2S5
23.3460832,6.3926063,968,RbCo2Cl5
23.3146239,3.5992203,150,LiCu2Br5
23.0126761,6.6860281,171,LiZn2Br5
22.9871552,5.0368921,832,KAs2S5
22.715289,4.4120538,1052,RbAl2Cl5
22.5574924,3.6361418,724,KCu2Br5
22.5387711,4.2963363,151,LiCu2I5
22.3131491,4.2844676,165,LiAu2I5
22.2808114,3.3800577,444,NaAg2Br5
22.271275,3.6361418,1011,RbCu2Br5
22.2672133,4.2697376,739,KAu2I5
22.2253021,3.595388,732,KAg2I5
22.1481253,3.4238946,730,KAg2Cl5
22.0973044,3.6320667,1299,CsCu2I5
22.0761281,5.2214896,276,LiSe2Br5
22.0712865,3.6335662,1298,CsCu2Br5
22.0641732,4.2933333,725,KCu2I5
22.0639328,4.2933333,1012,RbCu2I5
22.0323118,3.6372102,1313,CsAu2I5
22.0152867,3.5955957,1019,RbAg2I5
22.0152867,3.5954571,1306,CsAg2I5
21.9989402,4.2984768,1026,RbAu2I5
21.676882,4.832844,1024,RbAu2Cl5
21.5586515,5.5298733,833,KAs2P5
21.5158349,6.4617726,28,LiV2P5
21.4382444,3.3304765,738,KAu2Br5
21.4199969,5.9542266,695,KIr2Cl5
21.4029282,4.8171794,1311,CsAu2Cl5
21.3920103,5.1381423,804,KGe2S5
21.3353553,6.3365323,1136,RbSe2Cl5
21.2276726,7.6874132,913,RbMo2Br5
21.2091484,4.2982487,1025,RbAu2Br5
21.2091484,4.2984502,1312,CsAu2Br5
21.0477924,4.3502347,412,NaIr2S5
20.9568419,5.3984479,1120,RbAs2P5
20.6753129,5.9874024,626,KMo2Br5
20.6421222,4.3909448,531,NaSn2S5
20.5987703,7.1520445,464,NaCd2Cl5
20.5633122,3.3924724,157,LiAg2Br5
20.425483,4.1665269,6,LiTi2S5
20.4073395,4.4047305,1017,RbAg2Cl5
20.3384256,6.6872916,1200,CsMo2Br5
20.2327582,4.6960899,335,NaCr2S5
20.1166569,4.3766291,1304,CsAg2Cl5
20.0916174,4.3968362,1297,CsCu2Cl5
20.0499427,3.869738,709,KPt2Cl5
20.036919,3.0241956,549,NaSb2Br5
19.9770165,3.0370888,556,NaBi2Br5
19.9761329,3.3392707,452,NaAu2I5
19.9390135,4.39319,618,KCr2Cl5
19.9210471,3.3333067,445,NaAg2I5
19.9174614,2.6628027,731,KAg2Br5
19.8943167,3.1810171,500,NaTl2Br5
19.8538692,3.030702,535,NaPb2Br5
19.8473162,3.2941352,438,NaCu2I5
19.631244,3.6335662,1018,RbAg2Br5
19.6209587,3.6332675,1305,CsAg2Br5
19.1137646,4.9781567,1372,CsSi2P5
19.106253,5.5698303,338,NaMo2Cl5
18.9721793,4.3960565,552,NaSb2S5
18.9617189,3.384439,688,KRh2Cl5
18.8862663,5.8667993,625,KMo2Cl5
18.8674617,3.9761677,741,KAu2S5
18.8534859,3.9055753,716,KPd2Cl5
18.7746564,4.5795963,356,NaMn2S5
18.3111306,4.7873033,805,KGe2P5
18.1720438,5.0744401,630,KMo2P5
18.161132,6.3008484,1270,CsIr2Br5
18.1397239,6.1810191,983,RbIr2Br5
18.1076616,6.2496919,136,LiPt2Br5
17.8078159,5.3950447,1064,RbGa2P5
17.8078159,5.3950447,1099,RbGa2P5
17.7960402,7.2182904,359,NaTc2Cl5
17.7883185,7.3294141,387,NaRu2Cl5
17.6086218,5.2064816,917,RbMo2P5
17.5685587,4.6708229,1092,RbGe2P5
17.5332661,5.0818118,1204,CsMo2P5
17.5009425,6.5611151,53,LiMo2I5
17.2425536,4.3512767,116,LiRh2I5
16.9460675,5.7086866,751,KCd2Cl5
16.899048,6.2626805,102,LiRu2I5
16.8788467,4.2362589,997,RbPt2Br5
16.8669245,4.4169579,1276,CsNi2Cl5
16.8072688,4.3739762,1255,CsCo2Cl5
16.7923897,4.2315502,1284,CsPt2Br5
16.7802705,4.8546576,1152,CsTi2I5
16.6446369,4.8011187,1173,CsV2I5
16.5181209,6.9398442,30,LiNb2Cl5
16.4722663,3.8869911,343,NaMo2P5
16.4325471,3.4582431,661,KFe2Br5
16.4085855,6.7564717,912,RbMo2Cl5
16.4030616,6.3871483,1201,CsMo2I5
16.2636411,7.0363087,1199,CsMo2Cl5
16.2512748,5.8426648,914,RbMo2I5
16.1990534,6.5038984,627,KMo2I5
16.1370138,4.1502755,1004,RbPd2Br5
16.1329956,4.5777764,1264,CsRh2I5
16.1105211,6.3657606,962,RbRu2Br5
16.1054172,4.1482269,74,LiTc2I5
16.0121782,4.6386659,639,KMn2Cl5
15.9455344,6.3398399,982,RbIr2Cl5
15.9304281,6.521923,934,RbTc2Br5
15.9282233,6.2542826,1269,CsIr2Cl5
15.9270766,4.221902,976,RbRh2Br5
15.8187738,5.2111392,696,KIr2Br5
15.7894659,6.3055252,1250,CsRu2I5
15.7666426,4.1374875,597,KV2Cl5
15.7196045,4.3915678,137,LiPt2I5
15.6601878,4.6260169,885,RbV2Br5
15.6300565,4.5423651,406,NaRh2P5
15.5795205,4.1568601,392,NaRu2P5
15.5175273,3.5964,1263,CsRh2Br5
15.5065496,4.2123511,872,RbZr2I5
15.4678232,3.5505922,977,RbRh2I5
15.4610596,4.2507092,711,KPt2I5
15.4552798,6.3078817,123,LiIr2I5
15.4305009,3.5828648,602,KV2P5
15.4297883,6.6496561,1180,CsNb2I5
15.4204303,3.9356211,413,NaIr2P5
15.3942653,3.5256069,690,KRh2I5
15.3924034,5.6188799,1249,CsRu2Br5
15.3697496,6.1893538,697,KIr2I5
15.3533782,6.1877175,893,RbNb2I5
15.3492334,6.2696151,1166,CsHf2I5
15.3351411,4.5975688,1159,CsZr2I5
15.3152386,3.0667004,342,NaMo2S5
15.3066977,2.5561302,255,LiAs2Br5
15.3011568,6.8500163,606,KNb2I5
15.3005576,4.461372,339,NaMo2Br5
15.2973728,5.439803,963,RbRu2I5
15.2648576,4.1975864,906,RbCr2Br5
15.2491333,7.361876,892,RbNb2Br5
15.2331993,4.2059869,1172,CsV2Br5
15.2061011,4.7950577,599,KV2I5
15.1965014,6.2334087,879,RbHf2I5
15.1962306,5.4561321,676,KRu2I5
15.1752562,3.5824193,1285,CsPt2I5
15.1694284,4.2502003,998,RbPt2I5
15.1678009,4.8546576,865,RbTi2I5
15.1284088,3.6337171,619,KCr2Br5
15.082986,5.501189,1271,CsIr2I5
15.0553296,4.8652765,4,LiTi2I5
15.0496144,6.1802124,984,RbIr2I5
15.0321673,4.8011187,886,RbV2I5
15.0227621,4.2204191,1222,CsTc2I5
15.0009318,5.6401539,1221,CsTc2Br5
14.9654917,3.7565917,434,NaPd2P5
14.9143745,4.8411665,25,LiV2I5
14.8830652,3.7356562,1193,CsCr2Br5
14.8721826,3.5191168,935,RbTc2I5
14.8656509,4.7140736,996,RbPt2Cl5
14.8115421,4.195855,648,KTc2I5
14.780977,3.5785524,11,LiZr2I5
14.7394026,4.330861,620,KCr2I5
14.6931657,4.3133091,1194,CsCr2I5
14.6597941,4.3298459,907,RbCr2I5
14.6399943,5.3523042,605,KNb2Br5
14.5814432,3.2079889,710,KPt2Br5
14.5708099,4.6917337,1283,CsPt2Cl5
14.565193,4.9946204,560,NaBi2P5
14.5458736,4.2693012,46,LiCr2I5
14.2831658,6.349306,1179,CsNb2Br5
14.2584317,3.5012912,623,KCr2P5
14.2525506,3.4789242,601,KV2S5
14.18927,4.3697372,884,RbV2Cl5
14.1624269,5.4742871,32,LiNb2I5
13.9960023,4.0859823,574,NaTe2P5
13.9734744,4.3542715,1234,CsFe2Cl5
13.7616509,5.6386,340,NaMo2I5
13.7469159,3.8063766,905,RbCr2Cl5
13.7276548,4.4600962,52,LiMo2Br5
13.6729821,3.584586,555,NaBi2Cl5
13.6603731,3.2700513,622,KCr2S5
13.6182859,2.2924647,227,LiGe2Br5
13.5535141,2.6108472,717,KPd2Br5
13.5417296,4.4815233,1171,CsV2Cl5
13.4969559,6.7685758,1427,CsSe2S5
13.4960426,4.3354073,975,RbRh2Cl5
13.4757494,4.3241478,1262,CsRh2Cl5
13.4501593,2.5070041,689,KRh2Br5
13.4449114,4.7198279,674,KRu2Cl5
13.4002772,3.5337891,424,NaPt2I5
13.4001321,4.2629378,1003,RbPd2Cl5
13.3796719,4.2321033,1290,CsPd2Cl5
13.1938185,3.5436243,18,LiHf2I5
13.181503,6.4176524,961,RbRu2Cl5
13.1612098,6.4052921,1248,CsRu2Cl5
13.1387098,2.8411673,577,KTi2Br5
13.1266059,4.4990326,675,KRu2Br5
13.0731869,2.6470311,889,RbV2P5
13.0550922,3.368982,403,NaRh2I5
13.022166,3.4123459,305,NaHf2I5
12.994393,3.7731671,1036,RbZn2P5
12.9931992,5.5495989,319,NaNb2I5
12.9927584,3.4070077,298,NaZr2I5
12.979364,4.6421416,864,RbTi2Br5
12.9618794,2.1542241,629,KMo2S5
12.8986165,4.2720014,1151,CsTi2Br5
12.8739662,4.5296609,646,KTc2Cl5
12.8646052,3.4829055,585,KZr2I5
12.860751,4.1208207,598,KV2Br5
12.8538944,3.4865857,592,KHf2I5
12.8142773,4.2286159,364,NaTc2P5
12.7687547,3.7114427,448,NaAg2P5
12.7646207,2.5727463,1176,CsV2P5
12.7614409,3.8020874,1192,CsCr2Cl5
12.7364259,4.2266559,539,NaPb2P5
12.7233411,5.2010879,410,NaIr2I5
12.7156536,6.2100412,933,RbTc2Cl5
12.7156536,6.2111988,1220,CsTc2Cl5
12.6478165,4.4288807,553,NaSb2P5
12.6301958,4.4768511,647,KTc2Br5
12.5978676,2.5378733,692,KRh2S5
12.595202,3.4306183,312,NaV2I5
12.5773659,5.130926,389,NaRu2I5
12.5764502,1.8265893,192,LiAl2Br5
12.5408125,2.6200415,910,RbCr2P5
12.4788537,2.3758578,1175,CsV2S5
12.4526736,2.2025021,916,RbMo2S5
12.3873869,2.3718812,678,KRu2S5
12.3867438,2.450248,1000,RbPt2S5
12.3864347,2.596155,1197,CsCr2P5
12.3632114,2.339904,1287,CsPt2S5
12.3546404,2.3732382,699,KIr2S5
12.3459039,2.2406912,1203,CsMo2S5
12.3267412,2.2680789,888,RbV2S5
12.3190297,2.5143958,979,RbRh2S5
12.3051061,2.4361448,1266,CsRh2S5
12.1920878,3.4334608,333,NaCr2I5
12.1634086,2.332667,1252,CsRu2S5
12.1027357,2.344986,965,RbRu2S5
12.0877166,3.2123355,361,NaTc2I5
12.0658612,2.6336432,758,KHg2Cl5
12.061217,3.2855499,9,LiZr2Cl5
12.0563533,2.337129,1273,CsIr2S5
12.056293,2.3489556,986,RbIr2S5
11.8846889,2.7218679,993,RbNi2S5
11.8352979,3.0513844,706,KNi2S5
11.7726577,2.7546337,972,RbCo2S5
11.768845,2.1385702,909,RbCr2S5
11.7528806,2.1224159,1196,CsCr2S5
11.7187037,3.0347528,1115,RbAs2Cl5
11.6981886,2.1823165,650,KTc2S5
11.6959316,3.2468193,576,KTi2Cl5
11.6052076,2.7673156,727,KCu2S5
11.5650879,2.6035169,1087,RbGe2Cl5
11.4888338,3.0567045,1045,RbHg2Cl5
11.4709611,4.2015208,532,NaSn2P5
11.4658667,5.9743877,1434,CsTe2S5
11.4357297,2.19715,1224,CsTc2S5
11.4220897,3.0571817,685,KCo2S5
11.4174531,2.1562981,937,RbTc2S5
11.4143799,3.2236429,310,NaV2Cl5
11.3746985,3.2629455,289,NaTi2Cl5
11.2271308,2.7904412,664,KFe2S5
10.9593828,2.7836571,87,LiFe2Br5
10.9406539,1.962903,534,NaPb2Cl5
10.7505644,1.9385714,296,NaZr2Cl5
10.5511673,3.0940245,108,LiCo2Br5
10.4488182,4.7762218,16,LiHf2Cl5
10.1491564,1.7851648,499,NaTl2Cl5
10.0186051,4.3840726,871,RbZr2Br5
9.9185385,1.7208563,374,NaFe2Br5
9.8721454,4.7335281,590,KHf2Cl5
9.8314396,2.744834,1085,RbSi2P5
9.6497712,4.0215983,303,NaHf2Cl5
9.5785038,2.7561179,583,KZr2Cl5
9.4638214,4.6910638,877,RbHf2Cl5
9.4435443,6.1117676,860,KTe2S5
9.3465426,1.9089183,472,NaHg2Br5
9.1796452,4.1987984,604,KNb2Cl5
9.1708034,3.8000369,714,KPt2P5
9.1544836,2.9946234,870,RbZr2Cl5
9.1032491,2.8332853,581,KTi2P5
9.0995615,6.0021614,1147,RbTe2S5
9.075222,4.0543663,679,KRu2P5
9.0332269,4.0529154,700,KIr2P5
9.0291295,4.3145597,987,RbIr2P5
9.0205733,2.1891124,686,KCo2P5
8.9675167,6.3929947,891,RbNb2Cl5
8.9646066,2.1578437,707,KNi2P5
8.950104,2.7548649,777,KGa2P5
8.950104,2.7548649,812,KGa2P5
8.9330058,6.1355079,1164,CsHf2Cl5
8.9201904,2.6037307,854,KSe2P5
8.9141595,4.726983,591,KHf2Br5
8.8687889,4.3545478,409,NaIr2Br5
8.6671595,1.8602113,570,NaTe2Br5
8.6625362,4.1693666,1253,CsRu2P5
8.6457406,4.2996174,1274,CsIr2P5
8.6328847,3.7615293,318,NaNb2Br5
8.5298263,6.3298758,1178,CsNb2Cl5
8.4989763,6.0899299,878,RbHf2Br5
8.4268333,3.3250931,1332,CsHg2Cl5
8.4153132,4.2256087,1031,RbZn2Cl5
8.3996578,3.5219133,317,NaNb2Cl5
8.3875626,4.1006336,966,RbRu2P5
8.3658623,1.5025563,416,NaNi2Br5
8.3348927,4.8108769,1423,CsSe2Cl5
8.3216294,2.4527638,423,NaPt2Br5
8.2747558,1.6761716,395,NaCo2Br5
8.249949,2.4749854,315,NaV2P5
8.2479487,3.35016,1141,RbSe2P5
8.2392001,2.5155829,584,KZr2Br5
8.2332867,3.2137304,336,NaCr2P5
8.2244363,4.3689384,1157,CsZr2Cl5
8.2114419,4.0590936,1001,RbPt2P5
8.0690574,3.9905576,1267,CsRh2P5
8.057759,4.017523,693,KRh2P5
8.0282393,3.4276455,863,RbTi2Cl5
8.0191232,2.2175034,185,LiHg2Br5
8.0018161,2.3140216,294,NaTi2P5
7.9103877,4.0272849,980,RbRh2P5
7.8214402,4.2460523,304,NaHf2Br5
7.8182327,1.8787087,1035,RbZn2S5
7.8023245,4.0499658,1288,CsPt2P5
7.7140835,1.7651032,129,LiNi2Br5
7.6526106,2.0345431,896,RbNb2P5
7.6179676,2.1530149,469,NaCd2P5
7.5625468,3.0215184,1407,CsAs2P5
7.4058035,2.1903504,405,NaRh2S5
7.2502458,1.8607699,1056,RbAl2S5
7.2243113,1.3527933,458,NaZn2Br5
7.1633236,1.6349953,297,NaZr2Br5
7.1568247,1.8103299,588,KZr2P5
7.1299053,2.0766774,314,NaV2S5
7.1105016,3.7538444,388,NaRu2Br5
7.1092342,1.7053608,290,NaTi2Br5
7.0919885,3.5325863,1150,CsTi2Cl5
6.8762222,3.8357637,122,LiIr2Br5
6.8647422,1.7996484,595,KHf2P5
6.864707,2.3496782,144,LiPd2I5
6.8617783,1.617084,538,NaPb2S5
6.8419564,2.0900476,856,KTe2Cl5
6.8217123,1.4085684,21,LiHf2P5
6.8174823,1.8307763,703,KNi2Br5
6.7827063,3.4063329,1158,CsZr2Br5
6.7581349,6.0660313,1165,CsHf2Br5
6.7124704,1.9427901,609,KNb2P5
6.7090196,2.1243976,682,KCo2Br5
6.6750337,1.9755593,311,NaV2Br5
6.6750103,1.7150143,882,RbHf2P5
6.6697724,1.3410829,14,LiZr2P5
6.6602549,1.7801302,430,NaPd2Br5
6.6547204,2.4781785,88,LiFe2I5
6.6079369,1.8384864,640,KMn2Br5
6.5970048,1.735949,402,NaRh2Br5
6.5909432,3.7783509,360,NaTc2Br5
6.5079093,1.7944683,875,RbZr2P5
6.5071291,2.6393375,24,LiV2Br5
6.4948426,1.2769316,563,NaSe2Br5
6.4288856,1.8221672,990,RbNi2Br5
6.4218128,2.4833969,130,LiNi2I5
6.4178987,2.8221303,45,LiCr2Br5
6.4096215,2.0327421,926,RbMn2Cl5
6.4062705,1.9777099,7,LiTi2P5
6.3807001,1.8201898,948,RbFe2Br5
6.3718872,2.4621013,67,LiMn2I5
6.3446234,2.8213857,1367,CsSi2Cl5
6.3204229,2.0291664,969,RbCo2Br5
6.3134277,2.47796,109,LiCo2I5
6.2688268,1.8200599,1215,CsMn2I5
6.248491,1.9013919,651,KTc2P5
6.2479821,1.8194458,1278,CsNi2I5
6.2470069,1.7936749,1169,CsHf2P5
6.2465333,1.8239642,1214,CsMn2Br5
6.2464472,1.8241438,927,RbMn2Br5
6.2386657,2.4815048,928,RbMn2I5
6.2385796,2.4811924,641,KMn2I5
6.2290569,0.529485,571,NaTe2I5
6.2289832,1.8195067,1277,CsNi2Br5
6.2188785,2.4813986,991,RbNi2I5
6.2187924,2.4813986,704,KNi2I5
6.2111807,1.8187433,1236,CsFe2I5
6.2034536,1.8477676,332,NaCr2Br5
6.1859828,2.4581086,1379,CsGe2P5
6.1778091,2.4800099,949,RbFe2I5
6.1777658,1.818118,1235,CsFe2Br5
6.1711489,2.475937,662,KFe2I5
6.1467813,0.9460961,762,KHg2S5
6.1391302,2.0160391,1257,CsCo2I5
6.1302996,1.5038434,353,NaMn2Br5
6.1201313,2.0264084,1256,CsCo2Br5
6.1100181,2.4758642,683,KCo2I5
6.1097777,2.4758642,970,RbCo2I5
6.0917949,4.2849454,1318,CsZn2Cl5
6.0611851,1.8587805,1162,CsZr2P5
6.0126525,1.5820324,868,RbTi2P5
5.9193927,1.924684,497,NaIn2P5
5.8812914,3.0894856,578,KTi2I5
5.7864557,3.5371602,101,LiRu2Br5
5.7706923,1.9470911,938,RbTc2P5
5.6682149,2.7726527,1063,RbGa2S5
5.6682149,2.7726527,1098,RbGa2S5
5.6181467,1.9249478,1183,CsNb2P5
5.5519373,4.0608345,17,LiHf2Br5
5.5454681,1.5742577,1155,CsTi2P5
5.5083473,1.5605982,115,LiRh2Br5
5.482795,2.0432369,1225,CsTc2P5
5.404297,2.2943645,172,LiZn2I5
5.3592648,3.4523291,31,LiNb2Br5
5.3449629,2.0874114,3,LiTi2Br5
5.338049,1.7500477,763,KHg2P5
5.305303,1.4109308,465,NaCd2Br5
5.2912242,1.7022042,718,KPd2I5
5.2851809,1.6059129,608,KNb2S5
5.2309844,1.3833996,308,NaHf2P5
5.2238996,1.8642162,867,RbTi2S5
5.2128962,1.4521659,10,LiZr2Br5
5.2070756,2.2870818,746,KZn2I5
5.1753669,1.8811355,143,LiPd2Br5
5.1496494,0.6883532,753,KCd2I5
5.1339332,1.6346379,1032,RbZn2Br5
5.1257259,1.6320623,1319,CsZn2Br5
5.1127768,1.7024119,1292,CsPd2I5
5.1021799,1.5361071,587,KZr2S5
5.098801,1.308963,301,NaZr2P5
5.0794052,1.7024119,1005,RbPd2I5
5.0589848,1.7078298,1291,CsPd2Br5
5.0522993,2.2933117,1047,RbHg2I5
5.035789,1.8549196,1154,CsTi2S5
5.0253467,3.1840397,73,LiTc2Br5
4.9431187,1.6307776,1327,CsCd2I5
4.9430326,1.6307776,1040,RbCd2I5
4.9264059,2.2869908,1033,RbZn2I5
4.9260794,1.6257242,1320,CsZn2I5
4.9201482,2.4830616,826,KPb2P5
4.9021277,0.7199561,857,KTe2Br5
4.8887488,1.0086945,507,NaSi2Br5
4.8366765,1.6320451,1334,CsHg2I5
4.8091124,0.437251,858,KTe2I5
4.7209204,1.9288678,847,KBi2P5
4.7181489,1.5400189,895,RbNb2S5
4.7005763,0.437251,1145,RbTe2I5
4.6707304,1.3544499,759,KHg2Br5
4.5596619,1.5332831,1182,CsNb2S5
4.5535788,1.3884606,594,KHf2S5
4.5311158,0.9534479,66,LiMn2Br5
4.5155037,2.6380038,1213,CsMn2Cl5
4.4927057,0.5659312,1144,RbTe2Br5
4.4744843,0.6827182,790,KTl2S5
4.4688498,1.3121831,322,NaNb2P5
4.4441914,1.3473041,1046,RbHg2Br5
4.4359634,1.4807375,1138,RbSe2I5
4.3664066,1.4811414,874,RbZr2S5
4.3155078,2.4103665,1127,RbSb2P5
4.3155078,2.4692738,1414,CsSb2P5
4.2889282,1.3339783,179,LiCd2I5
4.288874,2.4114667,840,KSb2P5
4.2595186,2.3228656,1333,CsHg2Br5
4.2474221,1.3165643,881,RbHf2S5
4.2252262,1.4656583,1432,CsTe2I5
4.2226566,1.4807375,1425,CsSe2I5
4.2210582,1.6153437,1431,CsTe2Br5
4.2130782,1.545932,1161,CsZr2S5
4.1428,1.6170014,35,LiNb2P5
4.1001282,1.409757,1168,CsHf2S5
4.0941431,1.6780638,1050,RbHg2P5
4.0788706,2.277681,1008,RbPd2P5
4.0759868,2.3750046,721,KPd2P5
4.059301,1.510669,417,NaNi2I5
4.0116575,1.505579,375,NaFe2I5
4.0049556,1.0033065,779,KIn2Cl5
3.9911609,1.7754077,291,NaTi2I5
3.9687378,2.8658176,1059,RbGa2Cl5
3.9687378,2.8658176,1094,RbGa2Cl5
3.9505267,1.5051346,396,NaCo2I5
3.941128,1.6822629,1337,CsHg2P5
3.9389533,1.5038429,354,NaMn2I5
3.8795162,1.3726894,357,NaMn2P5
3.8761798,1.144875,391,NaRu2S5
3.8591087,0.7905339,479,NaAl2Br5
3.8553965,1.3647744,770,KAl2P5
3.8304718,0.9348275,34,LiNb2S5
3.8127558,1.1236504,284,LiTe2I5
3.7600739,2.4102363,1113,RbPb2P5
3.7565138,0.7496363,486,NaGa2Br5
3.7565138,0.7496363,521,NaGa2Br5
3.7480454,0.7941956,514,NaGe2Br5
3.7300313,0.7405452,542,NaAs2Br5
3.6987497,2.3350756,1295,CsPd2P5
3.6672058,0.8721382,363,NaTc2S5
3.6142445,2.0860656,1057,RbAl2P5
3.5233249,0.7211474,248,LiPb2Br5
3.4537495,2.7270929,1346,CsGa2Cl5
3.4537495,2.7270929,1381,CsGa2Cl5
3.4477734,1.4218949,178,LiCd2Br5
3.4364274,0.7486737,1066,RbIn2Cl5
3.4161654,0.5745021,644,KMn2P5
3.3845436,0.5534773,728,KCu2P5
3.3844886,0.6223715,665,KFe2P5
3.3809297,1.9254862,1134,RbBi2P5
3.3769646,2.401043,1400,CsPb2P5
3.3637509,1.0471439,749,KZn2P5
3.3518524,0.7353047,321,NaNb2S5
3.3483867,1.9431641,1371,CsSi2S5
3.3375667,1.9162648,1421,CsBi2P5
3.332483,0.6441479,1049,RbHg2S5
3.3226415,0.7463691,752,KCd2Br5
3.3166407,1.329319,186,LiHg2I5
3.3164622,1.8161221,1339,CsAl2Cl5
3.2740101,2.3817754,1038,RbCd2Cl5
3.2637082,2.1763332,1148,RbTe2P5
3.2637082,2.2350476,1435,CsTe2P5
3.2556409,0.6230652,1119,RbAs2S5
3.2370744,2.1726334,861,KTe2P5
3.2079191,0.6020505,1091,RbGe2S5
3.1845054,0.66076,300,NaZr2S5
3.1485621,0.63273,20,LiHf2S5
3.1264225,0.4388231,735,KAg2P5
3.1141761,0.6302051,307,NaHf2S5
3.1117757,0.6576871,447,NaAg2S5
3.092621,0.7302113,466,NaCd2I5
3.0824874,0.6999323,745,KZn2Br5
3.0698118,1.3262243,760,KHg2I5
3.0650068,1.3273157,473,NaHg2I5
3.0263408,0.5431849,1015,RbCu2P5
3.020265,1.8146486,819,KSn2P5
2.9983289,0.6423262,468,NaCd2S5
2.983368,2.361557,1325,CsCd2Cl5
2.9739378,0.5147237,643,KMn2S5
2.9597575,0.6332488,1344,CsAl2P5
2.9297285,0.6426967,13,LiZr2S5
2.9165316,0.615282,973,RbCo2P5
2.8860139,0.6328441,293,NaTi2S5
2.8605649,0.615498,994,RbNi2P5
2.8455665,1.4192196,431,NaPd2I5
2.8293131,0.4808303,1014,RbCu2S5
2.7882941,0.6319088,580,KTi2S5
2.7733249,0.6443853,1218,CsMn2P5
2.7677127,1.6320117,1039,RbCd2Br5
2.7650931,1.3476641,459,NaZn2I5
2.739907,0.736162,850,KSe2Br5
2.7388509,0.6075758,1239,CsFe2P5
2.7266179,0.6120678,952,RbFe2P5
2.7197952,1.3377762,283,LiTe2Br5
2.7068596,0.5067735,930,RbMn2S5
2.6681945,0.5954018,1343,CsAl2S5
2.6569695,0.4700545,951,RbFe2S5
2.651586,0.5548635,931,RbMn2P5
2.6435327,0.2681108,1022,RbAg2P5
2.6280652,0.3214944,559,NaBi2S5
2.5560392,1.1457867,277,LiSe2I5
2.5059162,0.3049398,742,KAu2P5
2.4696727,1.631713,1326,CsCd2Br5
2.4021955,1.713619,1106,RbSn2P5
2.4021955,1.7998779,1393,CsSn2P5
2.396199,1.1432512,851,KSe2I5
2.3756553,1.1457059,564,NaSe2I5
2.3649617,0.3781851,504,NaTl2P5
2.2627063,0.7109833,1137,RbSe2Br5
2.2121426,0.2426163,791,KTl2P5
2.1722908,2.3667513,1143,RbTe2Cl5
2.1494503,2.348449,1430,CsTe2Cl5
2.0695922,0.3864548,835,KSb2Cl5
2.0581664,0.1663966,846,KBi2S5
2.0316259,0.18155,1028,RbAu2S5
1.9999918,1.7193484,1424,CsSe2Br5
1.9539203,0.2036554,786,KTl2Cl5
1.892559,0.1787029,821,KPb2Cl5
1.8918201,0.1749297,825,KPb2S5
1.8642182,1.5089369,1402,CsAs2Cl5
1.7959141,1.5351892,1374,CsGe2Cl5
1.7396684,0.0969884,842,KBi2Cl5
1.7156092,0.379772,756,KCd2P5
1.6877219,0.326363,814,KSn2Cl5
1.5962345,0.7608173,493,NaIn2Br5
1.4881833,0.5793856,1281,CsNi2P5
1.4602348,0.4475073,1280,CsNi2S5
1.4589862,0.5824095,1260,CsCo2P5
1.443689,0.7014304,528,NaSn2Br5
1.3838672,0.3728295,784,KIn2P5
1.3672311,0.431427,1259,CsCo2S5
1.3603012,0.3929157,720,KPd2S5
1.3107974,0.3582204,822,KPb2Br5
1.3002985,0.2296315,1029,RbAu2P5
1.256023,0.7177884,1353,CsIn2Cl5
1.2283023,0.3255843,734,KAg2S5
1.2124347,0.4431595,1217,CsMn2S5
1.2033392,0.302829,1323,CsZn2P5
1.2008059,0.3109383,508,NaSi2I5
1.1916767,0.2010926,1043,RbCd2P5
1.1810081,0.3212091,794,KSi2Br5
1.1733887,0.3894068,1302,CsCu2P5
1.1323926,0.6245641,1077,RbTl2S5
1.1165203,0.3265679,1351,CsGa2P5
1.1165203,0.3265679,1386,CsGa2P5
1.0989194,0.2448624,206,LiIn2Br5
1.0865701,0.2110628,755,KCd2S5
1.0674981,0.389253,1238,CsFe2S5
1.0530911,0.3079373,1109,RbPb2Br5
1.0249941,0.1642423,1078,RbTl2P5
1.0146342,0.6112875,1336,CsHg2S5
1.004759,0.2498949,480,NaAl2I5
0.9971137,0.1654311,262,LiSb2Br5
0.955416,0.2376046,773,KGa2Br5
0.955416,0.2376046,808,KGa2Br5
0.9472876,0.1998568,839,KSb2S5
0.936402,0.1860525,241,LiSn2Br5
0.9162342,0.2080198,1071,RbIn2P5
0.9127567,0.1619946,269,LiBi2Br5
0.8954891,0.1947945,1081,RbSi2Br5
0.890697,0.193987,221,LiSi2I5
0.8793445,0.227572,801,KGe2Br5
0.8736884,0.1787911,783,KIn2S5
0.8686137,0.201091,818,KSn2S5
0.8675827,0.1646225,543,NaAs2I5
0.8654917,0.2998205,1396,CsPb2Br5
0.8633941,0.0907086,844,KBi2I5
0.8584237,0.6108581,1364,CsTl2S5
0.8179653,0.1787914,829,KAs2Br5
0.8178189,0.1445158,843,KBi2Br5
0.8064751,0.2065865,788,KTl2I5
0.8051641,0.2613932,1309,CsAg2P5
0.8045652,0.2295666,515,NaGe2I5
0.7995272,0.092709,270,LiBi2I5
0.7946828,0.1357596,823,KPb2I5
0.7922419,0.2296596,1316,CsAu2P5
0.7843987,0.230134,228,LiGe2I5
0.7805297,0.2011037,781,KIn2I5
0.7697106,0.1651899,256,LiAs2I5
0.7686499,0.1848884,795,KSi2I5
0.7662997,0.2455033,213,LiTl2Br5
0.7662817,0.2975152,1301,CsCu2S5
0.7647929,0.118952,557,NaBi2I5
0.756832,0.0705812,1133,RbBi2S5
0.7566245,0.0726782,837,KSb2I5
0.74976,0.1909159,1330,CsCd2P5
0.743686,0.1737774,1021,RbAg2S5
0.7355025,0.1597615,1101,RbSn2Cl5
0.7250997,0.2194724,487,NaGa2I5
0.7250997,0.2194724,522,NaGa2I5
0.7222084,0.1246882,1042,RbCd2S5
0.7218989,0.1700598,1122,RbSb2Cl5
0.7117567,0.0653297,1129,RbBi2Cl5
0.709014,0.2171436,766,KAl2Br5
0.7004281,0.1540091,1070,RbIn2S5
0.6962094,0.1393996,816,KSn2I5
0.6902741,0.0930953,550,NaSb2I5
0.6798338,0.0804772,263,LiSb2I5
0.6590067,0.1280409,836,KSb2Br5
0.6584796,0.139715,1126,RbSb2S5
0.6568874,0.2261135,207,LiIn2I5
0.6557468,0.0991965,536,NaPb2I5
0.6508313,0.1410765,249,LiPb2I5
0.6418848,0.155049,1365,CsTl2P5
0.6399773,0.1754853,780,KIn2Br5
0.6371749,0.1174909,1108,RbPb2Cl5
0.6362783,0.2808798,1007,RbPd2S5
0.6339411,0.1959945,787,KTl2Br5
0.6322715,0.2236322,494,NaIn2I5
0.6234801,0.152616,815,KSn2Br5
0.6189127,0.1093655,242,LiSn2I5
0.6186278,0.170925,1073,RbTl2Cl5
0.6150317,0.1434976,1105,RbSn2S5
0.6129586,0.112402,529,NaSn2I5
0.6111267,0.2100611,214,LiTl2I5
0.6041317,0.1658484,1060,RbGa2Br5
0.6041317,0.1658484,1095,RbGa2Br5
0.595066,0.2450413,1294,CsPd2S5
0.5849843,0.1183758,1088,RbGe2Br5
0.5842079,0.1762808,501,NaTl2I5
0.5750672,0.1558577,193,LiAl2I5
0.5641922,0.1497184,767,KAl2I5
0.5482424,0.2008464,1053,RbAl2Br5
0.5410645,0.1626306,1355,CsIn2I5
0.5370664,0.1944243,1358,CsIn2P5
0.5369529,0.1624687,1068,RbIn2I5
0.5331656,0.1414149,1360,CsTl2Cl5
0.528499,0.1419038,200,LiGa2I5
0.528499,0.1419038,235,LiGa2I5
0.528111,0.1633354,1347,CsGa2Br5
0.528111,0.1633354,1382,CsGa2Br5
0.5268888,0.08422,1112,RbPb2S5
0.5264368,0.173131,1368,CsSi2Br5
0.5179273,0.1323021,774,KGa2I5
0.5179273,0.1323021,809,KGa2I5
0.5161453,0.1428194,1067,RbIn2Br5
0.5143694,0.1763202,1369,CsSi2I5
0.5142833,0.176316,1082,RbSi2I5
0.5093739,0.18615,1340,CsAl2Br5
0.5057589,0.1495618,1054,RbAl2I5
0.5051096,0.1484306,1357,CsIn2S5
0.5018088,0.1495501,1341,CsAl2I5
0.4947915,0.0498327,1130,RbBi2Br5
0.4893591,0.1887338,1428,CsSe2P5
0.4889597,0.040663,1131,RbBi2I5
0.4872516,0.0910556,1116,RbAs2Br5
0.4839622,0.111197,1089,RbGe2I5
0.4820618,0.1196473,1075,RbTl2I5
0.4819501,0.0872918,1102,RbSn2Br5
0.4576523,0.209314,1329,CsCd2S5
0.4550886,0.1195679,802,KGe2I5
0.4526427,0.1801188,1406,CsAs2S5
0.4484463,0.1546626,1315,CsAu2S5
0.4456108,0.1304399,1388,CsSn2Cl5
0.444703,0.1387305,1409,CsSb2Cl5
0.4333842,0.0578031,1123,RbSb2Br5
0.4285266,0.1772949,1378,CsGe2S5
0.4272841,0.0911279,830,KAs2I5
0.4266055,0.0771051,1110,RbPb2I5
0.4232679,0.132373,1348,CsGa2I5
0.4232679,0.132373,1383,CsGa2I5
0.4231818,0.132373,1061,RbGa2I5
0.4231818,0.132373,1096,RbGa2I5
0.4202271,0.1338256,1354,CsIn2Br5
0.4166848,0.1578626,1322,CsZn2S5
0.4154576,0.0752117,1103,RbSn2I5
0.4111106,0.1275693,1361,CsTl2Br5
0.4059671,0.1199782,1362,CsTl2I5
0.4039607,0.1362449,1074,RbTl2Br5
0.3943413,0.0469062,1124,RbSb2I5
0.3871391,0.1082676,1413,CsSb2S5
0.3738244,0.1488807,1350,CsGa2S5
0.3738244,0.1488807,1385,CsGa2S5
0.3573998,0.0895224,1395,CsPb2Cl5
0.3520682,0.1631439,1308,CsAg2S5
0.3381394,0.1099691,1392,CsSn2S5
0.3273422,0.1183758,1375,CsGe2Br5
0.3177751,0.0654249,1416,CsBi2Cl5
0.2936453,0.111197,1376,CsGe2I5
0.2273118,0.0745101,1390,CsSn2I5
0.2251088,0.0727165,1399,CsPb2S5
0.224267,0.0910916,1403,CsAs2Br5
0.2140594,0.0785643,1389,CsSn2Br5
0.2099052,0.0648112,1397,CsPb2I5
0.2069417,0.082757,1404,CsAs2I5
0.2017346,0.082757,1117,RbAs2I5
0.1981151,0.0614004,1420,CsBi2S5
0.1690961,0.0461686,1411,CsSb2I5
0.164825,0.0491923,1410,CsSb2Br5
0.1440011,0.0417635,1417,CsBi2Br5
0.1398499,0.0400719,1418,CsBi2I5
