LTC (300),LTC (800),filename,Compound
292.05371,54.3946841,98,BeOsP3
273.2598251,57.5774469,97,BeOsS3
262.9722208,54.0456409,83,BeReS3
258.2603924,54.8887472,96,BeOsO3
245.4488645,56.1312272,82,BeReO3
242.9504824,54.5010359,92,BeOsF3
241.0477907,50.6542805,383,MgOsO3
238.9040445,54.486299,40,BeTaO3
238.885443,54.486299,61,BeWO3
236.4602393,37.2712855,105,BeRuP3
236.4442866,54.7189833,78,BeReF3
233.8592588,47.4612888,103,BeRuO3
233.8219268,36.1343651,126,BeIrP3
233.1882839,48.2463668,124,BeIrO3
232.3520953,36.0885749,119,BeRhP3
229.4187025,53.8306397,57,BeWF3
228.0080212,47.1209728,117,BeRhO3
227.8816834,51.6828013,369,MgReO3
226.9074931,51.7396536,36,BeTaF3
224.5091023,55.1481417,344,MgWF3
223.1030105,35.3323805,49,BeCrP3
222.6719474,49.2350055,75,BeTcO3
222.0679555,35.209672,140,BePtP3
221.0377471,47.9287314,19,BeHfO3
219.9443243,45.5343857,99,BeRuF3
217.2496686,33.8608971,210,BeInP3
216.8773655,33.249961,224,BeSiP3
216.8072342,33.6988603,112,BeCoP3
216.406713,47.0946654,54,BeMoO3
216.2288976,33.8542235,245,BeSnP3
216.1174103,46.4215754,33,BeNbO3
216.0305909,56.211083,348,MgWO3
215.915433,33.1046583,231,BeGeP3
215.3571718,48.0832076,379,MgOsF3
215.2945382,32.9833326,182,BeCdP3
215.2026972,32.9975348,154,BeCuP3
215.152507,33.0075537,133,BeNiP3
214.9818901,33.0054314,175,BeZnP3
214.8679954,32.36362,147,BePdP3
214.8547476,32.0946304,161,BeAgP3
214.6320422,32.4367975,196,BeAlP3
214.4590651,47.9418347,120,BeIrF3
214.3016989,45.4514956,113,BeRhF3
214.1257199,32.9725914,91,BeFeP3
214.0010519,32.9192182,217,BeTlP3
213.5900885,48.6704839,71,BeTcF3
213.2272325,33.0999295,203,BeGaP3
213.2272325,33.0999295,238,BeGaP3
213.1335275,32.2172041,168,BeAuP3
212.6287007,32.0269102,70,BeMnP3
211.7621686,32.3366845,189,BeHgP3
211.165083,32.3101745,252,BePbP3
208.8069242,48.5352066,365,MgReF3
208.2781168,46.6323074,15,BeHfF3
206.0163029,34.3707615,259,BeAsP3
205.4311314,46.7289227,50,BeMoF3
204.5794561,33.7989138,266,BeSbP3
200.7727649,43.4494856,29,BeNbF3
199.0821993,28.4722202,104,BeRuS3
198.6528119,46.7625438,323,MgTaF3
198.1708197,46.8496359,100,BeRuCl3
197.2928769,49.3634589,915,SrMoO3
196.5483142,28.0609322,125,BeIrS3
195.6771652,25.5272987,76,BeTcS3
194.6656951,50.0516536,614,CaTaO3
194.3202247,48.0076405,628,CaMoO3
193.1633106,49.9485519,327,MgTaO3
191.2116209,48.0077278,607,CaNbO3
186.8996571,27.2426229,118,BeRhS3
183.7498256,49.8005026,911,SrMoF3
183.6554644,56.8585529,93,BeOsCl3
182.4272836,52.0981912,957,SrOsO3
182.2245441,52.0484711,1244,BaOsO3
182.1362627,46.481958,51,BeMoCl3
181.4393231,51.1444708,670,CaOsO3
180.7109442,26.0882378,279,BeSeS3
179.9663042,50.3299057,694,CaIrF3
179.9617244,50.7660155,666,CaOsF3
179.3303076,22.6542992,111,BeCoS3
179.2456405,22.7805646,258,BeAsS3
179.072443,25.0552624,287,BeTeP3
178.8055903,49.2951214,624,CaMoF3
178.5136912,21.9842735,286,BeTeS3
177.8633592,22.7121952,132,BeNiS3
177.7941035,22.0080896,244,BeSnS3
177.6859745,25.5120778,280,BeSeP3
177.6211799,25.0457178,167,BeAuS3
177.4982401,24.3854331,146,BePdS3
177.153584,50.8672341,698,CaIrO3
176.9949474,22.2778179,272,BeBiS3
176.4607639,56.2681403,635,CaWO3
175.9970474,21.6395353,265,BeSbS3
175.4057521,22.295705,153,BeCuS3
175.1313893,24.2403171,139,BePtS3
174.9774998,56.0906137,79,BeReCl3
174.9590909,22.1378458,160,BeAgS3
174.8143592,21.5546053,230,BeGeS3
173.6227666,46.4607145,603,CaNbF3
173.436181,22.1844906,223,BeSiS3
171.5483602,22.9939468,251,BePbS3
171.1985603,20.6033756,188,BeHgS3
170.8400472,52.5640487,943,SrReO3
170.3804875,57.5748883,922,SrWO3
168.7221376,52.2521127,656,CaReO3
166.1794969,49.4902106,121,BeIrCl3
163.2102126,51.4668817,953,SrOsF3
163.0455846,51.5196324,1240,BaOsF3
160.7758768,47.2961901,901,SrTaO3
160.4370365,51.1333841,1209,BaWO3
160.1931061,57.2379503,631,CaWF3
159.0029989,45.9062149,1230,BaReO3
154.3550002,51.9651719,939,SrReF3
153.4188748,57.6942611,918,SrWF3
152.798364,51.9770514,1226,BaReF3
151.6059396,57.7065275,1205,BaWF3
150.5628999,45.311772,1188,BaTaO3
149.9419579,52.1938306,652,CaReF3
149.6737688,42.7378587,1202,BaMoO3
147.3198478,49.8005026,1198,BaMoF3
143.4427446,49.3867883,897,SrTaF3
143.1870851,32.9737714,30,BeNbCl3
142.94647,41.6197572,380,MgOsCl3
142.0104568,48.2118439,610,CaTaF3
141.6298094,49.3867883,1184,BaTaF3
141.4749127,45.1387926,62,BeWS3
138.0228355,28.0870569,56,BeMoP3
129.9750892,43.5575131,58,BeWCl3
127.5099808,41.3510646,37,BeTaCl3
123.7131566,32.884206,94,BeOsBr3
123.3089111,41.1730159,366,MgReCl3
122.6142837,31.8817258,122,BeIrBr3
122.587367,36.589841,41,BeTaS3
119.2022173,36.1570383,63,BeWP3
118.772674,36.1984507,16,BeHfCl3
115.8512717,31.720582,84,BeReP3
112.7492166,40.594357,954,SrOsCl3
112.243067,38.7732813,345,MgWCl3
108.4373261,25.1853075,593,CaHfO3
107.5288989,34.5577601,349,MgWS3
107.4345761,37.4803824,667,CaOsCl3
106.0850502,30.5575692,350,MgWP3
105.8746059,33.7285146,80,BeReBr3
104.9130359,22.2531335,1167,BaHfO3
104.6557818,39.6696375,632,CaWCl3
103.3576033,34.4512395,940,SrReCl3
103.0439502,29.3047452,42,BeTaP3
103.0314075,38.1527477,653,CaReCl3
103.0170953,21.7845522,880,SrHfO3
102.9897728,34.688616,919,SrWCl3
102.9402698,21.9820059,1160,BaZrO3
102.3857641,24.3836577,955,SrOsBr3
101.0379937,21.9026711,873,SrZrO3
100.1374652,35.3301375,324,MgTaCl3
99.9542713,29.5357953,1241,BaOsCl3
99.3787542,30.3767272,923,SrWS3
99.092207,26.3333974,869,SrZrF3
99.0084605,26.4062762,1156,BaZrF3
97.3857753,23.91736,586,CaZrO3
96.5660869,31.8932718,59,BeWBr3
96.5175783,24.5144095,347,MgWI3
96.3654109,25.0126221,582,CaZrF3
96.2322652,19.5676469,546,MgAsP3
95.8337973,30.1090464,1227,BaReCl3
95.8097488,30.3825782,1206,BaWCl3
95.3180213,18.8262813,518,MgGeP3
94.9905415,19.5823313,566,MgSeS3
94.8485143,24.3133181,95,BeOsI3
94.5280139,19.843973,106,BeCoF3
94.0930923,19.4185166,108,BeCoBr3
93.8959922,17.4950585,110,BeCoO3
93.818867,34.6663844,657,CaReS3
93.5706364,23.8610806,1125,SrSbO3
93.4259057,19.7679607,202,BeGaS3
93.4259057,19.7679607,237,BeGaS3
93.3917635,26.0037677,920,SrWBr3
93.2709115,19.5043327,567,MgSeP3
92.9643523,18.8293913,476,MgHgP3
92.0697636,24.286512,1121,SrSbF3
91.8531458,22.6802659,876,SrHfF3
91.7053763,22.6464381,1163,BaHfF3
91.393596,25.9457258,1207,BaWBr3
91.3453578,19.1860534,72,BeTcCl3
91.2156072,25.6514734,941,SrReBr3
91.21028,25.4277867,1208,BaWI3
90.7391445,19.0734214,2,BeTiCl3
90.2142718,21.7375376,1377,BaGeO3
90.1175132,18.43166,48,BeCrS3
90.0020284,24.3737382,1104,SrSnO3
89.9677374,21.4895696,1090,SrGeO3
89.9436369,17.3789636,511,MgSiP3
89.8942606,19.6470106,23,BeVCl3
89.8709123,20.7635943,1405,BaAsO3
89.6479245,20.6922792,1118,SrAsO3
89.6241579,21.5489807,589,CaHfF3
89.6157275,25.9090096,1210,BaWS3
89.6036088,19.4386653,85,BeFeF3
89.4980956,20.6922792,838,CaSbO3
89.4245386,17.8526732,894,SrNbO3
89.3727052,19.539364,43,BeCrF3
89.2355889,23.6272595,1146,SrTeO3
89.1775224,25.2649289,1228,BaReBr3
89.129056,17.055215,89,BeFeO3
89.0105697,19.4249648,127,BeNiF3
88.778539,19.9243959,114,BeRhCl3
88.7641236,16.3429582,209,BeInS3
88.762063,16.7822249,47,BeCrO3
88.5134524,17.032898,131,BeNiO3
88.484719,21.1498376,834,CaSbF3
88.4774123,23.1900508,1142,SrTeF3
87.9857319,21.5209647,1086,SrGeF3
87.8299947,22.6246579,346,MgWBr3
87.8121085,19.7956727,44,BeCrCl3
87.7336336,22.6363324,1412,BaSbO3
87.7211764,21.5135992,1373,BaGeF3
87.7058199,17.1608088,490,MgGaP3
87.7058199,17.1608088,525,MgGaP3
87.4381566,20.1366563,803,CaGeO3
87.4237469,20.0841939,890,SrNbF3
87.2937143,23.9086565,1111,SrPbO3
87.2879515,17.9150424,1,BeTiF3
87.2759774,19.9356684,1177,BaNbF3
87.207871,20.1757221,960,SrRuF3
87.1668909,22.9437585,1419,BaBiO3
87.1603633,24.0355893,1398,BaPbO3
87.1458875,19.162713,831,CaAsO3
87.1310064,23.3656876,1429,BaTeF3
87.0836425,22.8564595,1132,SrBiO3
87.043243,20.1136134,1247,BaRuF3
86.9650793,20.1914185,981,SrIrF3
86.947868,17.1566157,390,MgRuO3
86.9047814,23.5990561,1391,BaSnO3
86.771745,20.2440075,1268,BaIrF3
86.7518583,19.2824186,302,MgHfF3
86.4823117,22.867664,1408,BaSbF3
86.4721972,16.8446429,306,MgHfO3
86.4333107,17.6260705,964,SrRuO3
86.3869421,23.5916528,1100,SrSnF3
86.3727751,22.9732516,1433,BaTeO3
86.3058162,19.6952361,932,SrTcF3
86.2893441,29.9498794,52,BeMoBr3
86.2855412,17.2605761,1251,BaRuO3
86.2649157,16.6101606,362,MgTcO3
86.2083022,24.5658936,921,SrWI3
86.1737284,19.6448,1219,BaTcF3
86.1650621,20.8741368,1069,SrInO3
86.1541847,20.9912516,817,CaSnO3
86.1065883,15.8380603,5,BeTiO3
86.0055092,24.776523,81,BeReI3
85.9699948,26.1227151,60,BeWI3
85.8995943,20.5241397,855,CaTeF3
85.8906342,27.12234,636,CaWS3
85.8537046,17.4282032,985,SrIrO3
85.8432231,19.8166499,974,SrRhF3
85.7979915,19.1026296,135,BePtCl3
85.7156984,17.1044584,936,SrTcO3
85.690525,22.2832944,367,MgReBr3
85.6725021,17.3446553,1272,BaIrO3
85.3796891,30.9220917,898,SrTaCl3
85.3126981,16.7200072,1223,BaTcO3
85.2449475,17.2234904,978,SrRhO3
85.2083364,23.175062,1415,BaBiF3
85.1770321,23.2037177,1387,BaSnF3
85.0636956,15.8314567,174,BeZnS3
85.050991,20.3753351,859,CaTeO3
85.0044294,23.172674,1128,SrBiF3
84.9961,29.7316964,611,CaTaCl3
84.766322,19.9930425,845,CaBiO3
84.6860079,20.4887542,1135,SrSeF3
84.5209454,20.3969976,1426,BaSeO3
84.4066719,21.3368561,1044,SrHgF3
84.3920902,21.3913269,1331,BaHgF3
84.1909877,21.7164065,668,CaOsBr3
84.099887,23.4790477,633,CaWBr3
84.0604176,20.33569,1139,SrSeO3
84.0560309,20.8013904,813,CaSnF3
84.0228584,21.0191887,824,CaPbO3
83.9923164,17.3676038,8,BeZrF3
83.8565409,20.720489,1065,SrInF3
83.8414367,15.4378036,181,BeCdS3
83.6487952,20.1374093,1048,SrHgO3
83.5296127,16.4154238,489,MgGaS3
83.5296127,16.4154238,524,MgGaS3
83.5154442,20.1304497,1335,BaHgO3
83.4651432,19.431716,782,CaInO3
83.4135121,20.0392753,1422,BaSeF3
83.3975775,20.6385698,1076,SrTlO3
83.2642265,20.5883816,1363,BaTlO3
83.1457681,15.1218818,216,BeTlS3
83.1155392,15.253583,12,BeZrO3
83.0358475,20.1909821,1356,BaInO3
82.7207629,22.8829163,654,CaReBr3
82.7042997,18.8334007,107,BeCoCl3
82.6972966,15.2310975,222,BeSiO3
82.6871089,20.1186715,841,CaBiF3
82.4317906,16.0002284,90,BeFeS3
82.2257796,17.744645,22,BeVF3
82.097752,15.540269,1181,BaNbO3
82.0589399,18.8816729,852,CaSeO3
82.0175188,20.0415511,1352,BaInF3
81.7913266,20.4612636,1394,BaPbF3
81.7886753,20.8169233,1359,BaTlF3
81.7702157,16.7320825,199,BeGaBr3
81.7702157,16.7320825,234,BeGaBr3
81.7489948,19.3584965,789,CaTlO3
81.7040115,15.0587838,195,BeAlS3
81.6476414,19.4918519,778,CaInF3
81.6060345,29.8663567,672,CaOsP3
81.6025549,16.4101871,649,CaTcO3
81.5736724,17.8993972,386,MgRuF3
81.5269841,18.8129064,761,CaHgO3
81.5106732,16.5582731,677,CaRuO3
81.4934033,20.4248574,1107,SrPbF3
81.490752,20.8230211,1072,SrTlF3
81.3536338,19.003371,645,CaTcF3
81.2440214,19.2017159,673,CaRuF3
80.9382503,15.4267022,26,BeVO3
80.8153863,18.7181874,596,CaVF3
80.7384781,12.7605122,475,MgHgS3
80.7093936,16.000368,600,CaVO3
80.7020354,17.3791854,358,MgTcF3
80.6510706,16.3616218,320,MgNbO3
80.5562053,18.9207726,617,CaCrF3
80.5549872,15.4429872,69,BeMnS3
80.4893764,17.6855375,198,BeGaCl3
80.4893764,17.6855375,233,BeGaCl3
80.4650989,16.5023617,341,MgMoO3
80.2711467,15.8986093,621,CaCrO3
80.066011,16.0691889,691,CaRhO3
80.0085864,17.6802299,134,BePtF3
79.9221276,19.5699891,785,CaTlF3
79.9179612,15.7100255,462,MgZnP3
79.8793735,18.850487,687,CaRhF3
79.8019229,19.1796988,820,CaPbF3
79.6991411,17.2580945,141,BePdF3
79.66532,18.9904398,799,CaGeF3
79.5755619,14.9298895,218,BeSiF3
79.4733865,27.278,31,BeNbBr3
79.4486861,27.2346706,1185,BaTaCl3
78.9485147,14.4858101,145,BePdO3
78.6706255,15.0422954,138,BePtO3
78.5925168,14.7571886,1153,BaTiO3
78.1098089,23.0353482,655,CaReI3
77.9919003,18.3753399,64,BeMnF3
77.7864459,18.795213,128,BeNiCl3
77.7727406,15.765492,68,BeMnO3
77.3864321,18.5002081,148,BeCuF3
77.2761473,23.3584107,924,SrWP3
77.13065,16.2091046,152,BeCuO3
77.001532,13.3939825,471,MgHgCl3
76.9199578,13.6304427,562,MgSeCl3
76.8774964,18.7669168,86,BeFeCl3
76.8086166,15.8553245,299,MgZrO3
76.6039496,21.8462923,39,BeTaI3
76.5767283,14.510859,273,BeBiP3
76.1084025,18.4261269,295,MgZrF3
76.1083241,15.0056601,399,MgCoP3
75.9179887,14.1965946,420,MgNiP3
75.8922625,18.867197,883,SrVF3
75.7721915,17.7649306,407,MgIrF3
75.7307687,18.867197,862,SrTiF3
75.6582029,23.7982959,945,SrReP3
75.65191,19.0880393,1191,BaCrF3
75.597385,18.8856287,1170,BaVF3
75.5649175,18.9831908,904,SrCrF3
75.5107672,15.523896,485,MgGaCl3
75.5107672,15.523896,520,MgGaCl3
75.4971366,18.1309547,848,CaSeF3
75.4721148,23.4025629,658,CaReP3
75.3983301,19.5349744,757,CaHgF3
75.3408061,17.4728459,337,MgMoF3
75.2466545,18.6794255,316,MgNbF3
74.8247853,15.7017455,219,BeSiCl3
74.7909918,18.8682214,1261,BaRhF3
74.6322767,18.1567378,142,BePdCl3
74.5856412,16.1147407,908,SrCrO3
74.5471066,16.1344317,866,SrTiO3
74.5471066,16.1318558,887,SrVO3
74.4378717,15.7492463,1195,BaCrO3
74.4302885,16.1135102,411,MgIrO3
74.3936515,22.3088481,634,CaWI3
74.3817393,14.2618771,129,BeNiBr3
74.3344188,13.6463939,441,MgCuP3
74.1430144,14.9719848,275,BeSeCl3
74.0590758,26.8297172,38,BeTaBr3
73.9218037,15.9182238,1265,BaRhO3
73.8461943,18.9843042,1282,BaPtF3
73.8005559,18.9317152,995,SrPtF3
73.7279993,12.0774557,492,MgInCl3
73.4990456,13.7614627,282,BeTeCl3
73.4467315,14.5441442,1174,BaVO3
73.2930776,16.2533147,999,SrPtO3
73.0992273,15.9784775,1286,BaPtO3
72.9482874,13.5537353,136,BePtBr3
72.9058775,16.2583212,574,MgTeP3
72.7603324,11.1928063,171,BeZnBr3
72.7590659,13.7265099,254,BeAsCl3
72.6210583,17.6374634,575,CaTiF3
72.5451081,14.8393987,579,CaTiO3
72.2057738,21.4824835,899,SrTaBr3
71.929123,13.6369694,87,BeFeBr3
71.8447317,12.9742218,261,BeSbCl3
71.6677595,13.710991,268,BeBiCl3
71.3975423,12.8834692,240,BeSnCl3
71.3757543,13.2554451,170,BeZnCl3
71.353105,15.1862655,77,BeTcP3
71.2246055,15.8115534,712,CaPtO3
71.1142223,15.1189509,35,BeNbP3
71.0827931,13.0250482,205,BeInCl3
71.0409475,16.0126493,1114,SrAsF3
70.8883392,12.176212,192,BeAlBr3
70.7254459,11.5362401,531,MgSnS3
70.7164241,13.9152132,7,BeTiP3
70.564631,15.6098121,313,MgVO3
70.3546216,10.8538913,545,MgAsS3
70.296543,16.0232611,1401,BaAsF3
70.2882018,13.7667499,143,BePdBr3
70.2758905,13.59344,66,BeMnBr3
70.1431831,12.8958556,177,BeCdCl3
70.1095957,13.6741626,454,MgAuS3
70.0609904,10.7299862,483,MgAlP3
69.8115367,13.5180946,45,BeCrBr3
69.7685454,11.0256774,461,MgZnS3
69.5966769,13.4137811,427,MgPtP3
69.4841789,11.7994214,150,BeCuBr3
69.3475233,11.464675,55,BeMoS3
69.2876071,11.4666063,541,MgAsCl3
69.2581387,13.574586,378,MgFeP3
69.1234486,14.2561826,1370,BaSiO3
69.050909,14.3246701,1083,SrSiO3
68.9786465,11.9026372,573,MgTeS3
68.6246294,11.1687552,201,BeGaO3
68.6246294,11.1687552,236,BeGaO3
68.6019401,11.473624,164,BeAuBr3
68.5494311,18.3059151,1211,BaWP3
68.5206869,11.5264715,173,BeZnO3
68.4722934,17.9888471,708,CaPtF3
68.4491074,11.6870091,185,BeHgBr3
68.2357987,10.4338068,517,MgGeS3
68.0865912,16.3860757,162,BeAuF3
68.0786423,13.6993162,184,BeHgCl3
68.053203,10.6732646,398,MgCoS3
67.9381435,10.8935611,552,MgSbS3
67.9116267,11.1505441,499,MgTlCl3
67.8633715,10.9644749,513,MgGeCl3
67.8356824,13.8010413,1366,BaSiF3
67.8099208,16.4480196,1233,BaFeF3
67.8039139,10.6753281,482,MgAlS3
67.7528817,15.7320276,65,BeMnCl3
67.7229283,16.2936317,946,SrFeF3
67.7077395,14.3691164,28,BeVP3
67.6028282,16.1891067,988,SrNiF3
67.4900925,21.6598162,637,CaWP3
67.4335217,16.0418039,1275,BaNiF3
67.4218639,16.262294,967,SrCoF3
67.3427025,11.870331,257,BeAsO3
67.2544718,11.7369656,212,BeTlCl3
67.2525574,16.1149912,1254,BaCoF3
67.1203643,14.4429155,1212,BaMnF3
67.0333718,14.3483009,925,SrMnF3
66.9996839,13.0787796,796,CaSiO3
66.9971736,10.9859222,27,BeVS3
66.9679112,14.2605791,1296,BaCuF3
66.8775947,14.3376486,1009,SrCuF3
66.8166849,13.4421855,950,SrFeO3
66.7811446,13.7899778,166,BeAuO3
66.6964383,13.0980909,292,MgTiO3
66.6689154,13.1557858,1237,BaFeO3
66.6327572,16.8966554,330,MgCrF3
66.6214577,12.1856315,506,MgSiCl3
66.5441233,13.6371722,971,SrCoO3
66.3748168,13.2909992,1258,BaCoO3
66.3678192,18.7522037,1232,BaReP3
66.3306102,13.4430494,929,SrMnO3
66.2530933,13.1918004,1279,BaNiO3
66.2053757,16.0692626,1149,BaTiF3
66.1828407,13.0716251,1216,BaMnO3
66.1661008,13.4514693,992,SrNiO3
66.0980741,13.3506599,1013,SrCuO3
65.9503046,12.7507757,1300,BaCuO3
65.9060596,9.9748553,527,MgSnCl3
65.8691157,16.0303289,1002,SrPdF3
65.867713,13.9990837,1016,SrAgF3
65.8258436,12.6855422,558,MgBiO3
65.7484926,10.0794478,20,BeHfS3
65.724911,16.0285487,1289,BaPdF3
65.7235083,14.5476328,1303,BaAgF3
65.6941247,15.9336847,149,BeCuCl3
65.6264149,11.9796953,191,BeAlCl3
65.3756487,10.1628461,13,BeZrS3
65.3577414,13.8651442,1037,SrCdF3
65.2527563,12.2908283,1342,BaAlO3
65.2486576,12.6764889,226,BeGeCl3
65.2083122,12.1129129,1062,SrGaO3
65.2083122,12.1129129,1097,SrGaO3
65.1622524,11.8010655,169,BeZnF3
65.1437329,11.7423027,276,BeSeBr3
65.0848684,12.8047998,1020,SrAgO3
65.0782308,12.0823463,1349,BaGaO3
65.0782308,12.0823463,1384,BaGaO3
65.0740609,19.7090322,612,CaTaBr3
65.0669507,16.5929372,309,MgVF3
65.0502911,11.5814205,194,BeAlO3
65.0442695,10.6757304,464,MgCdCl3
64.9779962,13.1220616,1006,SrPdO3
64.9670079,12.369401,1055,SrAlO3
64.9650371,10.4075039,419,MgNiS3
64.9597753,12.1394153,455,MgAuP3
64.9216851,13.8599407,1030,SrZnF3
64.9118599,12.6992901,1051,SrAlF3
64.6356857,11.5054282,569,MgTeCl3
64.6264779,11.8224748,176,BeCdF3
64.6101365,13.8599407,1317,BaZnF3
64.5928272,14.6497564,1310,BaAuF3
64.562879,13.0751799,1293,BaPdO3
64.5519155,14.6133649,1023,SrAuF3
64.4249817,10.1962694,510,MgSiS3
64.3612499,10.626504,34,BeNbS3
64.3343873,10.7926096,6,BeTiS3
64.2890334,12.7492174,1041,SrCdO3
64.1653875,12.5229793,467,MgCdO3
64.048368,12.4201004,1058,SrGaF3
64.048368,12.4201004,1093,SrGaF3
63.997823,12.6491617,1307,BaAgO3
63.9228241,13.3718245,1027,SrAuO3
63.9044365,11.2850643,768,CaAlO3
63.869909,12.545027,1338,BaAlF3
63.7337005,12.8473176,1314,BaAuO3
63.7000686,10.9561482,394,MgCoCl3
63.5560615,13.7560557,1324,BaCdF3
63.4841272,11.3631646,373,MgFeCl3
63.4272672,12.4021231,1345,BaGaF3
63.4272672,12.4021231,1380,BaGaF3
63.4075713,10.2057311,197,BeGaF3
63.4075713,10.2057311,232,BeGaF3
63.3680867,16.3104728,400,MgRhF3
63.3431493,13.0921004,422,MgPtCl3
63.3393527,10.4166254,496,MgInS3
63.3371407,11.9569211,247,BePbCl3
63.3355871,12.6917179,1321,BaZnO3
63.2754301,10.4680901,377,MgFeS3
63.2208241,11.2992814,352,MgMnCl3
63.2138897,11.0703823,429,MgPdCl3
63.2047747,10.7419785,255,BeAsBr3
63.1770961,15.2586178,163,BeAuCl3
63.1420264,14.3976285,334,MgCrO3
63.1395748,14.0008833,393,MgCoF3
63.139559,14.7244742,404,MgRhO3
63.1076559,12.6297699,1034,SrZnO3
63.1060975,10.9461043,253,BeAsF3
63.0714585,10.7960466,775,CaGaO3
63.0714585,10.7960466,810,CaGaO3
63.031543,11.4625943,733,CaAgO3
62.9486435,10.5463413,180,BeCdO3
62.9451974,10.8566532,450,MgAuCl3
62.939158,13.8088922,729,CaAgF3
62.9290825,10.8484488,426,MgPtS3
62.7689205,10.0496,204,BeInF3
62.7262454,13.3404486,156,BeAgCl3
62.667809,13.6666813,827,CaAsF3
62.6450099,10.9395811,21,BeHfP3
62.5846456,12.6999789,750,CaCdF3
62.5302559,11.8950521,502,MgTlO3
62.2589476,13.0200616,736,CaAuF3
62.2266145,9.9974352,548,MgSbCl3
62.1523279,10.0110846,208,BeInO3
62.116442,10.4535846,278,BeSeO3
62.1046624,11.4072744,754,CaCdO3
62.0919749,12.819201,568,MgTeF3
62.0701693,10.5919087,457,MgZnCl3
62.0498839,11.6770137,530,MgSnO3
61.9054701,13.1849049,1079,SrSiF3
61.854352,11.9898267,740,CaAuO3
61.6653469,12.9290861,408,MgIrCl3
61.6497637,12.3539588,220,BeSiBr3
61.632585,13.223747,331,MgCrCl3
61.5778417,9.9170938,227,BeGeBr3
61.5766206,11.5576774,572,MgTeO3
61.5664054,12.708491,9,BeZrCl3
61.4735796,10.4233471,440,MgCuS3
61.4705758,10.1725236,433,MgPdS3
61.431907,12.3660996,663,CaFeO3
61.4231492,11.4272345,14,BeZrP3
61.2480316,15.1808008,288,MgTiF3
61.2190651,10.987479,281,BeTeF3
60.9943579,11.8867732,1328,BaCdO3
60.9425083,12.3417122,642,CaMnO3
60.9063455,11.3696852,283,BeTeBr3
60.8971204,11.4611293,183,BeHgF3
60.8534038,13.4006769,638,CaMnF3
60.8079879,12.4551221,684,CaCoO3
60.7132962,12.2746613,726,CaCuO3
60.6918117,11.1114724,397,MgCoO3
60.6862644,12.3559233,705,CaNiO3
60.5473849,9.8159527,468,MgCdS3
60.5246361,10.5795705,190,BeAlF3
60.4848639,11.001094,229,BeGeO3
60.4801679,9.6852429,243,BeSnO3
60.4701635,11.9867867,115,BeRhBr3
60.4384837,9.7544892,241,BeSnBr3
60.3942175,10.014974,239,BeSnF3
60.3448435,10.9485234,274,BeSeF3
60.3439302,12.6891339,401,MgRhCl3
60.1175472,10.3775525,260,BeSbF3
60.0807043,11.9476146,446,MgAgO3
60.0704515,10.2828197,264,BeSbO3
59.9052661,15.0954716,715,CaPdF3
59.8706663,11.6751196,792,CaSiF3
59.8219387,10.3387559,262,BeSbBr3
59.7990597,12.3106233,719,CaPdO3
59.7252887,9.9637998,335,MgCrS3
59.6728617,9.5279918,285,BeTeO3
59.6654204,12.3343122,359,MgTcCl3
59.6480179,10.9050932,187,BeHgO3
59.5887333,10.1305853,271,BeBiO3
59.564611,10.0719176,544,MgAsO3
59.4993463,11.0176532,436,MgCuCl3
59.4261987,10.9062408,443,MgAgCl3
59.4241288,11.1115803,495,MgInO3
59.3693304,10.3351623,540,MgAsF3
59.3633297,10.312762,555,MgBiCl3
59.3539601,9.8261831,211,BeTlF3
59.3228031,10.0746608,215,BeTlO3
59.2855773,13.507495,155,BeAgF3
59.1893188,10.6366612,415,MgNiCl3
58.9970089,10.35591,267,BeBiF3
58.8674005,11.5454018,463,MgCdF3
58.7128812,10.1026645,356,MgMnS3
58.7072158,11.408854,456,MgZnF3
58.6580564,9.9821024,491,MgInF3
58.6389591,12.3515098,387,MgRuCl3
58.4243277,10.856809,159,BeAgO3
58.3300884,12.1427714,351,MgMnF3
58.3053939,13.8949749,372,MgFeF3
58.2636494,11.0484612,526,MgSnF3
58.2564921,12.2095854,551,MgSbO3
58.1496038,10.5780922,547,MgSbF3
58.02823,9.2488249,478,MgAlCl3
58.0109198,11.6184421,747,CaZnO3
58.0036878,10.3682149,460,MgZnO3
57.9752469,10.8246934,561,MgSeF3
57.890496,8.8555268,534,MgPbCl3
57.8081023,11.6341726,414,MgNiF3
57.7495343,9.8110198,488,MgGaO3
57.7495343,9.8110198,523,MgGaO3
57.6691878,10.6172083,764,CaAlF3
57.2187397,11.713385,435,MgCuF3
57.0753761,10.2741818,225,BeGeF3
57.0315577,11.4425149,537,MgPbO3
57.0023933,11.1824987,470,MgHgF3
56.7696715,9.6925769,484,MgGaF3
56.7696715,9.6925769,519,MgGaF3
56.6070235,9.4879611,565,MgSeO3
55.8028987,10.0487332,771,CaGaF3
55.8028987,10.0487332,806,CaGaF3
55.4894098,11.3590383,474,MgHgO3
55.4448219,9.4767108,498,MgTlF3
55.3733973,10.826129,554,MgBiF3
55.3697461,11.8470774,376,MgFeO3
55.3674469,10.3287402,509,MgSiO3
55.3497625,14.6216123,659,CaFeF3
55.2296624,14.5667201,701,CaNiF3
55.21716,9.6211859,516,MgGeO3
55.0486981,14.6399074,680,CaCoF3
54.975461,10.6221502,418,MgNiO3
54.9518608,8.9590522,178,BeCdBr3
54.8848408,11.9113942,355,MgMnO3
54.6511353,11.276181,439,MgCuO3
54.6081535,10.3429655,505,MgSiF3
54.5147288,12.715262,722,CaCuF3
54.3775496,11.2747922,442,MgAgF3
54.3020059,13.5004365,428,MgPdF3
54.0389165,9.6947786,512,MgGeF3
54.0298174,9.7421309,250,BePbO3
53.7806343,11.8336589,432,MgPdO3
53.4865088,13.6622789,421,MgPtF3
53.3610259,11.4728498,449,MgAuF3
53.2509528,9.7617281,246,BePbF3
53.0235435,9.5803953,481,MgAlO3
52.8975608,11.9655819,425,MgPtO3
52.8728407,12.4521052,497,MgInP3
52.6942072,12.4661005,469,MgCdP3
52.6872448,10.9744237,743,CaZnF3
52.6303012,11.5401108,453,MgAuO3
52.1269616,9.2317482,412,MgIrS3
52.0508223,9.2030617,384,MgOsS3
51.8914375,9.1388334,405,MgRhS3
51.8244788,9.5315145,477,MgAlF3
50.9382859,10.8735892,385,MgOsP3
49.6559435,11.7307235,310,MgVCl3
49.4227516,9.4010973,533,MgPbF3
48.2778286,8.6561467,793,CaSiCl3
48.1190816,8.1873838,206,BeInBr3
47.5422076,12.433526,553,MgSbP3
46.920545,10.3369987,434,MgPdP3
45.96132,11.8452705,532,MgSnP3
45.5878563,10.0587317,413,MgIrP3
45.3893036,10.6011451,406,MgRhP3
44.8099799,11.0721318,539,MgPbP3
44.5502834,10.7732712,392,MgRuP3
43.1874789,9.9913765,448,MgAgP3
41.8874711,7.3396104,503,MgTlS3
41.5274787,6.7850198,370,MgReS3
41.1286689,10.1662817,101,BeRuBr3
41.1073903,10.0942088,73,BeTcBr3
38.8588731,7.5346726,157,BeAgBr3
35.9869565,9.0146054,336,MgCrP3
34.6266712,9.1364795,303,MgHfCl3
33.3492001,9.3159765,296,MgZrCl3
33.1085076,12.1455149,221,BeSiI3
32.875259,6.7450493,371,MgReP3
32.6126655,7.1348106,681,CaCoCl3
31.4765871,8.8917508,338,MgMoCl3
31.4639814,7.2042387,289,MgTiCl3
31.2790082,6.9162592,702,CaNiCl3
30.9024181,5.1312967,357,MgMnP3
29.6663759,6.3958673,849,CaSeCl3
29.4531162,6.3606151,744,CaZnCl3
29.2415309,11.929952,989,SrNiCl3
29.1746532,5.7429777,447,MgAgS3
28.9295093,5.3867335,363,MgTcS3
28.8202722,5.2499171,797,CaSiS3
28.3080373,5.8561816,391,MgRuS3
28.3012825,5.0771509,301,MgZrP3
28.190312,4.8548666,308,MgHfP3
28.1013659,5.1618815,798,CaSiP3
27.1714201,4.9541812,559,MgBiS3
26.885394,4.4699725,504,MgTlP3
26.8528327,4.8415615,538,MgPbS3
26.2429349,4.6172968,772,CaGaCl3
26.2429349,4.6172968,807,CaGaCl3
25.9542625,3.8695835,248,BePbBr3
25.4983142,4.1788887,800,CaGeCl3
25.4789361,4.2046356,828,CaAsCl3
25.4404958,3.8232847,269,BeBiBr3
24.6075134,4.6810298,944,SrReS3
24.4786168,4.5213999,1231,BaReS3
24.4357879,4.1923483,765,CaAlCl3
24.1939867,6.0192955,942,SrReI3
23.8758506,5.9030886,1229,BaReI3
23.8407146,3.5312942,213,BeTlBr3
23.5646395,5.904446,368,MgReI3
22.1934864,6.1018475,343,MgMoP3
20.9098887,6.517074,24,BeVBr3
20.7017411,6.4820625,3,BeTiBr3
19.9121338,7.2079318,982,SrIrCl3
19.8499093,6.3388833,123,BeIrI3
19.2461056,5.1035475,381,MgOsBr3
18.9470328,10.5448641,688,CaRhCl3
18.7609002,6.0561609,109,BeCoI3
18.7256915,5.2093628,165,BeAuI3
18.7231222,5.4967748,1187,BaTaI3
18.7045227,5.6719351,1186,BaTaBr3
18.6148801,6.5736398,1283,BaPtCl3
18.5218176,5.7752455,364,MgTcP3
18.4538675,8.436159,416,MgNiBr3
18.4062371,5.5952433,1242,BaOsBr3
18.2869539,6.499181,1269,BaIrCl3
17.9650617,5.4797853,1243,BaOsI3
17.8820648,6.04136,88,BeFeI3
17.8544876,6.565618,996,SrPtCl3
17.7734276,6.0105195,46,BeCrI3
17.772505,5.8899898,137,BePtI3
17.739757,5.9106322,53,BeMoI3
17.5463162,5.9236287,102,BeRuI3
17.5102488,3.8531143,151,BeCuI3
17.4688763,6.1940789,913,SrMoBr3
17.4447533,5.9263197,4,BeTiI3
17.4229847,4.0293673,1245,BaOsS3
17.3739294,5.8992431,25,BeVI3
17.3339365,4.7036464,67,BeMnI3
17.2725986,5.7482321,32,BeNbI3
17.1687164,3.7109851,130,BeNiI3
15.9738612,5.0165285,326,MgTaI3
15.9735367,5.2797916,560,MgBiP3
15.8424242,4.3645863,969,SrCoBr3
15.8159339,5.6254489,900,SrTaI3
15.7861617,3.8348225,1004,SrPdBr3
15.7298494,5.08528,382,MgOsI3
15.6408328,4.3841121,1255,BaCoCl3
15.4227508,3.8817739,1292,BaPdI3
15.3274886,5.574264,116,BeRhI3
15.31413,4.4180076,968,SrCoCl3
15.2969859,6.0804809,1171,BaVCl3
15.2568488,5.5805193,956,SrOsI3
15.070803,4.2845907,1011,SrCuBr3
15.0445874,5.3654492,144,BePdI3
15.0176772,5.3827337,976,SrRhBr3
14.9554373,3.5083165,158,BeAgI3
14.8760994,5.834121,892,SrNbBr3
14.8424,5.5679302,962,SrRuBr3
14.792575,6.1103818,884,SrVCl3
14.718818,6.0793996,1192,BaCrCl3
14.7128538,5.6054905,885,SrVBr3
14.6931201,5.9209792,660,CaFeCl3
14.686739,4.1470187,1234,BaFeCl3
14.6555366,3.73245,1264,BaRhI3
14.6474019,5.2646814,1180,BaNbI3
14.620427,3.6744108,1256,BaCoBr3
14.5925877,6.0033107,905,SrCrCl3
14.5897877,4.0377267,948,SrFeBr3
14.5328504,4.152646,990,SrNiBr3
14.4979725,4.1057827,1010,SrCuCl3
14.4344464,4.1504675,947,SrFeCl3
14.432755,3.2066735,1005,SrPdI3
14.4204585,3.3291716,997,SrPtBr3
14.4191531,3.298129,970,SrCoI3
14.3916966,5.2197426,1201,BaMoI3
14.3813427,5.866794,934,SrTcBr3
14.3675821,5.2168859,74,BeTcI3
14.3432107,4.1565497,1003,SrPdCl3
14.3367037,4.2125516,1213,BaMnCl3
14.3328967,5.5296887,906,SrCrBr3
14.327072,5.3908892,1250,BaRuI3
14.1779646,4.18849,958,SrOsS3
14.1689476,4.2183843,926,SrMnCl3
14.1594616,3.6946994,864,SrTiBr3
14.1157399,2.5654502,329,MgTaP3
14.1069116,3.0982918,977,SrRhI3
14.1067329,5.9299547,975,SrRhCl3
14.0854452,3.320425,1257,BaCoI3
14.0713606,5.8742847,1262,BaRhCl3
14.052488,5.9059434,933,SrTcCl3
14.0238546,3.9882534,1290,BaPdCl3
14.0164972,5.1352762,983,SrIrBr3
14.0113564,5.1374024,18,BeHfI3
13.9999778,4.949759,893,SrNbI3
13.9962148,5.0230336,11,BeZrI3
13.9832274,3.4886889,1159,BaZrI3
13.9794914,3.2571695,1291,BaPdBr3
13.9583306,4.906107,914,SrMoI3
13.9568756,3.1768184,403,MgRhI3
13.9509741,3.9312264,723,CaCuCl3
13.9334603,3.7098629,927,SrMnBr3
13.9323071,4.9496652,1263,BaRhBr3
13.9225825,5.8783261,961,SrRuCl3
13.902557,5.1733812,1193,BaCrBr3
13.8961063,5.1948059,1222,BaTcI3
13.8843018,4.8776632,963,SrRuI3
13.8651326,3.1163501,998,SrPtI3
13.8417304,5.0116534,1200,BaMoBr3
13.8259194,4.9480744,319,MgNbI3
13.8250167,4.0924233,1297,BaCuCl3
13.8173226,3.3949583,396,MgCoI3
13.813155,5.811518,1248,BaRuCl3
13.8096608,5.1507695,1179,BaNbBr3
13.7824398,4.9674256,1249,BaRuBr3
13.7410198,4.8839965,935,SrTcI3
13.7156333,4.968922,340,MgMoI3
13.6792782,5.8031516,1220,BaTcCl3
13.675638,3.4279213,1235,BaFeBr3
13.6739409,5.8177785,618,CaCrCl3
13.6704776,3.219018,1284,BaPtBr3
13.625193,3.1855417,431,MgPdI3
13.5764834,3.090765,872,SrZrI3
13.5695603,4.2124149,1276,BaNiCl3
13.5323658,5.1880212,1172,BaVBr3
13.5317945,3.1577731,907,SrCrI3
13.4680567,4.9132937,984,SrIrI3
13.4372314,5.8393367,695,CaIrCl3
13.4346901,4.9889799,389,MgRuI3
13.3934444,4.9058912,879,SrHfI3
13.3509111,3.3660684,1151,BaTiBr3
13.3360871,3.3990587,1277,BaNiBr3
13.3338498,5.1565139,1221,BaTcBr3
13.3329087,3.1311439,949,SrFeI3
13.2844075,3.057682,1285,BaPtI3
13.2795454,5.0254322,1270,BaIrBr3
13.2606094,3.1351995,298,MgZrI3
13.2596731,5.0583311,1166,BaHfI3
13.2113553,3.2975961,1214,BaMnBr3
13.1945976,3.007928,991,SrNiI3
13.1853845,6.6819704,779,CaInCl3
13.1763005,3.1289278,1031,SrZnCl3
13.1710231,2.8039531,1246,BaOsP3
13.1685611,3.0990055,1194,BaCrI3
13.1530362,3.1980676,361,MgTcI3
13.1394155,3.386071,424,MgPtI3
13.1034295,2.8429143,959,SrOsP3
13.0969178,4.2443721,639,CaMnCl3
13.0486607,3.1502335,886,SrVI3
13.0065856,3.0226958,1152,BaTiI3
13.000629,3.0740203,1236,BaFeI3
12.9759745,3.1027864,1278,BaNiI3
12.9224476,4.8640962,1271,BaIrI3
12.8989288,3.0566846,865,SrTiI3
12.8392948,3.0994881,1173,BaVI3
12.7397134,3.5201734,1311,BaAuCl3
12.7375451,5.1777807,1164,BaHfCl3
12.7302045,3.2217334,333,MgCrI3
12.6726794,4.2603433,325,MgTaBr3
12.6359649,5.027455,410,MgIrI3
12.6199602,3.1762651,375,MgFeI3
12.5607533,4.9631509,305,MgHfI3
12.495512,3.1283692,312,MgVI3
12.4230639,4.105689,833,CaAsP3
12.286438,2.999095,291,MgTiI3
12.1384809,3.5855903,889,SrVP3
11.9649264,3.4353681,1024,SrAuCl3
11.9356608,4.0398552,805,CaGeP3
11.8726308,2.7201742,903,SrTaP3
11.8185189,5.4954191,912,SrMoCl3
11.8119166,3.3930812,867,SrTiS3
11.7489697,3.4047058,952,SrFeP3
11.7417938,3.032883,737,CaAuCl3
11.7115114,4.9484252,709,CaPtCl3
11.7034164,3.5571686,1253,BaRuP3
11.6731753,5.2620479,1199,BaMoCl3
11.6706543,5.0598495,317,MgNbCl3
11.6620184,3.5920451,994,SrNiP3
11.5955128,3.6131431,966,SrRuP3
11.5500989,3.559998,910,SrCrP3
11.5233464,3.5799409,973,SrCoP3
11.5031727,3.644616,931,SrMnP3
11.5021181,2.5066136,1190,BaTaP3
11.4642759,3.5029021,888,SrVS3
11.39832,5.0203208,1178,BaNbCl3
11.3683321,5.1680422,891,SrNbCl3
11.3395284,2.6501345,758,CaHgCl3
11.3277039,3.5237588,1176,BaVP3
11.2794438,5.1402132,17,BeHfBr3
11.2362588,3.2965241,951,SrFeS3
11.2308088,2.6218631,1189,BaTaS3
11.2121846,3.2576166,1154,BaTiS3
11.0532653,4.6323136,576,CaTiCl3
10.9737377,3.3669171,916,SrMoS3
10.9649997,3.3089753,972,SrCoS3
10.9228295,3.3084452,993,SrNiS3
10.9188909,4.6425313,604,CaNbCl3
10.908656,3.298146,909,SrCrS3
10.8705946,3.4496907,1239,BaFeP3
10.8627287,2.6085289,1045,SrHgCl3
10.8408813,3.4260501,1175,BaVS3
10.8208626,3.4534839,937,SrTcS3
10.7523726,3.570474,1197,BaCrP3
10.7281619,3.2076431,1000,SrPtS3
10.6103166,4.6434911,597,CaVCl3
10.6094826,4.735666,625,CaMoCl3
10.5507164,3.2620734,1238,BaFeS3
10.5407471,3.2853849,1007,SrPdS3
10.530395,3.3909446,979,SrRhS3
10.5184937,3.2760513,986,SrIrS3
10.4576502,3.1764353,1287,BaPtS3
10.4568704,3.1807201,1203,BaMoS3
10.4540742,4.7075789,870,SrZrCl3
10.4271114,3.4001731,1281,BaNiP3
10.373191,3.2922896,1259,BaCoS3
10.3491413,3.3310551,1224,BaTcS3
10.3302636,4.0271257,626,CaMoBr3
10.3299033,3.353362,1280,BaNiS3
10.3190251,2.8458455,256,BeAsI3
10.30967,3.3173282,965,SrRuS3
10.2884394,3.402538,1260,BaCoP3
10.2703542,3.1898922,1252,BaRuS3
10.2685235,4.9228249,716,CaPdCl3
10.2452336,3.0891719,1294,BaPdS3
10.2435841,3.1864385,1273,BaIrS3
10.2404678,3.1830612,1266,BaRhS3
10.2128648,3.3445201,1196,BaCrS3
10.0154339,1.8908867,682,CaCoBr3
10.012185,4.6719202,1157,BaZrCl3
9.9510281,4.3651874,871,SrZrBr3
9.83456,4.1452931,583,CaZrCl3
9.8338219,2.3366556,665,CaFeP3
9.822296,2.6531036,1368,BaSiBr3
9.7718879,2.7724919,228,BeGeI3
9.7024313,4.2205265,613,CaTaI3
9.662138,2.6307036,1369,BaSiI3
9.6145189,4.4601433,669,CaOsI3
9.4315402,2.4425165,186,BeHgI3
9.4133638,2.4907985,1082,SrSiI3
9.3022996,2.6533524,315,MgVP3
9.2405926,2.6734725,1081,SrSiBr3
9.1943969,4.4762024,877,SrHfCl3
8.9841423,2.3366743,563,MgSeBr3
8.9734305,2.5644818,1332,BaHgCl3
8.9424771,2.2296596,664,CaFeS3
8.8972726,2.0201537,683,CaCoI3
8.7704061,2.03514,395,MgCoBr3
8.7530245,2.5604732,294,MgTiP3
8.742358,2.5527709,856,CaTeCl3
8.6998705,2.1285831,602,CaVP3
8.6754793,2.5072486,1017,SrAgCl3
8.5991858,4.4573053,1150,BaTiCl3
8.5840876,2.3473292,644,CaMnP3
8.5414084,3.1930362,710,CaPtBr3
8.5159384,1.6749541,717,CaPdBr3
8.51102,1.9129104,662,CaFeI3
8.4947624,2.4825313,1304,BaAgCl3
8.4924115,3.8800588,590,CaHfCl3
8.4896795,1.5396586,738,CaAuBr3
8.4614099,4.2549752,10,BeZrBr3
8.4163215,1.6411955,661,CaFeBr3
8.3952575,3.8308717,878,SrHfBr3
8.3433147,2.115891,620,CaCrI3
8.3011161,1.8614365,374,MgFeBr3
8.2864563,3.7252764,627,CaMoI3
8.2828564,3.6947469,676,CaRuI3
8.2569348,1.9856208,711,CaPtI3
8.249584,1.9831063,690,CaRhI3
8.1964715,1.6880617,297,MgZrBr3
8.166414,2.1817028,623,CaCrP3
8.1646357,4.4730037,863,SrTiCl3
8.1457441,2.4494086,616,CaTaP3
8.0816443,3.0575346,1136,SrSeCl3
8.0527245,2.0173293,718,CaPdI3
8.0384895,1.9913708,430,MgPdBr3
8.0332605,3.9550158,674,CaRuCl3
8.0146069,1.9040887,423,MgPtBr3
8.0038959,3.574727,606,CaNbI3
7.9792138,2.3255065,685,CaCoS3
7.9706494,2.5489856,707,CaNiP3
7.9216979,1.6963735,724,CaCuBr3
7.9098271,3.6626368,402,MgRhBr3
7.8986894,2.3958505,686,CaCoP3
7.8550586,3.1927847,696,CaIrBr3
7.8252264,2.0071504,730,CaAgCl3
7.8029547,3.6602852,388,MgRuBr3
7.8019253,4.0289448,646,CaTcCl3
7.7902357,3.5408731,318,MgNbBr3
7.7777102,2.0331173,322,MgNbP3
7.7745975,3.6330617,339,MgMoBr3
7.76794,3.3765097,675,CaRuBr3
7.7102284,2.4273324,706,CaNiS3
7.7093483,3.2950965,689,CaRhBr3
7.6865928,3.5311325,619,CaCrBr3
7.6724981,1.8914116,332,MgCrBr3
7.666383,3.3952226,605,CaNbBr3
7.6286611,3.3330791,857,CaTeBr3
7.6224235,1.8760848,599,CaVI3
7.5631729,2.2025751,581,CaTiP3
7.5606291,3.6493809,648,CaTcI3
7.549773,1.7288241,704,CaNiI3
7.5460093,3.7446739,697,CaIrI3
7.3900976,1.5590459,703,CaNiBr3
7.3780281,2.1697272,458,MgZnBr3
7.3578589,3.0459717,858,CaTeI3
7.2804424,1.7636402,578,CaTiI3
7.2747368,3.2100392,647,CaTcBr3
7.2564204,2.9985187,1432,BaTeI3
7.2347151,1.6389386,640,CaMnBr3
7.203314,3.4230744,598,CaVBr3
7.197182,0.8121635,759,CaHgBr3
7.1817721,1.9153975,1158,BaZrBr3
7.1625331,3.6157474,409,MgIrBr3
7.1528178,3.5836971,304,MgHfBr3
7.1133567,3.7597534,1165,BaHfBr3
7.0657951,3.02011,1145,SrTeI3
7.0647486,1.4301601,577,CaTiBr3
7.0494187,1.7478186,353,MgMnBr3
7.0270872,3.2511792,1144,SrTeBr3
6.9982992,1.9517629,853,CaSeS3
6.9729998,1.5906301,311,MgVBr3
6.9443337,3.2161284,591,CaHfBr3
6.9245984,3.1478315,584,CaZrBr3
6.8916104,3.0960283,1431,BaTeBr3
6.8805565,3.239235,592,CaHfI3
6.8392508,2.7336801,902,SrTaS3
6.8359211,3.6054819,360,MgTcBr3
6.8007041,2.0777629,622,CaCrS3
6.7633242,1.9653222,314,MgVS3
6.6916603,1.9168889,1162,BaZrP3
6.6658087,1.3820026,328,MgTaS3
6.6591439,1.8812011,1008,SrPdP3
6.6580575,1.6015317,290,MgTiBr3
6.6496217,2.2422747,1267,BaRhP3
6.6407192,0.7450423,472,MgHgBr3
6.6306344,1.8021266,1295,BaPdP3
6.6158763,1.9370127,293,MgTiS3
6.6096462,1.3687427,585,CaZrI3
6.6037685,0.7941896,850,CaSeBr3
6.5734673,2.3561477,980,SrRhP3
6.5607986,2.0584049,987,SrIrP3
6.5289288,2.2251969,671,CaOsS3
6.5289169,1.9863706,938,SrTcP3
6.4540319,1.1290181,172,BeZnI3
6.4157994,1.9537095,1274,BaIrP3
6.3974126,1.1086159,179,BeCdI3
6.3435058,2.2682749,615,CaTaS3
6.2931179,0.8286337,277,BeSeI3
6.2807049,1.5100966,588,CaZrP3
6.268208,0.940004,1025,SrAuBr3
6.2379883,1.8293103,1169,BaHfP3
6.2357542,1.9230835,875,SrZrP3
6.2276869,0.762574,284,BeTeI3
6.0470284,2.2626619,1080,SrSiCl3
6.0172139,0.8854366,1312,BaAuBr3
5.9870245,1.7378081,630,CaMoP3
5.8651206,2.1762101,917,SrMoP3
5.8345517,1.3707783,751,CaCdCl3
5.8062022,0.6331691,570,MgTeBr3
5.7617366,1.815891,882,SrHfP3
5.6962776,1.7231993,868,SrTiP3
5.6168415,1.9741547,580,CaTiS3
5.6068904,1.9319401,601,CaVS3
5.5800716,1.7354646,679,CaRuP3
5.5795565,0.7343809,1333,BaHgBr3
5.575177,0.8032983,1046,SrHgBr3
5.5428878,1.0245369,1032,SrZnBr3
5.5062562,1.0171496,731,CaAgBr3
5.5030754,1.7550831,1225,BaTcP3
5.4780989,0.7934255,445,MgAgI3
5.4307479,1.9315338,1085,SrSiP3
5.3890795,1.504687,721,CaPdP3
5.3775756,0.9218394,1018,SrAgBr3
5.3400073,1.637861,651,CaTcP3
5.3273356,1.3633689,609,CaNbP3
5.314588,1.6564453,748,CaZnS3
5.3079047,2.1438181,1087,SrGeCl3
5.3049368,1.4184515,595,CaHfP3
5.2784895,0.8484941,752,CaCdBr3
5.2689319,0.9055599,1019,SrAgI3
5.2576782,0.6928809,1137,SrSeBr3
5.2562362,1.0103147,437,MgCuBr3
5.2245168,0.926737,739,CaAuI3
5.2233717,1.9278253,1001,SrPtP3
5.2173787,0.9242142,725,CaCuI3
5.2123959,0.9722641,451,MgAuBr3
5.2034895,0.9063653,1012,SrCuI3
5.1973359,0.910912,1298,BaCuBr3
5.1930528,1.2803719,507,MgSiBr3
5.1925411,1.0953849,745,CaZnBr3
5.1777668,2.0698819,1204,BaMoP3
5.1542664,1.2875709,1038,SrCdCl3
5.1538351,1.0827067,928,SrMnI3
5.1430859,1.6949981,693,CaRhP3
5.1162545,1.7836966,896,SrNbP3
5.1105519,0.9075321,1026,SrAuI3
5.1060115,0.9428873,444,MgAgBr3
5.0725379,0.9242142,732,CaAgI3
5.0584085,1.139516,641,CaMnI3
5.0394392,0.4803785,571,MgTeI3
5.036534,0.8756671,1313,BaAuI3
5.030968,0.8617229,1305,BaAgBr3
5.0279388,0.8756698,1299,BaCuI3
5.027857,0.8756585,1306,BaAgI3
5.022001,1.923167,1288,BaPtP3
5.0204401,1.1377351,770,CaAlP3
5.0105099,1.6895336,1367,BaSiCl3
5.0064719,1.0496487,1215,BaMnI3
4.9626844,0.7941344,1039,SrCdBr3
4.9455469,1.1964629,1318,BaZnCl3
4.9438945,1.3317405,342,MgMoS3
4.9318539,1.1567759,1143,SrTeCl3
4.920056,1.1174166,1325,BaCdCl3
4.9150289,0.5933819,466,MgCdI3
4.9100374,0.975865,417,MgNiI3
4.8862357,0.9308312,762,CaHgS3
4.8830123,0.6816027,1327,BaCdI3
4.8729655,1.3162498,321,MgNbS3
4.8455215,1.6089317,714,CaPtP3
4.8392319,0.7089566,1040,SrCdI3
4.775972,0.7417926,1334,BaHgI3
4.773308,1.7115849,727,CaCuS3
4.7663814,0.7111493,1033,SrZnI3
4.6773445,1.6588127,1155,BaTiP3
4.6753982,1.750888,1183,BaNbP3
4.6526737,0.9391625,1423,BaSeCl3
4.6449458,0.742493,1319,BaZnBr3
4.643319,0.6368251,1424,BaSeBr3
4.6413568,1.7303972,1372,BaSiP3
4.6360454,0.7134812,753,CaCdI3
4.6230544,0.7127761,746,CaZnI3
4.6163793,2.0221774,1084,SrSiS3
4.6080944,0.7277589,465,MgCdBr3
4.6048494,0.589041,1425,BaSeI3
4.5990827,1.1472168,1430,BaTeCl3
4.5938011,0.8179067,452,MgAuI3
4.5896086,0.7007073,760,CaHgI3
4.5850129,0.794323,438,MgCuI3
4.5673173,0.7064457,1047,SrHgI3
4.5553647,0.9920073,354,MgMnI3
4.5447191,0.5647276,1138,SrSeI3
4.5304594,0.6826891,1320,BaZnI3
4.4853679,1.7610917,1052,SrAlCl3
4.47581,0.5622734,851,CaSeI3
4.4702287,0.6682373,1326,BaCdBr3
4.463759,1.609111,832,CaAsS3
4.4401047,0.5356224,564,MgSeI3
4.4327406,1.5763007,804,CaGeS3
4.4275929,1.6478139,769,CaAlS3
4.4271902,1.6725108,700,CaIrP3
4.3854009,1.7550812,1168,BaHfS3
4.326269,0.6020622,459,MgZnI3
4.2711442,0.658649,473,MgHgI3
4.1927759,1.4857816,1374,BaGeCl3
4.1552501,1.7065732,1161,BaZrS3
4.0232092,0.8804559,1057,SrAlP3
4.0227018,1.331886,776,CaGaS3
4.0227018,1.331886,811,CaGaS3
3.9595635,0.9892105,749,CaZnP3
3.9356456,4.5536202,486,MgGaBr3
3.9356456,4.5536202,521,MgGaBr3
3.870167,1.1719642,854,CaSeP3
3.861738,0.9502237,777,CaGaP3
3.861738,0.9502237,812,CaGaP3
3.7440182,0.6705355,794,CaSiBr3
3.582263,0.7580093,728,CaCuP3
3.5605379,0.8531228,1056,SrAlS3
3.4815937,1.6547962,1182,BaNbS3
3.4606361,0.7248965,795,CaSiI3
3.4377052,1.7156348,881,SrHfS3
3.4176946,1.4958528,1371,BaSiS3
3.3340097,0.5566622,1120,SrAsP3
3.3101895,1.1581917,608,CaNbS3
3.3058386,0.4399507,1140,SrSeS3
3.3018558,1.6969992,895,SrNbS3
3.2800095,1.0768,300,MgZrS3
3.2721169,1.6762226,874,SrZrS3
3.2689518,0.5684996,1092,SrGeP3
3.2553319,1.1839864,678,CaRuS3
3.245437,0.4711039,1066,SrInCl3
3.2224476,1.0962676,307,MgHfS3
3.2132051,1.0548026,713,CaPtS3
3.1104731,1.170142,692,CaRhS3
3.0441345,1.0489812,629,CaMoS3
3.0385357,1.1056073,720,CaPdS3
3.0366323,1.1991401,587,CaZrS3
3.0074997,1.185425,594,CaHfS3
2.9854683,0.7334343,643,CaMnS3
2.9180023,0.2093144,1049,SrHgS3
2.9143716,0.7398255,1064,SrGaP3
2.9143716,0.7398255,1099,SrGaP3
2.9090052,0.7546687,735,CaAgP3
2.9031555,0.7691018,784,CaInP3
2.8857214,1.4814438,1059,SrGaCl3
2.8857214,1.4814438,1094,SrGaCl3
2.8616937,0.8446145,1344,BaAlP3
2.8470983,0.7449055,756,CaCdP3
2.7689531,0.3324127,1379,BaGeP3
2.7236433,0.7063958,1036,SrZnP3
2.6978411,1.1945181,699,CaIrS3
2.5714734,0.6639994,1015,SrCuP3
2.537105,1.1587632,650,CaTcS3
2.522241,0.8545454,814,CaSnCl3
2.3594356,0.4158433,790,CaTlS3
2.334295,1.2186032,1115,SrAsCl3
2.2551621,0.3205866,1407,BaAsP3
2.2397902,0.5812493,930,SrMnS3
2.1014583,0.2113228,1353,BaInCl3
2.0199235,1.0164115,514,MgGeBr3
1.9107309,0.6655023,835,CaSbCl3
1.7118079,0.7505842,479,MgAlBr3
1.7053086,0.51943,542,MgAsBr3
1.6271618,0.4977497,1035,SrZnS3
1.6196696,0.6547093,1339,BaAlCl3
1.4795926,0.4917179,1119,SrAsS3
1.4763986,0.416508,860,CaTeS3
1.4728199,0.2163208,1427,BaSeS3
1.4708685,0.5212862,1091,SrGeS3
1.4572352,0.1494841,1336,BaHgS3
1.4554082,0.4721955,839,CaSbS3
1.4537979,0.5482017,840,CaSbP3
1.4432835,0.5424801,1343,BaAlS3
1.4432599,0.3140113,742,CaAuP3
1.426948,0.4053429,1022,SrAgP3
1.4046008,0.4593707,755,CaCdS3
1.3840104,0.5202534,1218,BaMnP3
1.3812125,0.5082623,734,CaAgS3
1.3678315,0.5647331,861,CaTeP3
1.3630067,0.3330344,1071,SrInP3
1.3366437,0.1309457,822,CaPbBr3
1.3324044,0.5287245,819,CaSnP3
1.3150181,0.4689932,818,CaSnS3
1.308296,0.3954558,1043,SrCdP3
1.2744744,0.1439356,1109,SrPbBr3
1.2575766,0.314892,763,CaHgP3
1.2530959,0.4602066,783,CaInS3
1.2412854,0.4546136,1063,SrGaS3
1.2412854,0.4546136,1098,SrGaS3
1.2392919,0.1118155,1396,BaPbBr3
1.2379307,0.360417,1217,BaMnS3
1.2334962,0.2366393,1309,BaAgP3
1.2280745,0.2375705,1302,BaCuP3
1.228047,0.1662632,535,MgPbBr3
1.2214847,0.4899924,1141,SrSeP3
1.2069638,0.4758081,791,CaTlP3
1.1965006,0.2710114,1029,SrAuP3
1.1961141,0.3537045,1078,SrTlP3
1.1931262,0.3997605,786,CaTlCl3
1.1561166,0.2827138,1050,SrHgP3
1.1490923,0.3010513,1323,BaZnP3
1.1397751,0.2085134,1358,BaInP3
1.1271542,0.2071712,1330,BaCdP3
1.0954869,0.4170056,1014,SrCuS3
1.0611663,0.4176935,842,CaBiCl3
1.0590603,0.400764,766,CaAlBr3
1.0581731,0.2063366,1316,BaAuP3
1.0286719,0.420587,1073,SrTlCl3
1.0154935,0.2180702,1060,SrGaBr3
1.0154935,0.2180702,1095,SrGaBr3
0.9943669,0.3486191,773,CaGaBr3
0.9943669,0.3486191,808,CaGaBr3
0.9875882,0.2934942,741,CaAuS3
0.9875349,0.4903355,826,CaPbP3
0.9578069,0.1688323,1365,BaTlP3
0.9499453,0.3182984,493,MgInBr3
0.9472205,0.1874698,1337,BaHgP3
0.9419632,0.1790606,780,CaInBr3
0.9394185,0.4168629,821,CaPbCl3
0.9383452,0.2969944,1021,SrAgS3
0.9301021,0.2938666,1351,BaGaP3
0.9301021,0.2938666,1386,BaGaP3
0.92862,0.2228849,1113,SrPbP3
0.9132952,0.2542467,1028,SrAuS3
0.9048881,0.4147449,193,BeAlI3
0.904849,0.1955496,494,MgInI3
0.9031977,0.1537204,1404,BaAsI3
0.9015392,0.2081926,801,CaGeBr3
0.8978527,0.1809299,774,CaGaI3
0.8978527,0.1809299,809,CaGaI3
0.8851575,0.3997282,846,CaBiS3
0.8841321,0.115754,802,CaGeI3
0.8816088,0.2731751,1129,SrBiCl3
0.8798965,0.1611056,543,MgAsI3
0.8798307,0.1646547,1355,BaInI3
0.8767979,0.2278574,1414,BaSbP3
0.8731486,0.1921435,1061,SrGaI3
0.8731486,0.1921435,1096,SrGaI3
0.8711231,0.1570033,1376,BaGeI3
0.8679329,0.2323018,1147,SrTeS3
0.8673887,0.1837422,1354,BaInBr3
0.8658021,0.2682769,1126,SrSbS3
0.8639506,0.1984948,549,MgSbBr3
0.8604164,0.1183618,836,CaSbBr3
0.849474,0.2064587,829,CaAsBr3
0.8493888,0.2118595,787,CaTlBr3
0.8492187,0.1368109,1088,SrGeBr3
0.8474243,0.1331644,1410,BaSbBr3
0.845879,0.1662614,781,CaInI3
0.8457061,0.1494854,1117,SrAsI3
0.8417839,0.1630204,515,MgGeI3
0.8378698,0.2694075,1053,SrAlBr3
0.8370903,0.4123954,825,CaPbS3
0.8359864,0.3729241,1346,BaGaCl3
0.8359864,0.3729241,1381,BaGaCl3
0.8328032,0.1159427,837,CaSbI3
0.8304184,0.115081,1124,SrSbI3
0.8285273,0.2586247,1122,SrSbCl3
0.8284793,0.1138,1416,BaBiCl3
0.8265907,0.2466362,767,CaAlI3
0.8259882,0.1142017,830,CaAsI3
0.8149507,0.2689,1054,SrAlI3
0.8114586,0.1914253,1068,SrInI3
0.8087367,0.3167438,1127,SrSbP3
0.8049824,0.1816141,1067,SrInBr3
0.8025703,0.2229771,1360,BaTlCl3
0.8023912,0.1500314,1089,SrGeI3
0.7972805,0.1362649,1116,SrAsBr3
0.79397,0.0811045,1411,BaSbI3
0.7915894,0.2028357,1362,BaTlI3
0.7915846,0.4873916,847,CaBiP3
0.7910996,0.1306371,1123,SrSbBr3
0.783455,0.2392713,1133,SrBiS3
0.7828538,0.1901689,1393,BaSnP3
0.7820496,0.3175818,1148,SrTeP3
0.7792521,0.2183419,1341,BaAlI3
0.7780317,0.2188583,1340,BaAlBr3
0.7717766,0.223007,1077,SrTlS3
0.7708038,0.2590407,1108,SrPbCl3
0.7608284,0.1261861,843,CaBiBr3
0.7475975,0.2502776,1042,SrCdS3
0.7473689,0.1861807,1400,BaPbP3
0.7463954,0.2446782,1378,BaGeS3
0.7459397,0.1421272,1308,BaAgS3
0.7448411,0.2257294,1406,BaAsS3
0.7445465,0.3178949,500,MgTlBr3
0.7419061,0.3829671,200,BeGaI3
0.7419061,0.3829671,235,BeGaI3
0.7405961,0.1596677,528,MgSnBr3
0.7392874,0.1883953,1361,BaTlBr3
0.7378668,0.2555401,1112,SrPbS3
0.7359573,0.2913062,1101,SrSnCl3
0.7331393,0.2586501,1105,SrSnS3
0.729143,0.3657472,214,BeTlI3
0.7288429,0.1418308,1301,BaCuS3
0.7246068,0.3632249,207,BeInI3
0.7234236,0.0925362,1390,BaSnI3
0.7180049,0.1704695,788,CaTlI3
0.7135644,0.1138558,550,MgSbI3
0.7082925,0.2947876,1106,SrSnP3
0.6980014,0.0974293,816,CaSnI3
0.6934379,0.0965676,1103,SrSnI3
0.6931069,0.081151,815,CaSnBr3
0.6909031,0.1988005,1075,SrTlI3
0.6906689,0.1857293,1074,SrTlBr3
0.689752,0.1054869,529,MgSnI3
0.6820334,0.2030525,501,MgTlI3
0.6769001,0.2151508,1402,BaAsCl3
0.6750301,0.1936814,1435,BaTeP3
0.6597824,0.0969099,1389,BaSnBr3
0.6561711,0.1560861,508,MgSiI3
0.6551352,0.0861297,844,CaBiI3
0.6485892,0.173752,556,MgBiBr3
0.6317815,0.100997,1375,BaGeBr3
0.6314965,0.1115677,1418,BaBiI3
0.6286563,0.1179688,1329,BaCdS3
0.6266022,0.0807594,1131,SrBiI3
0.6211915,0.217333,1322,BaZnS3
0.6202594,0.2562551,1070,SrInS3
0.6198013,0.1931436,480,MgAlI3
0.6078486,0.281293,1409,BaSbCl3
0.6059151,0.197628,263,BeSbI3
0.5977836,0.0916176,1102,SrSnBr3
0.5895119,0.3008858,1388,BaSnCl3
0.5878217,0.0951012,1130,SrBiBr3
0.5804728,0.1154194,1395,BaPbCl3
0.5678718,0.1089091,1315,BaAuS3
0.5659306,0.1530074,1347,BaGaBr3
0.5659306,0.1530074,1382,BaGaBr3
0.5591233,0.0862094,1413,BaSbS3
0.5538994,0.1128243,557,MgBiI3
0.5505428,0.0998474,1417,BaBiBr3
0.5497505,0.1089516,1357,BaInS3
0.5411795,0.1781821,1421,BaBiP3
0.5389064,0.0945032,1364,BaTlS3
0.5383816,0.2052102,242,BeSnI3
0.5338487,0.2707605,1428,BaSeP3
0.5286011,0.2862298,270,BeBiI3
0.5246664,0.1087707,1397,BaPbI3
0.521913,0.0645395,1434,BaTeS3
0.5081212,0.3139742,249,BePbI3
0.5038355,0.1427076,1348,BaGaI3
0.5038355,0.1427076,1383,BaGaI3
0.4813444,0.1987033,1350,BaGaS3
0.4813444,0.1987033,1385,BaGaS3
0.4807735,0.0948999,1403,BaAsBr3
0.4708792,0.0953083,1392,BaSnS3
0.4696808,0.0858797,1399,BaPbS3
0.4682517,0.0799339,823,CaPbI3
0.4653578,0.1790161,1134,SrBiP3
0.4582906,0.1447126,487,MgGaI3
0.4582906,0.1447126,522,MgGaI3
0.4386153,0.0798378,1420,BaBiS3
0.4358503,0.073267,1110,SrPbI3
0.422549,0.1137417,536,MgPbI3
