LTC(300),LTC(800),Compound
271.8906265,37.32477,LiWF3
268.5665997,38.0640605,LiWO3
266.0336019,38.5440407,NaWF3
246.9319459,38.5714592,NaWO3
235.9220049,33.8024874,KWO3
207.6402798,41.7118505,KWF3
207.5179572,41.1446019,RbWF3
185.9021829,30.1789563,CsWF3
180.1370375,31.4750252,RbWO3
165.8907457,57.5509955,LiSiP3
165.4924147,25.9914148,CsWO3
101.5348654,20.1002138,RbHgF3
101.5222573,20.0970522,CsHgF3
101.4388103,20.0432322,KHgF3
95.9953725,20.2708904,KZrF3
95.9813489,24.626039,CsTeO3
95.5298864,21.9131192,KOsF3
95.3574856,21.9852401,KReF3
95.2415178,21.8324655,RbOsF3
95.1022466,24.4047598,CsSbO3
95.0916366,21.9305843,RbReF3
94.9022377,22.012939,KTaF3
94.8911515,21.5119706,CsOsF3
94.8577708,20.9227028,KTeF3
94.5553657,24.3836434,CsSnO3
94.3634015,20.0794962,KSbF3
94.1725216,19.8241721,RbSnF3
94.00843,21.5909983,RbTaF3
93.9367033,17.6890264,RbHgO3
93.9256137,20.4952132,RbTeF3
93.8908675,17.6952729,KHgO3
93.5668607,19.7354679,KSnF3
93.3782637,23.6960824,RbPbO3
93.3571715,23.3977102,RbBiO3
93.1779733,19.6849052,RbSbF3
93.1128169,24.2841432,CsPbO3
93.0498107,20.394521,CsTeF3
92.7015032,17.932349,CsGeF3
92.6835538,20.2667365,CsHgO3
92.5986842,23.985771,CsBiO3
92.5369751,19.0909701,RbSeF3
92.3637816,18.8297256,KSeF3
92.2994936,19.5390236,CsSbF3
91.9725026,17.9329359,RbInF3
91.8837243,18.6797301,CsSeF3
91.686549,19.2931361,CsSnF3
91.5579071,17.8436448,RbGeF3
91.4511893,18.916054,KBiF3
91.4278766,18.8674658,RbBiF3
91.4143713,18.908896,CsBiF3
91.3658295,17.8933021,KInF3
91.2922353,17.781568,KGeF3
91.0145117,22.3193443,CsTlO3
89.5024788,17.4043997,CsInF3
89.0289163,21.5638548,CsZrF3
88.5946653,19.0595027,KSbO3
88.5721834,16.7518412,CsPbF3
88.4574317,19.0827019,RbSbO3
88.2669033,16.7638321,KPbF3
88.2228568,19.1222525,KSnO3
88.2031959,16.8207847,CsTlF3
88.1531157,19.1482029,KTeO3
88.1270521,16.7103857,RbPbF3
88.1154685,16.8304187,KTlF3
88.0714469,19.1454517,RbSnO3
88.0421804,19.1599951,RbTeO3
88.0008744,16.8239463,RbTlF3
86.5710219,17.2325354,CsAsO3
86.3456487,17.2860541,CsGeO3
86.27265,17.2052116,RbAsO3
86.2073035,16.6702621,KOsO3
86.0793763,17.0915732,CsSeO3
86.0069782,17.200733,KAsO3
86.0028589,17.2587303,RbGeO3
85.8471844,17.0756564,RbSeO3
85.7371871,17.2787663,KGeO3
85.6673149,16.6978966,KReO3
85.6470615,16.1923579,RbOsO3
85.5815126,17.0597708,KSeO3
85.5369362,17.0172247,KInO3
85.3810066,17.0404239,RbInO3
85.3608791,17.8609037,CsTaF3
85.0567539,15.4304141,NaTeF3
84.6029995,18.1508287,LiReF3
84.5983917,18.1328051,LiOsF3
84.518091,17.7687061,KBiO3
84.3242101,20.928877,RbZrF3
84.0831163,18.0068576,CsReF3
83.7371156,14.5331206,NaSnF3
83.6637762,18.0054996,KPbO3
82.9243501,17.6947824,LiTaF3
82.1098783,18.3486202,NaReF3
81.9217729,20.2237449,KZrO3
81.6757756,18.5068057,NaTaF3
81.6453022,14.6649712,NaBiF3
81.0562395,15.8335641,KTlO3
80.9798798,15.8390225,RbTlO3
80.7694474,19.9476749,KHfO3
80.3909908,17.3864163,NaOsF3
80.2734847,19.2660804,CsInO3
79.987558,16.2749232,KHfF3
79.4561964,14.9078819,NaTeO3
79.1811249,14.9464314,NaSnO3
79.0947716,20.4495108,RbZrO3
78.1762828,12.6949462,RbAsF3
78.117735,20.1870834,RbHfO3
77.910611,12.6197618,KAsF3
77.8285452,13.626529,LiOsO3
77.6035894,12.4358448,CsAsF3
77.5641675,14.8464034,NaSbO3
77.3082466,13.6444653,LiReO3
77.2892657,16.0340046,CsPdF3
77.2769588,16.0181991,RbPdF3
77.2213739,19.4823501,KMoF3
77.2203174,19.5127525,RbMoF3
76.9094277,17.950233,CsHfF3
76.7044727,15.6599461,KPdF3
76.658748,13.7488334,CsOsO3
76.6444074,14.070395,KTaO3
76.107338,13.7667274,RbTaO3
75.8615932,17.3294164,RbHfF3
75.6125588,13.7535708,NaTaO3
75.2667482,14.1627866,CsReO3
74.619558,13.6353905,NaBiO3
74.5839894,13.9336016,RbReO3
74.4341583,15.4788343,LiMoF3
73.8710915,13.3497856,LiTaO3
73.770481,15.10018,CsPdO3
73.3091932,15.2331443,CsZnO3
73.2922904,14.9116798,KCdF3
73.2639635,15.0881581,CsZnF3
73.252249,15.0883327,RbCdF3
73.103987,13.6076347,NaOsO3
73.0263202,15.3798402,CsCdO3
72.4263703,13.6273878,NaReO3
72.1190724,14.7342964,RbZnF3
71.7615915,14.5148617,KZnF3
70.9364291,14.6810629,CsCdF3
70.0025789,12.9517124,KPdO3
69.6875832,13.1283653,RbPdO3
69.5016069,17.8219666,CsNbF3
68.9600043,14.8994626,KMoO3
68.5494317,9.3576792,NaSbF3
67.7408591,17.6022994,CsMoF3
67.6566568,14.4223782,CsNiF3
67.124696,14.4039646,CsCoF3
66.8584171,16.2109153,KRuF3
66.8470481,14.3191497,CsRhF3
66.8347412,14.2993301,RbRhF3
66.8037992,14.3604261,CsFeF3
66.7681065,14.2994425,RbCoF3
66.6981039,16.2266103,CsRuF3
66.685797,16.2067907,RbRuF3
66.6407938,14.3573438,CsCrF3
66.5397573,14.3217745,RbFeF3
66.4264832,11.4535892,LiMoO3
66.3839768,12.1241748,KCdO3
66.3767519,14.3186922,RbCrF3
66.1543418,12.3008277,RbCdO3
66.0855657,14.2451713,RbVF3
65.9941439,14.2106443,KVF3
65.9581088,14.3310865,KTcF3
65.8610525,11.7835288,RbSiO3
65.816214,14.2021265,RbNiF3
65.7988521,14.3601646,CsTcF3
65.7865452,14.3269619,RbTcF3
65.5667034,14.1785641,KRhF3
65.4913837,16.3082401,KNbF3
65.4903272,16.3386425,RbNbF3
65.458544,14.1999877,KNiF3
65.3663995,12.9083057,CsSiF3
65.3583494,14.1157036,KCoF3
65.2620783,12.0872031,RbZnO3
65.2513022,13.9064697,CsMnF3
65.2436028,15.747941,CsTiF3
65.0354835,12.0872031,KZnO3
65.0076776,14.1543064,KFeF3
64.9444127,14.2109846,RbTiF3
64.8529909,14.1764576,KTiF3
64.7738686,13.8678181,RbMnF3
64.7191012,14.1512241,KCrF3
64.6619754,11.3224705,CsSiO3
64.4386343,15.4817435,CsVF3
64.1666442,11.6652184,KSiO3
63.8966315,8.223522,NaPbF3
63.7932569,13.7147292,CsCuO3
63.7398747,12.7455157,RbSiF3
63.6479728,12.7271061,KSiF3
63.1371731,13.4837343,CsCuF3
62.9744842,13.70035,KMnF3
62.9600629,12.1204073,LiPdF3
62.7373882,13.4450827,RbCuF3
62.6782278,13.4284742,CsPtF3
62.5872042,15.4200146,CsIrF3
62.5868516,15.3973231,RbIrF3
62.5598033,13.4052012,RbPtF3
62.3979938,15.7946064,NaMoF3
62.2748819,15.9249823,NaNbF3
62.1876613,13.7539079,CsMnO3
62.1358923,13.6993431,CsFeO3
62.1203758,13.9277262,RbNbO3
62.0294733,7.3012368,NaTlF3
62.0113661,9.1995614,NaHgO3
61.9420189,13.5085162,KAgF3
61.9051418,13.5044789,RbAgF3
61.6550969,13.6325656,CsCrO3
61.6186576,14.6707349,LiIrF3
61.5847991,10.0432556,NaHgF3
61.575062,11.5523029,NaPdF3
61.5208696,13.4508952,CsNiO3
61.4225481,13.6924045,CsRhO3
61.3909423,13.3400006,CsPtO3
61.1917169,13.4835555,CsIrO3
61.1321372,15.3454471,KIrF3
61.1050889,13.3042548,KPtF3
61.0917729,13.6104965,RbTiO3
60.9744199,13.491589,CsCoO3
60.9390603,13.2775273,KCuF3
60.9316705,11.536473,CsGaF3
60.9316705,11.536473,CsGaF3
60.888089,14.1856097,LiSeS3
60.8179261,12.8759541,CsGaO3
60.8179261,12.8759541,CsGaO3
60.5866839,15.1334271,LiNbF3
60.5027194,7.9964851,NaSeO3
60.2885629,13.6628125,KNbO3
60.062148,13.3043655,RbVO3
60.0057668,8.0478167,NaPbO3
59.9280063,11.6950863,CsAlF3
59.8448427,13.1183265,CsAgF3
59.7204586,12.915233,CsAuO3
59.5867959,10.8497418,LiHgS3
59.5378915,11.7910828,RbNiO3
59.4627395,11.380493,RbGaF3
59.4627395,11.380493,RbGaF3
59.402838,13.5991636,RbRuO3
59.3730922,7.4228015,NaTlO3
59.304564,11.6443489,RbCoO3
59.2187861,11.6540023,KCoO3
59.1830732,13.3517595,CsVO3
59.1772463,11.8007362,KNiO3
59.1052602,11.3053086,KGaF3
59.1052602,11.3053086,KGaF3
59.0375463,12.6054287,CsAuF3
58.9338572,13.4298851,RbTcO3
58.9317299,12.5740633,RbAuF3
58.8502037,13.6170466,CsRuO3
58.8172301,11.6955287,RbFeO3
58.788888,13.5395959,RbMoO3
58.766557,13.4799997,CsAgO3
58.7314522,11.6933899,KFeO3
58.6193398,11.7064144,KRhO3
58.4992868,10.1559377,LiPdO3
58.3635917,13.5263293,CsTcO3
58.2982201,11.714082,RbRhO3
58.212761,11.7666224,KRuO3
58.206028,11.5348023,RbAlF3
58.1464653,11.2682351,LiZnF3
58.1401413,12.0331606,LiZnCl3
58.1146062,11.5206967,KAlF3
57.9536265,11.6605389,KTcO3
57.9204655,11.5459014,RbCrO3
57.8624031,11.5061981,KVO3
57.8336311,11.5296306,KCrO3
57.8266232,13.8289081,CsMoO3
57.6854013,11.9401871,NaNbO3
57.6235355,10.6495485,NaCdF3
57.5201823,12.521677,KAuF3
57.3605793,11.3005124,RbMnO3
57.2031556,14.1299337,NaIrF3
57.1106321,11.2983736,KMnO3
57.0536675,11.2597958,LiCoCl3
56.8246404,11.5204984,KTiO3
56.7075135,10.6778402,CsAlO3
56.6487527,12.7989094,LiAsS3
56.6396744,13.0195209,LiGeS3
56.2612964,11.3902891,LiCdCl3
56.2511862,13.6367763,LiAsP3
56.0933617,11.0630018,LiIrO3
56.0797425,10.6800054,KAlO3
55.9463775,10.6615694,RbAlO3
55.938456,11.781694,LiHgCl3
55.8653031,11.7438836,LiInS3
55.8008833,10.1561032,NaPdO3
55.7708907,10.5304674,LiCdF3
55.7590521,10.7628401,LiCdS3
55.6862718,11.793386,NaMoO3
55.5224783,10.7343041,LiNiCl3
55.4804788,11.5538568,LiNbO3
55.4583824,9.9628503,LiPdS3
55.3799764,9.9902407,LiHgF3
55.3735555,12.7498362,LiPdP3
55.2148795,11.3817502,LiSeCl3
55.1365686,10.2743034,LiHgP3
54.958364,10.9102936,RbCuO3
54.8732124,10.9384882,LiReCl3
54.6002139,10.9081548,KCuO3
54.5563002,10.8874984,RbIrO3
54.4668823,10.9563599,KIrO3
54.4049446,10.0088439,RbGaO3
54.4049446,10.0088439,RbGaO3
54.3686848,10.9086478,KAgO3
54.2847804,10.6447207,NaZnF3
54.2737272,10.5210742,LiOsCl3
54.1688447,10.9164027,RbAgO3
54.0316109,10.7439435,RbPtO3
54.0302591,10.812805,KPtO3
53.8603665,10.0043653,KGaO3
53.8603665,10.0043653,KGaO3
53.8476244,10.2686207,LiNiF3
53.7676363,10.3853219,LiZnS3
53.5307859,10.9168271,NaZrF3
53.5246907,10.2677194,LiCoF3
53.5066975,8.4420459,LiReP3
53.3115978,10.2553452,LiMnF3
53.216758,10.2235017,LiFeF3
53.1788558,10.2273258,LiCrF3
53.1424069,12.3977279,LiRuF3
53.123151,12.4206042,LiTcF3
52.9861706,10.3184235,LiRhF3
52.93376,9.6319248,LiAsCl3
52.8895157,13.0853826,LiPbP3
52.6621299,12.9341233,LiSiS3
52.6141494,9.7120494,LiSiCl3
52.3365102,10.1276866,LiVF3
52.0415471,8.6879091,NaZrO3
51.9068876,9.3691744,NaCdO3
51.9025247,12.5257556,NaRuF3
51.5726435,10.8097004,LiCdP3
51.4713649,9.3610334,LiGeCl3
51.4231071,11.0249609,LiWCl3
51.3583948,11.0560603,NaIrO3
51.3465292,9.44597,LiZnO3
51.2696246,10.554776,NaVF3
51.0112183,9.2645938,NaZnO3
50.998205,12.5359278,NaTcF3
50.9784225,9.2462501,LiGaCl3
50.9784225,9.2462501,LiGaCl3
50.5710571,9.9205964,KAuO3
50.5365623,10.4216074,LiPdCl3
50.5276792,8.5979442,LiCdO3
50.4918936,9.8498797,RbAuO3
50.3094987,9.7592996,NaRhF3
50.2967285,10.3693532,NaSiS3
50.1794432,7.5819482,NaInF3
50.1592667,10.5717103,NaTiF3
50.0093905,9.6532584,NaFeF3
49.8479221,10.1797162,LiZnP3
49.8396455,9.5383203,LiPtF3
49.8162318,11.201707,NaZnCl3
49.8006405,9.3609184,LiZrF3
49.7227565,9.8613547,LiPbS3
49.7208141,9.6836796,NaCrF3
49.5924118,12.1455304,NaHfF3
49.5572059,13.8560934,LiSbP3
49.4700658,10.9901334,NaSeCl3
49.418173,11.1412283,LiOsP3
49.3891742,9.3366145,LiCuF3
49.1790683,9.9556565,LiTiF3
49.0525255,8.7476207,LiMnO3
49.0409078,9.2528089,LiTlS3
48.9483643,8.5617877,NaSeF3
48.7163458,10.1891062,LiSeP3
48.5533924,8.7713033,LiRuO3
48.2542248,8.475414,LiCrO3
48.1893456,8.2607572,LiHgO3
48.1046798,8.7200945,LiRhO3
48.0242054,10.4880114,LiPtP3
48.0045445,9.7626635,NaNiF3
48.0044021,9.6752184,NaCoF3
47.9988173,8.0553129,LiInCl3
47.8305694,11.0529502,LiGaP3
47.8305694,11.0529502,LiGaP3
47.7489139,8.047782,NaHfO3
47.6499653,9.0596808,NaMnF3
47.5083968,8.4262854,LiVO3
47.34868,8.5958704,LiSiF3
47.3073614,8.710969,LiTcO3
47.2962925,8.6498475,LiCoO3
47.2309186,13.1624054,LiTeP3
47.2253633,8.680365,LiNiO3
46.8215445,8.7507567,NaSiF3
46.6582536,8.6622993,LiFeO3
46.4232066,8.9419924,LiOsS3
46.346361,10.2154314,LiGeP3
46.193792,10.5797798,LiHfF3
46.144453,9.3830758,LiAgF3
46.0310365,10.9079392,LiGaS3
46.0310365,10.9079392,LiGaS3
45.9310611,8.0857452,NaSiCl3
45.7405342,9.0879429,LiTiO3
45.7395135,10.2341319,LiTeS3
45.7244048,8.9694089,NaPtF3
45.7016721,8.7599027,LiAuF3
45.6946435,7.5952347,NaAsO3
45.624142,8.8428943,NaCuF3
45.5434399,9.6310527,LiSbS3
45.435761,8.3925632,NaAsCl3
45.3602735,11.0970333,LiSnS3
45.2321595,8.647693,LiCuS3
45.0928709,7.7743649,NaGeO3
45.0058147,7.1892738,NaInO3
45.0024308,10.7487999,LiIrP3
44.9260719,8.6280324,NaVO3
44.8678869,8.9480846,NaAgF3
44.8669853,8.3536271,LiFeS3
44.8145443,8.7329378,LiMnS3
44.7022774,8.3651475,NaGaCl3
44.7022774,8.3651475,NaGaCl3
44.5574322,9.3588326,LiReS3
44.4240673,7.1522287,LiTlCl3
44.370687,8.5028237,NaCoO3
44.3126807,9.1139665,LiAlP3
44.307184,8.5886223,LiAlCl3
44.2997578,8.5461488,NaNiO3
44.2721968,8.6527586,LiNiS3
44.145705,8.2909514,NaGeCl3
44.0004435,10.897762,LiRhP3
43.9882586,9.4990934,LiInP3
43.9426309,8.6561479,NaTiO3
43.8833531,8.5422986,NaFeO3
43.8540365,8.3257489,LiZrO3
43.8004494,11.093369,LiRuP3
43.7759924,8.5841128,NaRhO3
43.6964945,8.0591821,LiAlF3
43.5940633,8.6782882,LiIrS3
43.3649377,8.640028,NaRuO3
43.3442624,8.6494351,LiCoS3
43.258706,8.5276232,NaCrO3
43.1643134,8.0894722,NaAsF3
43.0455857,15.3799656,LiCuCl3
42.9902312,8.1709438,NaAuF3
42.9713817,8.523405,NaTcO3
42.9302212,7.6766052,LiAsF3
42.8855636,7.2272286,LiInF3
42.8628364,7.4649089,LiPbCl3
42.8030336,7.1099558,LiGaF3
42.8030336,7.1099558,LiGaF3
42.7937532,8.4129641,LiRhS3
42.742144,8.5976501,LiAuP3
42.6879967,7.7566154,NaSiO3
42.5841923,7.6889477,NaGeF3
42.5470799,7.8743629,LiCuO3
42.517082,8.0640925,LiSeF3
42.4556096,8.2538188,LiAuS3
42.2758846,15.6008167,LiAgCl3
42.2138863,7.367789,LiGeF3
42.1225619,7.3739002,NaGaF3
42.1225619,7.3739002,NaGaF3
42.1216958,8.1478638,NaMnO3
41.9537827,8.7879912,LiAgS3
41.7576209,9.4053204,NaAsS3
41.7221272,8.4735296,LiTeF3
41.6143595,8.5803302,LiTlP3
41.6076229,7.6040753,NaAlCl3
41.5748445,8.3213378,LiCrS3
41.543916,9.0661677,LiAgP3
41.4885842,7.2871144,LiBiF3
41.3847349,7.7241972,LiSbF3
41.361375,7.8583685,LiPtS3
41.2075586,7.0985556,LiPbF3
41.2030601,7.5206138,NaAlO3
41.0906568,8.5027587,CsReCl3
41.0650245,7.0390174,LiTlF3
41.0585434,9.6824782,LiBiS3
41.0114929,8.0408699,CsOsCl3
40.9815932,7.4936163,LiAlO3
40.9758339,7.2766959,LiSnF3
40.9513648,7.6135165,LiAgO3
40.9339318,7.593505,NaAlF3
40.5590052,7.8066832,LiNiP3
40.5573453,8.2877289,LiCuP3
40.5273147,15.3008342,LiAuCl3
40.2074012,7.4830131,LiSnCl3
40.1965275,7.8066832,LiCoP3
40.196039,7.7526843,LiFeP3
40.1010511,7.8247445,LiSiO3
40.0270937,8.4511859,LiRuS3
39.9439384,7.6603865,LiHfO3
39.8372601,8.169702,LiAlS3
39.6851356,7.7478891,NaCuO3
39.569867,8.5146371,RbReCl3
39.5515678,7.7490701,NaPtO3
39.5498628,8.6688336,LiMnCl3
39.5022216,8.0566406,RbOsCl3
39.4836648,8.58326,LiVS3
39.4834056,7.612942,LiPtO3
39.3779558,6.8426187,NaGaO3
39.3779558,6.8426187,NaGaO3
39.2177176,7.8259936,NaAgO3
39.1641826,8.4602691,LiFeCl3
39.0333112,7.6848537,LiOsI3
38.9224031,8.4749419,LiTcS3
38.8434422,10.2351238,LiRuCl3
38.8022829,6.4110712,LiInO3
38.7153776,7.7426443,LiSbCl3
38.6747574,8.3200588,LiTcCl3
38.636934,8.358436,LiRhCl3
38.5340553,7.9916238,LiMnP3
38.425978,8.424772,CsWCl3
38.3870451,10.2900436,LiIrCl3
38.3555094,7.1485294,LiAuO3
38.327564,7.3610065,NaAuO3
38.2755212,9.382607,LiSnP3
38.1632914,8.3502902,LiCrCl3
37.7545472,6.7287853,LiSnO3
37.7506283,6.5925946,LiSbO3
37.6760043,9.4288828,LiTeCl3
37.4061349,8.562427,LiSiBr3
37.4055581,8.9589266,NaNiCl3
37.3779797,8.2916186,LiPtCl3
37.0686529,5.7996009,LiBiO3
36.9226814,6.2712099,LiPbO3
36.8498286,6.8313735,LiAsO3
36.6798339,9.2969683,NaSiP3
36.6587329,6.1894282,LiGaO3
36.6587329,6.1894282,LiGaO3
36.6267874,6.9860174,LiGeO3
36.4872307,10.287449,LiMoCl3
36.4123145,8.1469918,LiVCl3
36.3296703,8.1757539,LiTiCl3
36.2829538,5.6803159,LiTlO3
35.9450052,6.4849401,LiSeO3
35.9113982,6.1694921,CsTaO3
35.6504778,7.8459152,CsTaCl3
35.4175908,6.8188368,LiBiCl3
35.4049155,8.6589928,KReCl3
35.3293499,8.1846391,KOsCl3
35.3165818,6.6334979,LiTeO3
35.1786498,8.2028615,LiTcP3
35.1478897,8.2425215,LiMoS3
34.9789524,7.8720915,RbOsBr3
34.9686606,8.2077087,KReBr3
34.9598972,7.8041693,KOsBr3
34.9518917,8.2955843,KWBr3
34.869429,8.0738878,NaReI3
34.8526601,8.1999132,NaWI3
34.8292662,8.2640391,RbReBr3
34.8270122,8.3266811,CsReBr3
34.8236241,7.9796471,LiReI3
34.8102433,8.390781,CsWBr3
34.7935943,7.935269,CsOsBr3
34.7875704,9.5360612,LiBiP3
34.786183,8.1455248,LiWI3
34.7171217,7.7116768,RbOsI3
34.7041393,7.9558511,KReI3
34.6900205,8.117203,KWI3
34.6369972,8.4360072,CsTaBr3
34.3837961,8.3403472,KTaBr3
34.3754083,8.1634495,LiTaI3
34.35803,7.5104904,LiCrP3
34.2277763,7.7872991,NaOsI3
34.1969397,8.4729596,RbWBr3
34.1865834,7.98909,CsReI3
34.1784927,7.7147145,CsOsI3
34.1695417,8.1668256,CsWI3
34.1096143,7.9891407,RbReI3
34.0928454,8.1672452,RbWI3
33.9191926,7.6692624,KOsI3
33.9103812,7.0092517,LiWS3
33.8166493,8.518242,RbTaBr3
33.8116099,6.6832648,NaOsS3
33.7535484,6.0435553,CsReS3
33.579719,8.1640522,NaTaI3
33.5696344,6.1749391,KReS3
33.5298201,5.5310666,CsOsS3
33.5244461,6.0306528,RbReS3
33.5214622,8.1230147,KTaI3
33.4186036,6.0283679,CsWS3
33.4148879,6.0160542,RbWS3
33.2977809,5.5312725,RbOsS3
33.2231996,6.1449923,KWS3
33.1511368,8.316506,NaCoCl3
33.1219476,8.7258754,KWCl3
33.0056503,8.4787782,RbWCl3
32.9046399,5.5226563,KOsS3
32.8756189,7.9194005,NaWCl3
32.5000156,7.4754095,NaWBr3
32.3815831,9.3930878,LiTaCl3
31.9779474,7.7973675,LiWBr3
31.8796731,7.5831236,NaTaBr3
31.8653695,7.384821,NaReBr3
31.8607617,7.2134169,NaOsBr3
31.3210412,7.2401809,LiOsBr3
31.1823014,9.8607696,LiNbCl3
30.9661191,8.2274838,NaReCl3
30.9303519,7.9691465,NaOsCl3
30.4183455,7.1513921,NaSeS3
30.3347714,7.4645023,LiReBr3
30.2615618,7.2770768,NaTaCl3
30.1923674,5.396777,CsOsP3
30.1868017,7.8343242,RbTaCl3
29.9372889,7.983841,KTaCl3
29.9226708,5.3842985,RbOsP3
29.8900424,5.4526196,KOsP3
29.5074969,5.6304572,RbWP3
29.4999185,5.4908026,NaWP3
29.4988098,13.4803729,LiAuBr3
29.4801932,5.7791861,KWP3
29.4747126,5.090861,NaOsP3
29.2382824,5.2524624,NaReP3
29.0677094,7.1510086,LiTaBr3
28.8547523,5.5031505,CsReP3
28.8442517,5.4006421,CsTaP3
28.7611363,5.5139396,CsWP3
28.5850557,5.490672,RbReP3
28.5514292,5.4629705,KReP3
28.5281563,5.5355272,KTaP3
28.3664307,5.0890208,NaTaP3
28.3036772,5.4001082,RbTaP3
27.8464544,4.8373027,NaReS3
27.8464233,4.8305078,NaWS3
27.6795299,5.4389409,KTaS3
27.5377344,5.0786584,LiWP3
27.4019039,4.8920613,NaTaS3
26.9253883,4.8357598,LiTaP3
26.6350532,4.953918,LiTaS3
26.572496,13.8570973,NaCuCl3
24.3231156,4.6056378,NaHgBr3
23.6895893,4.7422178,NaSeBr3
22.5175129,13.5578743,NaAuCl3
22.4501166,11.8211071,LiCuBr3
22.0536974,12.1304163,NaAgCl3
21.9418688,3.9187277,NaBiBr3
21.5915449,4.2231482,NaSbBr3
21.5539147,4.2535983,NaSnBr3
21.5215235,3.9596182,NaTlBr3
21.515367,3.9178115,NaPbBr3
21.0849701,5.6435061,CsNbO3
20.858685,8.3174234,RbAuCl3
20.8239004,8.3115993,CsAuCl3
20.664619,8.3869257,NaAsP3
19.409697,8.3129267,LiCuI3
18.9162633,6.4162115,LiMoP3
18.8147695,8.3181253,LiAuI3
18.5221085,3.4824582,CsIrCl3
18.3923169,3.4647532,CsPtCl3
18.1845141,3.490079,RbPtCl3
17.5104894,9.0969867,NaAuBr3
17.2075992,8.9536138,NaAgBr3
17.1666299,4.9709024,NaTeP3
17.022852,3.4981379,RbIrCl3
16.8514503,5.0387492,NaVCl3
16.8298784,8.6904745,KCuCl3
16.7657612,4.2755713,CsTiO3
16.638454,9.1812724,NaCuBr3
16.1586626,6.0604157,RbTaI3
16.0249809,3.0240638,LiIrI3
15.9274487,6.0858817,CsTaI3
15.8991614,8.5655063,KAgCl3
15.8962485,8.4354126,LiAgBr3
15.8932604,8.5584015,RbCuCl3
15.6913256,8.4964627,RbAgCl3
15.6906596,8.5046839,CsCuCl3
15.6727898,8.4832715,CsAgCl3
15.4894288,8.343503,KAuCl3
15.4860137,8.3821269,NaAgI3
15.4803365,8.3564436,NaAuI3
15.4767306,4.2622277,CsMoBr3
15.4202583,3.3823954,NaHgS3
15.4041582,3.8445138,LiHfP3
15.2809283,8.3343362,NaCuI3
15.2421466,8.3336937,LiAgI3
15.205264,4.8748399,CsHfO3
15.2046503,8.3150353,RbAuBr3
15.203895,8.3165988,KAuBr3
15.1874255,8.3087767,CsAuBr3
15.063864,8.3100948,RbCuI3
15.0629615,8.3120247,KCuI3
15.0620079,8.3171042,KAgI3
15.0589356,8.3152886,RbAuI3
15.0580331,8.3171802,KAuI3
14.9992755,7.0186033,NaHgCl3
14.7860888,4.8819785,CsZrO3
14.7171751,4.4615967,KVCl3
14.6858429,3.8007719,LiZrP3
14.6642914,8.3367244,KCuBr3
14.6067999,8.3100615,RbCuBr3
14.5998369,8.3100088,RbAgBr3
14.5992492,8.3170709,KAgBr3
14.5827353,8.3084471,CsCuBr3
14.556113,8.3084974,CsAgBr3
14.4472247,8.3100421,RbAgI3
14.4402962,8.3084398,CsCuI3
14.4268821,8.3121788,CsAuI3
14.3940244,8.3080607,CsAgI3
14.185822,4.1645856,KCrCl3
13.9145903,4.1894336,LiPtBr3
13.7118654,4.0823624,RbMoBr3
13.6878603,5.1303246,NaZnS3
13.2649154,3.8864699,CsCrCl3
13.261324,3.4505132,NaNiS3
13.181242,3.5697771,NaMoI3
13.177126,3.5915847,CsRuCl3
13.0938175,3.7249389,KMoBr3
13.0725847,3.5870565,CsRhCl3
13.0673721,3.8317851,CsTcCl3
13.0641264,3.82497,CsVCl3
12.9480144,3.6033372,RbRuCl3
12.8434731,3.6030508,RbRhCl3
12.7788937,4.0101968,RbNbBr3
12.7518169,5.3945928,KIrCl3
12.7158163,3.331656,KPtCl3
12.6955287,3.8431157,RbTcCl3
12.6222306,6.0614555,CsMoCl3
12.5996218,3.5887732,RbRhBr3
12.5533622,3.6604734,RbTcBr3
12.5278561,4.5940503,NaFeCl3
12.4994718,3.5598962,RbRuBr3
12.4638244,3.4262287,NaCoS3
12.4071725,3.6748032,KRhCl3
12.3824038,6.066826,RbMoCl3
12.3261485,3.9662322,RbCrCl3
12.2954889,3.3889631,CsTcI3
12.2673048,3.6983068,KRuCl3
12.2415053,3.9159351,RbVCl3
12.1734926,3.3342651,CsRuI3
12.1491562,3.2769596,RbIrBr3
12.0725865,3.0758245,NaCdS3
12.0588619,3.9331508,KTcCl3
12.0493512,3.1116323,NaIrI3
12.0475519,3.3150899,LiCrBr3
11.9819317,3.287991,CsMoI3
11.9794068,3.1677296,KIrBr3
11.9064862,3.3403711,CsIrBr3
11.8871579,2.9769066,RbIrI3
11.8745836,3.1179977,NaTcI3
11.8094466,3.2428149,KRhBr3
11.8021617,3.0171273,LiTcI3
11.7939584,2.9907472,LiMoI3
11.7573456,3.0857951,NaRuI3
11.7391221,3.3774781,KTcBr3
11.7148589,2.7350336,CsHfCl3
11.7139373,3.0160515,KIrI3
11.6835551,2.991993,KTcI3
11.6761717,2.9859137,KMoI3
11.6587524,3.2641695,KRuBr3
11.6213108,3.05609,LiHfI3
11.6111184,2.9631592,LiRuI3
11.5989514,3.0266785,NaHfI3
11.5936463,6.1452045,KMoCl3
11.5742337,3.3682119,CsRhBr3
11.5692447,3.5603713,CsNbI3
11.5655899,2.9567717,KRuI3
11.5363727,3.1283963,KHfI3
11.4848496,3.3620973,CsRuBr3
11.4792397,3.0629145,RbTcI3
11.4710364,3.0365344,RbMoI3
11.4539896,3.2504565,NaNbI3
11.360113,3.2569052,LiNbI3
11.3582575,3.4737293,CsTcBr3
11.3580573,3.1487796,CsIrI3
11.3513381,3.0273397,RbRuI3
11.3230874,2.98363,CsRuP3
11.318959,3.2202899,KNbI3
11.305474,3.4821111,KNbBr3
11.2785337,2.9412502,KRuP3
11.2456695,2.7186818,CsIrS3
11.1644621,3.1827663,RbHfI3
11.1580783,3.1267545,LiVBr3
11.109414,2.9511056,RbRuP3
11.0586457,3.3260185,RbNbI3
11.0136303,2.7198048,RbIrS3
10.960292,2.5770095,KIrS3
10.937378,3.6409135,CsNbBr3
10.9340984,3.3453853,CsHfI3
10.7544296,2.9188336,CsTcS3
10.7352618,2.8408759,KTcS3
10.6892775,2.8178759,NaAlS3
10.6453864,3.2133231,NaGeS3
10.5986131,4.3795697,LiSeBr3
10.5788884,2.7338815,CsRuS3
10.5693435,2.8918988,CsMoS3
10.5414087,2.6695813,KRuS3
10.5339909,2.9193671,RbTcS3
10.4901517,4.2449035,NaGeP3
10.4549399,3.1042213,NaAlP3
10.4255286,4.6728363,NaPtCl3
10.3593791,2.7311948,RbRuS3
10.3514109,2.8799509,RbMoS3
10.3010931,3.0754291,LiTiS3
10.2782241,2.9606709,NaMnCl3
10.1328036,3.0007227,KMoS3
10.0876841,4.1110807,LiZrCl3
9.6410105,3.0160141,CsTaS3
9.5982212,3.0024624,RbTaS3
9.5435546,2.4803658,NaPtP3
9.5011004,2.4979701,LiCoBr3
9.4987248,3.0482517,NaGaS3
9.4987248,3.0482517,NaGaS3
9.2741243,3.0036868,NaSeP3
9.1314358,2.68287,LiVP3
9.1143674,3.2729591,NaCrCl3
9.0759403,4.40694,NaMoBr3
8.9909844,2.5152622,LiNiBr3
8.9181893,2.4902052,LiFeBr3
8.741474,3.3493233,LiNbS3
8.7396463,2.7247878,NaCdCl3
8.6836947,2.3802141,LiHgBr3
8.3757799,2.7879368,LiHfCl3
8.3340027,3.6536719,KZrCl3
8.2481132,3.1644779,NaTeCl3
8.2327962,3.5481982,RbZrCl3
8.2303855,3.1083672,NaZrCl3
8.1996624,3.56435,CsZrCl3
8.188318,4.9157158,NaIrCl3
8.150243,2.4571232,KHfP3
8.0879909,2.1879888,NaHfP3
7.9055213,2.1201865,NaHfBr3
7.716524,3.0863393,NaPdCl3
7.646838,1.4793884,NaCuS3
7.625072,1.1641995,NaMnS3
7.6071338,2.5368149,NaMoP3
7.5778017,2.3607748,RbHfP3
7.5641408,2.3713346,CsHfP3
7.5178498,3.1107359,NaTcCl3
7.4627576,3.0801642,NaRuCl3
7.4030184,2.2220543,NaIrBr3
7.3668209,2.9136739,CsMoP3
7.3662212,3.056878,NaRhCl3
7.3164881,0.8000351,NaFeP3
7.2784436,3.4636727,CsNbCl3
7.266193,2.9573284,KMoP3
7.2108637,1.4693702,NaFeS3
7.0678162,2.3485744,NaNbBr3
7.0606644,2.9605533,RbMoP3
7.0450797,2.2992968,LiIrBr3
7.0313935,4.3025693,LiMoBr3
6.9210774,1.1105199,NaCoP3
6.876596,1.0905524,NaNiP3
6.8727576,0.8173354,NaCuP3
6.8703586,2.3440509,LiAsBr3
6.8624025,2.8302461,KHfCl3
6.8369975,4.622372,NaMoCl3
6.8212693,2.2770608,LiRhBr3
6.7784718,1.5162803,RbHgCl3
6.7277551,2.047244,NaRuBr3
6.7215701,1.266115,CsHgCl3
6.6903072,2.1266871,LiGeBr3
6.672364,2.1648264,NaTcBr3
6.6641381,1.9646963,NaHfCl3
6.6631986,2.4332528,NaCrBr3
6.5845267,2.2709673,LiRuBr3
6.5193497,2.3242317,LiTcBr3
6.4390373,1.0125671,KSiCl3
6.3907093,2.2688573,NaRhBr3
6.3849433,2.3572718,LiZnBr3
6.3545709,2.3107276,CsIrP3
6.2932491,1.7329017,NaZrP3
6.2729293,2.7228413,RbHfCl3
6.19917,2.3200829,NaVBr3
6.1526669,2.3310942,NaInCl3
6.1502939,1.6951474,NaRuP3
6.0899674,2.2413149,KIrP3
6.0801732,2.3108191,RbIrP3
6.0315346,0.7766329,LiZnI3
6.0227912,1.7477557,NaIrP3
5.9916818,3.9985274,NaNbCl3
5.9230815,4.764799,RbNbCl3
5.8604963,1.5265952,NaTcP3
5.7974323,0.8947166,LiCoI3
5.426545,0.9266432,LiTiI3
5.3822424,0.9046288,LiVI3
5.3585121,0.8926251,LiFeI3
5.3238325,1.5390686,NaZrBr3
5.294277,1.7522948,NaCoBr3
5.277779,0.8820213,LiCrI3
5.262791,0.8694577,LiMnI3
5.2544901,1.5626352,KZrP3
5.2291409,0.7626213,LiHgI3
5.2061403,2.3379057,CsHfBr3
5.1985282,1.2374697,NaTeS3
5.1766639,2.2602885,CsTcP3
5.1136041,2.1966825,KHfBr3
5.0808833,2.1913212,KTcP3
5.0753077,1.5511774,NaTiBr3
4.920998,1.2234335,NaSnCl3
4.8816198,4.7706791,KNbCl3
4.8742104,2.2548964,RbTcP3
4.6678237,1.2220223,NaSbCl3
4.6584793,1.6878018,LiHfBr3
4.6551007,1.8343871,NaMoS3
4.6106979,1.1058669,NaCrS3
4.4889647,1.880752,CsNbP3
4.477821,1.0828455,LiTiP3
4.4766189,1.2852407,KCoCl3
4.442395,1.2366654,NaPdS3
4.4213919,1.8137805,LiNbBr3
4.3886059,2.3442278,RbHfBr3
4.3809492,1.9671501,KHfS3
4.3805494,1.3811809,NaNbP3
4.3692137,1.1128217,LiZrS3
4.3143689,1.7481033,NaFeBr3
4.2724035,1.155046,LiNbP3
4.2439001,1.8731323,KNbP3
4.2333836,1.6332003,LiZrBr3
4.215505,1.3508697,KSeCl3
4.2056083,1.7370001,NaMnBr3
4.1978169,1.4044057,NaIrS3
4.1944029,1.6660568,NaCdBr3
4.1843646,1.8739946,RbNbP3
4.1830156,0.900516,NaSnS3
4.1160904,0.8750092,LiPtI3
4.0902254,0.9102275,NaSbS3
4.0870279,1.3912173,NaTiCl3
4.0847417,1.8888483,CsHfS3
4.0772917,1.2713165,LiHfS3
4.0757064,1.2107086,NaRhS3
4.062622,0.9897009,NaZnP3
4.0583206,1.8887033,RbHfS3
4.0375101,1.6417575,KGeP3
4.0347261,0.9223751,LiNiI3
4.0316756,0.7255984,NaInS3
4.0286008,1.6496405,NaPtBr3
4.0019669,1.3455013,KAsP3
3.995553,1.5644504,KHgCl3
3.981755,1.8613572,CsNbS3
3.9738355,1.0013264,NaGaP3
3.9738355,1.0013264,NaGaP3
3.9552766,1.5992268,NaTeBr3
3.9136146,1.8445709,RbNbS3
3.9096598,1.5666973,KSeS3
3.8195763,0.7902889,NaRhP3
3.8106516,1.6169259,RbGeP3
3.7857035,0.6477115,NaVP3
3.776825,0.6859299,NaTiP3
3.761187,1.7820125,NaNiBr3
3.7393666,1.3173874,RbZrP3
3.654377,1.6696306,NaZnBr3
3.6533563,1.6669653,NaPdBr3
3.6377649,0.5485887,NaSbP3
3.6362976,0.5337143,NaSnP3
3.6316775,1.3160996,CsZrP3
3.6232254,0.5502237,NaInP3
3.611004,1.2418533,NaHfS3
3.608964,1.1548071,RbCoCl3
3.6039662,1.8504791,KNbS3
3.5968105,0.9027834,LiAlBr3
3.5893357,0.531024,NaCdP3
3.563235,0.5589528,NaAgP3
3.5602803,0.5906106,NaPdP3
3.4765447,0.6749073,NaCrP3
3.4765447,0.6799231,NaMnP3
3.4737574,1.104249,NaTcS3
3.4193698,1.2706778,KNiCl3
3.4030419,1.2592148,KFeCl3
3.3351093,0.9903351,NaRuS3
3.3303164,1.183544,KZnCl3
3.2902913,1.1338957,NaNbS3
3.2521343,1.2753661,RbTiCl3
3.1866803,1.2560527,RbFeCl3
3.1817347,1.2661951,KTiCl3
3.1569352,1.3394622,RbMnCl3
3.1467392,1.3394622,KMnCl3
3.0792307,0.6029655,KSiP3
3.0577437,0.4830302,NaAgS3
3.0516518,0.6783167,KRhP3
3.020049,0.5887694,CsSiP3
2.9840388,0.5542041,CsAlP3
2.9744917,0.3728274,KGaS3
2.9744917,0.3728274,KGaS3
2.9216766,0.5948125,RbSiP3
2.9188828,0.5369815,KSiS3
2.9188601,0.5156756,KAlCl3
2.9045664,0.4311922,KGeCl3
2.9041131,1.3572334,KInCl3
2.877759,0.5797011,KAlP3
2.8758229,0.4722087,KGaP3
2.8758229,0.4722087,KGaP3
2.8669885,0.4623247,KCuP3
2.8567985,0.5999177,NaVS3
2.8513393,0.5875116,KMnP3
2.849181,0.4247212,KGeS3
2.8435586,0.5075861,KPdP3
2.8431216,0.9153454,NaAuS3
2.8421261,0.5225949,RbSiS3
2.830645,0.5403063,KNiP3
2.828968,0.462023,KAgP3
2.8273553,0.4689348,KZnP3
2.8266993,0.4636067,KInP3
2.8064957,0.5634654,RbAlP3
2.7997408,0.5884101,NaTiS3
2.7990447,0.6047749,KTiP3
2.7931897,0.5363092,KFeP3
2.792275,0.4640228,KCdP3
2.7781485,0.5018549,KAlS3
2.7712665,0.5603611,KCoP3
2.7706411,0.5050314,RbSiCl3
2.7693231,0.5853885,KVP3
2.7643547,1.1457007,CsCoCl3
2.7474843,0.5875116,RbMnP3
2.7457328,0.6032774,RbCrP3
2.7455119,1.1149368,RbAsP3
2.7344761,0.4616315,KSnP3
2.7149564,0.4885427,RbAlS3
2.713297,0.5862313,NaZrS3
2.7103522,0.6032774,KCrP3
2.7074702,0.4669062,RbGaP3
2.7074702,0.4669062,RbGaP3
2.7001024,0.4623247,RbCuP3
2.6852582,0.6989221,LiGaBr3
2.6852582,0.6989221,LiGaBr3
2.6604692,0.4636323,RbZnP3
2.6525719,0.4329272,KGaCl3
2.6525719,0.4329272,KGaCl3
2.638264,0.5350038,RbNiP3
2.6341767,0.5095292,RbAlCl3
2.6069256,0.4131583,KAsCl3
2.6063942,1.1523291,CsTiCl3
2.5998235,0.5363647,RbFeP3
2.5779003,0.5551141,RbCoP3
2.5747533,0.4463255,KSeP3
2.5455976,0.3950801,KAgS3
2.5319529,0.4064953,KPdS3
2.5201146,0.4440744,KAsS3
2.514607,0.5201024,KTiS3
2.5135601,0.9983532,NaPtS3
2.5131397,0.5632069,KVS3
2.5123629,1.2043995,CsMnCl3
2.5121428,0.8987535,LiPdBr3
2.5011854,1.0658912,KPdCl3
2.4923702,0.9120341,KCoBr3
2.4923073,1.1330552,RbNiCl3
2.4920755,0.363156,KZnS3
2.4675144,1.2997478,RbSeS3
2.4623112,0.5522319,KCrS3
2.4584082,0.4975016,KRhS3
2.4496381,0.5631788,RbVS3
2.4435243,0.5273898,KMnS3
2.4295482,0.9735531,LiTiBr3
2.4141939,0.6151546,NaBiCl3
2.4087715,0.9681658,LiMnBr3
2.4007589,1.0872234,KCdCl3
2.4000496,0.8968618,RbCoBr3
2.3870306,0.8954551,CsCoBr3
2.3844304,0.5522319,RbCrS3
2.3715131,0.4824795,KNiS3
2.3698338,0.3945161,KCuS3
2.3351872,0.5273898,RbMnS3
2.3299109,0.9247753,LiCdBr3
2.3242225,1.119069,CsFeCl3
2.3205328,0.6205979,KZrS3
2.3171426,1.0089627,CsPdCl3
2.3108547,1.0221293,RbPdCl3
2.2898265,0.4566835,KFeS3
2.2836457,0.4909121,KCoS3
2.281338,0.3879753,RbCuS3
2.2779237,0.8970337,RbCoI3
2.2716738,0.924669,NaCoI3
2.2632556,1.1238253,CsNiCl3
2.2535662,0.4701957,RbNiS3
2.2441719,0.6428204,NaTlCl3
2.216952,1.0237706,RbZnCl3
2.2035928,0.6047749,RbTiP3
2.1868031,0.4566835,RbFeS3
2.1832264,0.8915594,KCoI3
2.1682829,0.5853885,RbVP3
2.162295,0.4786283,RbCoS3
2.1588424,0.9247061,NaTiI3
2.1538554,0.4282891,NaHgP3
2.1440089,0.8955864,CsCoI3
2.120533,0.8450376,NaPdI3
2.1172571,1.0407619,CsSeCl3
2.0664345,0.9247395,NaZrI3
2.0517938,1.073265,NaSiBr3
2.0484785,1.0763563,NaAlBr3
2.0228985,0.9814391,NaAsBr3
2.0012723,0.9092841,NaPtI3
1.9919596,0.8059192,NaHgI3
1.9888132,1.0588476,RbCdCl3
1.9861318,0.9668146,NaRhI3
1.9855408,0.977728,CsZnCl3
1.9782384,1.1350808,CsGeP3
1.9544573,0.9348875,NaVI3
1.9443305,1.0329996,CsCdCl3
1.9382373,0.8261552,NaCdI3
1.9348315,0.8212159,NaZnI3
1.920734,0.9867451,NaGeBr3
1.9187028,0.929573,KZrI3
1.9179634,0.9347009,LiZrI3
1.9141708,0.5047349,NaAuP3
1.9052138,1.1516624,NaGaBr3
1.9052138,1.1516624,NaGaBr3
1.9029166,0.801085,LiPdI3
1.8957368,0.6416568,NaPbCl3
1.8791355,0.9031651,KTiI3
1.8791355,0.9029162,KVI3
1.874593,0.8460112,CsAsP3
1.8720115,0.9125945,NaCrI3
1.8715434,0.8718285,RbPtBr3
1.8707897,0.8739463,KPtBr3
1.8660424,0.8849399,RbCrI3
1.8636639,0.8513917,KHgBr3
1.8578046,0.8654002,CsPtBr3
1.8577875,0.9081176,RbTiI3
1.8577875,0.9078687,RbVI3
1.8570235,0.8919945,NaMnI3
1.8510544,0.8728602,RbMnI3
1.8378089,0.8949623,RbFeI3
1.8266078,1.0281163,NaTlS3
1.8212351,0.9225775,NaFeI3
1.81991,0.8666156,LiTeBr3
1.8087156,1.0458779,RbSeCl3
1.7753818,0.8281435,RbHgBr3
1.7738492,0.8800682,KCrI3
1.7734936,0.5214301,RbTiS3
1.7597344,0.9439016,NaNiI3
1.7588612,0.8673876,KMnI3
1.7503035,0.8207922,CsHgBr3
1.7502333,1.0201147,LiPbBr3
1.743745,0.8898432,KFeI3
1.7371697,0.9196602,RbNiI3
1.7318142,0.9213058,KNiI3
1.729549,1.0481022,NaInBr3
1.7212861,0.3140883,CsAlCl3
1.7168458,0.8722895,RbPtI3
1.7126209,0.8740641,KPtI3
1.7088306,1.2862416,RbInCl3
1.690654,0.7262521,NaSeI3
1.6821277,0.8923623,LiRhI3
1.6819601,0.8955756,KRhI3
1.676309,0.2889638,CsSiCl3
1.6730112,0.781398,KCdI3
1.6720123,0.7754791,LiCdI3
1.6707446,0.7844955,KPdI3
1.6440743,1.0124708,CsInCl3
1.6360238,1.0057707,RbTeCl3
1.622328,0.8998622,KHgS3
1.6062916,0.7676681,KHgI3
1.6007438,0.3126288,CsSiS3
1.5852307,0.9705179,KTlS3
1.5815222,0.9774631,CsTeCl3
1.5716946,0.8408791,NaTeI3
1.5590831,0.915864,KVBr3
1.5584104,0.9158939,KTiBr3
1.5568866,0.7962645,LiTeI3
1.5497215,0.9487693,KZrBr3
1.5230113,0.9913422,CsSeS3
1.518012,0.9069912,RbVBr3
1.5173393,0.9070211,RbTiBr3
1.5078864,0.922818,RbZrBr3
1.4844723,0.2510217,NaTlP3
1.4760799,0.9026834,CsTiBr3
1.4760799,0.9026535,CsVBr3
1.4678358,0.8992936,KCrBr3
1.4644731,0.6763448,RbTlS3
1.4572726,0.8992936,KMnBr3
1.4549388,0.7522788,RbZnI3
1.4548663,0.7028152,KPbBr3
1.4548562,0.7537526,KZnI3
1.4514701,0.679015,CsTlS3
1.4475832,0.7587513,RbHgI3
1.445184,0.8587211,RbHgS3
1.4424873,0.6080476,CsHgS3
1.4422591,0.9223435,CsZrBr3
1.4418949,0.6005106,RbPbBr3
1.4365302,0.9091421,KFeBr3
1.4257994,0.5981818,CsPbBr3
1.4179202,0.5437009,RbRhP3
1.4148697,0.2792246,CsAlS3
1.4109893,0.6667277,KSeI3
1.4064072,0.6771729,LiSeI3
1.3972482,0.2482397,NaPbP3
1.3911997,0.884329,RbCrBr3
1.3830521,0.2753975,NaBiP3
1.3815005,0.884329,RbMnBr3
1.3776695,0.8825456,CsCrBr3
1.3680108,0.8825456,CsMnBr3
1.3607581,0.8941775,RbFeBr3
1.3508481,0.908479,RbZrI3
1.3491396,0.4526412,CsTiP3
1.3472274,0.8925631,CsFeBr3
1.3367604,0.9417805,KNiBr3
1.329313,0.1470061,RbGeS3
1.3149051,0.2598503,KSbP3
1.3058407,0.2480842,KTeP3
1.3029666,0.4771578,CsVP3
1.2967047,0.5309276,CsRhP3
1.2893874,0.9064976,CsZrI3
1.2851362,0.1656481,RbGeCl3
1.2769694,0.1795406,KInS3
1.2725526,0.9196269,RbNiBr3
1.2717656,0.2084393,RbGaCl3
1.2717656,0.2084393,RbGaCl3
1.2595336,0.9180125,CsNiBr3
1.2587964,0.1570988,KTeS3
1.254354,0.2286498,RbSeP3
1.2427064,0.1452439,RbAsCl3
1.2325871,0.4564775,CsCrP3
1.2218896,0.9067401,CsVI3
1.2177191,0.7774001,RbPdBr3
1.2170109,0.7844622,KPdBr3
1.2155675,0.9068785,CsTiI3
1.2133094,0.3752596,RbZrS3
1.1976856,0.4488737,CsMnP3
1.1963451,0.1362488,LiBiBr3
1.1829317,0.1690779,NaBiS3
1.1795072,0.1448711,KCdS3
1.1778089,0.1451239,RbZnS3
1.171997,0.7754607,CsPdBr3
1.1683131,0.1441258,KSbCl3
1.1679391,0.1539374,KSnCl3
1.1666879,0.1556447,RbAsS3
1.1618321,0.8956252,RbRhI3
1.148372,0.1510621,RbGaS3
1.148372,0.1510621,RbGaS3
1.1324742,0.1626602,KSbS3
1.117718,0.8835797,CsCrI3
1.1170306,0.1454923,KSnS3
1.1069759,0.4054103,CsVS3
1.102674,0.8710161,CsMnI3
1.1007681,0.8721882,CsPtI3
1.0918955,0.8940229,CsRhI3
1.0884307,0.8934949,CsFeI3
1.0866633,0.3771469,KPtP3
1.0847893,0.3712913,CsZrS3
1.0792157,0.3674905,CsTiS3
1.0560019,0.7774334,RbPdI3
1.0310737,0.3903217,CsFeP3
1.0247658,0.0702911,NaBiI3
1.0231756,1.0163742,KTeCl3
1.008312,0.7757784,CsPdI3
1.0006361,0.9180052,CsNiI3
1.0000554,0.7591549,KZnBr3
0.9971303,0.3714478,CsNiP3
0.995677,0.3915581,CsCoP3
0.9844656,0.387881,CsCrS3
0.9757416,0.7521736,RbZnBr3
0.9682894,0.7524988,RbCdBr3
0.9679964,0.7594801,KCdBr3
0.9538432,0.3647238,RbPtP3
0.9538156,0.7986879,KSeBr3
0.9519525,0.7497924,CsZnBr3
0.9511053,0.805837,KTeBr3
0.9505449,0.749303,CsCdBr3
0.9360691,0.3556351,CsPtP3
0.9334169,0.2550475,RbPdP3
0.9322805,0.2437729,CsPdP3
0.9079824,0.0856276,LiBiI3
0.8971706,0.3920014,CsMnS3
0.8930081,0.0868778,KBiI3
0.8625483,0.2107237,RbAgP3
0.8622844,0.2032628,CsCuP3
0.8558909,0.1994491,CsAgP3
0.8541178,0.7698856,RbSeBr3
0.8440527,0.7770902,RbTeBr3
0.8438443,0.7526512,RbCdI3
0.8353783,0.3346503,RbRhS3
0.8308558,0.7672247,CsSeBr3
0.8284802,0.7738558,CsTeBr3
0.8262804,0.2040448,CsGaP3
0.8262804,0.2040448,CsGaP3
0.825779,0.7553761,CsHgI3
0.8233829,0.749857,CsZnI3
0.8041228,0.7970337,KTeI3
0.7995254,0.7497398,CsCdI3
0.7740736,0.1723181,KAuP3
0.7584022,0.1566069,KTlCl3
0.7258653,0.2049722,RbCdP3
0.7243063,0.3183373,CsFeS3
0.7197397,0.2064709,CsCdP3
0.7187724,0.1804515,KHgP3
0.7101222,0.1474565,LiSbBr3
0.7033488,0.1943808,CsZnP3
0.7008986,0.3231299,CsCoS3
0.6996357,0.3242259,CsRhS3
0.6964797,0.2004722,RbInP3
0.6878401,0.3021037,CsNiS3
0.6836991,0.2004722,CsInP3
0.6835367,0.637117,RbSeI3
0.6622719,0.6342901,CsSeI3
0.6455553,0.253801,NaAlI3
0.6455059,0.1084411,RbInS3
0.6412535,0.1574939,RbAuP3
0.6403694,0.1967052,RbSnP3
0.6279343,0.163992,NaPbS3
0.6234794,0.149026,CsAuP3
0.6222918,0.1308551,KTlBr3
0.6145827,0.1069283,CsInS3
0.6142829,0.1850169,CsSnP3
0.6052532,0.139665,NaAsI3
0.6029065,0.2056028,LiInBr3
0.5874654,0.2266288,NaSiI3
0.579792,0.1655103,RbHgP3
0.5791785,0.1804308,NaInI3
0.5787125,0.197634,LiTlBr3
0.5773921,0.1742125,KTlP3
0.5756103,0.131201,RbPdS3
0.5713854,0.1673813,CsHgP3
0.5696323,0.1704698,KPbP3
0.5603482,0.181193,NaGaI3
0.5603482,0.181193,NaGaI3
0.5559873,0.1523403,LiSiI3
0.5552381,0.122303,CsPdS3
0.5548332,0.1947558,RbTeP3
0.5542939,0.2044087,RbSbP3
0.5533974,0.1309141,NaSbI3
0.5475121,0.723114,RbTeI3
0.5457312,0.7231461,CsTeI3
0.5323251,0.1581683,RbTlP3
0.531843,0.1966085,CsSbP3
0.5316925,0.1135064,RbAgS3
0.5289495,0.1049199,CsCuS3
0.5250236,0.1843699,CsTeP3
0.5245773,0.1011502,RbInI3
0.5243117,0.1544369,RbPbP3
0.5239856,0.1533999,LiSnBr3
0.5218073,0.1047014,CsAgS3
0.5191912,0.1493544,CsTlP3
0.5115601,0.145623,CsPbP3
0.5039823,0.1014636,RbGaBr3
0.5039823,0.1014636,RbGaBr3
0.5039603,0.1014749,KGaBr3
0.5039603,0.1014749,KGaBr3
0.4988946,0.0984726,CsInI3
0.4928519,0.0988981,CsGaBr3
0.4928519,0.0988981,CsGaBr3
0.4691761,0.1424058,KSiBr3
0.4689655,0.1150009,CsGeCl3
0.4687485,0.1977051,KBiP3
0.4569813,0.1754961,KPtS3
0.4560996,0.1790054,LiAlI3
0.4469516,0.1514746,KSiI3
0.4433201,0.1593911,CsGaCl3
0.4433201,0.1593911,CsGaCl3
0.4388033,0.1537892,NaGeI3
0.4341886,0.1241446,RbSiI3
0.4259603,0.1153936,NaSnI3
0.4234157,0.1548809,NaTlI3
0.418801,0.1525798,CsAlBr3
0.4185945,0.1243732,RbSiBr3
0.4178295,0.1820952,RbBiP3
0.4145591,0.1366285,LiSbI3
0.4143126,0.0979767,CsGeS3
0.4135476,0.1225005,KInI3
0.4104168,0.1239272,CsSiI3
0.4064836,0.1732437,CsBiP3
0.4047576,0.1241519,CsSiBr3
0.4039521,0.1693673,KAlBr3
0.4000093,0.1508665,RbPtS3
0.399998,0.0960673,CsAsCl3
0.3987886,0.1240033,LiGaI3
0.3987886,0.1240033,LiGaI3
0.3965633,0.1307749,LiInI3
0.3888882,0.1226877,KGaI3
0.3888882,0.1226877,KGaI3
0.385134,0.146085,CsPtS3
0.3841749,0.1040056,NaPbI3
0.3809578,0.0999663,CsAsS3
0.3802114,0.1754129,CsSeP3
0.3801191,0.1569443,KAlI3
0.3799936,0.1541948,RbAlI3
0.3724184,0.0980624,KPbS3
0.364256,0.0807131,LiGeI3
0.3628076,0.1535092,RbAlBr3
0.3601964,0.0556081,KAsBr3
0.3574337,0.0540245,LiAsI3
0.3555908,0.0707221,KGeI3
0.3548221,0.1534845,CsAlI3
0.3533938,0.0958906,RbCdS3
0.352891,0.0820172,KAuS3
0.3495258,0.1232277,KSnI3
0.3476749,0.0712151,KGeBr3
0.3391575,0.1222233,LiSnI3
0.3376721,0.0551476,KAsI3
0.3375824,0.0942717,RbSbCl3
0.3368386,0.0632039,KBiBr3
0.3308603,0.1049569,RbSnCl3
0.3298901,0.0957708,CsCdS3
0.3262197,0.1015603,CsGaS3
0.3262197,0.1015603,CsGaS3
0.3257067,0.0657193,CsSbCl3
0.3207224,0.0847229,CsZnS3
0.3181193,0.0966028,RbSnS3
0.3137099,0.0997817,RbSbS3
0.3045439,0.1223181,KInBr3
0.2958621,0.0557773,RbAuS3
0.295768,0.0942203,RbTeS3
0.289211,0.1220311,CsTlCl3
0.2889413,0.0438941,RbGeI3
0.2862041,0.115526,RbTlCl3
0.2820788,0.096721,CsSnS3
0.2809011,0.1155835,KTlI3
0.2800089,0.0449136,RbGeBr3
0.2780553,0.1190727,LiTlI3
0.2707682,0.0507019,CsAuS3
0.2706221,0.0448852,CsGeBr3
0.2697609,0.1017082,RbTlI3
0.2661285,0.04186,CsGeI3
0.2638228,0.0639041,KSbI3
0.261139,0.0870735,KPbCl3
0.2578043,0.1018543,CsTlI3
0.2513573,0.1092738,RbTlBr3
0.2446025,0.0737168,CsSnCl3
0.2438902,0.0337063,RbAsBr3
0.240375,0.1082422,CsTlBr3
0.2399149,0.0809108,KBiS3
0.2386292,0.101345,RbGaI3
0.2386292,0.101345,RbGaI3
0.2374825,0.0569249,KSbBr3
0.2361066,0.1009678,RbInBr3
0.2338574,0.079748,CsSbS3
0.2275248,0.0985051,CsGaI3
0.2275248,0.0985051,CsGaI3
0.2246579,0.0979387,CsInBr3
0.2216719,0.0330868,RbAsI3
0.2210726,0.0689751,KBiCl3
0.2177118,0.0657542,KSnBr3
0.2049816,0.0629832,RbPbCl3
0.2037284,0.030288,CsAsI3
0.1966047,0.0505032,RbPbI3
0.1951165,0.0633527,CsTeS3
0.192743,0.0671151,CsPbCl3
0.1893998,0.0316701,CsAsBr3
0.1888834,0.0686653,KPbI3
0.1884185,0.0508418,CsPbI3
0.1857974,0.0533423,RbPbS3
0.1798821,0.0675515,LiPbI3
0.1788846,0.0585057,CsPbS3
0.1756809,0.0597962,CsBiS3
0.1734027,0.0534509,RbBiS3
0.1649557,0.0495995,RbBiCl3
0.1592025,0.0463478,RbSnBr3
0.1555148,0.0430899,RbSnI3
0.1541343,0.0446756,CsBiCl3
0.1492787,0.0392706,RbBiI3
0.1475674,0.0333277,RbSbI3
0.1423561,0.0431134,CsSnBr3
0.1362723,0.0412989,RbBiBr3
0.1341815,0.0384301,CsBiI3
0.1328202,0.0408998,CsSnI3
0.1311452,0.0306791,CsSbI3
0.127112,0.0351594,RbSbBr3
0.1209008,0.040662,CsBiBr3
0.1156038,0.031925,CsSbBr3
